row_id,state,region,year,week,cases,cases_lag1,cases_lag2,cases_lag4,cases_last4,cases_last8,active_weeks_last8,future_cases_4,week_sin,week_cos,activity_next_4w
1,ALABAMA,South,2022,9,0,0,0,0,0,0,0,0,0.883730762405837,0.467995661921774,no
2,ALABAMA,South,2022,10,0,0,0,0,0,0,0,0,0.933550754601395,0.358445237913918,no
3,ALABAMA,South,2022,11,0,0,0,0,0,0,0,0,0.969849825925805,0.243703334305638,no
4,ALABAMA,South,2022,12,0,0,0,0,0,0,0,0,0.992102245058455,0.125431795610095,no
5,ALABAMA,South,2022,13,0,0,0,0,0,0,0,0,0.999985722936002,0.00534358719969101,no
6,ALABAMA,South,2022,14,0,0,0,0,0,0,0,0,0.99338608057027,-0.1148220141316,no
7,ALABAMA,South,2022,15,0,0,0,0,0,0,0,0,0.972398902739873,-0.233324610682822,no
8,ALABAMA,South,2022,16,0,0,0,0,0,0,0,0,0.937328153604613,-0.348447890595089,no
9,ALABAMA,South,2022,17,0,0,0,0,0,0,0,0,0.888681774293145,-0.458524485757508,no
10,ALABAMA,South,2022,18,0,0,0,0,0,0,0,0,0.827164326225506,-0.561960120844802,no
11,ALABAMA,South,2022,19,0,0,0,0,0,0,0,0,0.75366678671966,-0.657256703728203,no
12,ALABAMA,South,2022,20,0,0,0,0,0,0,0,0,0.66925364467563,-0.743034022833669,no
13,ALABAMA,South,2022,21,0,0,0,0,0,0,0,0,0.575147483234652,-0.818049737197468,no
14,ALABAMA,South,2022,22,0,0,0,0,0,0,0,0,0.472711272707723,-0.881217369696629,no
15,ALABAMA,South,2022,23,0,0,0,0,0,0,0,0,0.363428630230867,-0.93162204285242,no
16,ALABAMA,South,2022,24,0,0,0,0,0,0,0,0,0.248882332052978,-0.968533729300055,no
17,ALABAMA,South,2022,25,0,0,0,0,0,0,0,0,0.130731389669801,-0.991417825013754,no
18,ALABAMA,South,2022,26,0,0,0,0,0,0,0,0,0.0106870218179092,-0.999942892151679,no
19,ALABAMA,South,2022,27,0,0,0,0,0,0,0,0,-0.109512129665869,-0.99398545937858,no
20,ALABAMA,South,2022,28,0,0,0,0,0,0,0,0,-0.228125181162749,-0.973631810141525,no
21,ALABAMA,South,2022,29,0,0,0,0,0,0,0,0,-0.343434221058743,-0.939176732998521,no
22,ALABAMA,South,2022,30,0,0,0,0,0,0,0,0,-0.453769190820369,-0.891119252099419,no
23,ALABAMA,South,2022,31,0,0,0,0,0,0,0,0,-0.557532072998533,-0.830155399655967,no
24,ALABAMA,South,2022,32,0,0,0,0,0,0,0,0,-0.653220035837834,-0.757168135079666,no
25,ALABAMA,South,2022,33,0,0,0,0,0,0,0,0,-0.739447199280337,-0.673214556791863,no
26,ALABAMA,South,2022,34,0,0,0,0,0,0,0,0,-0.814964707119669,-0.579510591921625,no
27,ALABAMA,South,2022,35,0,0,0,0,0,0,0,0,-0.878678814593855,-0.477413385635487,no
28,ALABAMA,South,2022,36,0,0,0,0,0,0,0,0,-0.929666729448389,-0.368401645160191,no
29,ALABAMA,South,2022,37,0,0,0,0,0,0,0,0,-0.96718997703823,-0.254054223182352,no
30,ALABAMA,South,2022,38,0,0,0,0,0,0,0,1,-0.990705095897581,-0.136027250808674,yes
31,ALABAMA,South,2022,39,0,0,0,0,0,0,0,1,-0.999871508870024,-0.0160301512775393,yes
32,ALABAMA,South,2022,40,0,0,0,0,0,0,0,1,-0.994556455798857,0.104199118176771,yes
33,ALABAMA,South,2022,41,0,0,0,0,0,0,0,1,-0.97483691633585,0.222919237727053,yes
34,ALABAMA,South,2022,42,1,0,0,0,0,0,0,0,-0.940998495019784,0.338410745057692,no
35,ALABAMA,South,2022,43,0,1,0,0,1,1,1,0,-0.893531284772509,0.449000938899674,no
36,ALABAMA,South,2022,44,0,0,1,0,1,1,1,0,-0.833122768722891,0.553088105310089,no
37,ALABAMA,South,2022,45,0,0,0,0,1,1,1,0,-0.760647863163829,0.649164715818952,no
38,ALABAMA,South,2022,46,0,0,0,1,1,1,1,0,-0.677156245853474,0.735839261457031,no
39,ALABAMA,South,2022,47,0,0,0,0,0,1,1,0,-0.583857153188981,0.811856406435312,no
40,ALABAMA,South,2022,48,0,0,0,0,0,1,1,0,-0.48210186644033,0.876115169583743,no
41,ALABAMA,South,2022,49,0,0,0,0,0,1,1,0,-0.373364140701786,0.927684870221573,no
42,ALABAMA,South,2022,50,0,0,0,0,0,1,1,0,-0.25921886001492,0.965818607510005,no
43,ALABAMA,South,2022,51,0,0,0,0,0,0,0,0,-0.141319227808016,0.989964078061293,no
44,ALABAMA,South,2022,52,0,0,0,0,0,0,0,0,-0.0213728230101764,0.999771575129327,no
45,ALABAMA,South,2023,1,0,0,0,0,0,0,0,0,0.120128619954843,0.992758336488667,no
46,ALABAMA,South,2023,2,0,0,0,0,0,0,0,0,0.238517377822098,0.97113822933549,no
47,ALABAMA,South,2023,3,0,0,0,0,0,0,0,0,0.353451610505767,0.935452809622634,no
48,ALABAMA,South,2023,4,0,0,0,0,0,0,0,0,0.463266687927793,0.886218920953741,no
49,ALABAMA,South,2023,5,0,0,0,0,0,0,0,0,0.566372122409852,0.824149633839001,no
50,ALABAMA,South,2023,6,0,0,0,0,0,0,0,0,0.661274604226529,0.750143918061759,no
51,ALABAMA,South,2023,7,0,0,0,0,0,0,0,0,0.746599629698408,0.665273622605165,no
52,ALABAMA,South,2023,8,0,0,0,0,0,0,0,0,0.821111408578364,0.570767951712827,no
53,ALABAMA,South,2023,9,0,0,0,0,0,0,0,0,0.883730762405837,0.467995661921774,no
54,ALABAMA,South,2023,10,0,0,0,0,0,0,0,0,0.933550754601395,0.358445237913918,no
55,ALABAMA,South,2023,11,0,0,0,0,0,0,0,0,0.969849825925805,0.243703334305638,no
56,ALABAMA,South,2023,12,0,0,0,0,0,0,0,0,0.992102245058455,0.125431795610095,no
57,ALABAMA,South,2023,13,0,0,0,0,0,0,0,0,0.999985722936002,0.00534358719969101,no
58,ALABAMA,South,2023,14,0,0,0,0,0,0,0,0,0.99338608057027,-0.1148220141316,no
59,ALABAMA,South,2023,15,0,0,0,0,0,0,0,0,0.972398902739873,-0.233324610682822,no
60,ALABAMA,South,2023,16,0,0,0,0,0,0,0,0,0.937328153604613,-0.348447890595089,no
61,ALABAMA,South,2023,17,0,0,0,0,0,0,0,0,0.888681774293145,-0.458524485757508,no
62,ALABAMA,South,2023,18,0,0,0,0,0,0,0,0,0.827164326225506,-0.561960120844802,no
63,ALABAMA,South,2023,19,0,0,0,0,0,0,0,0,0.75366678671966,-0.657256703728203,no
64,ALABAMA,South,2023,20,0,0,0,0,0,0,0,0,0.66925364467563,-0.743034022833669,no
65,ALABAMA,South,2023,21,0,0,0,0,0,0,0,0,0.575147483234652,-0.818049737197468,no
66,ALABAMA,South,2023,22,0,0,0,0,0,0,0,0,0.472711272707723,-0.881217369696629,no
67,ALABAMA,South,2023,23,0,0,0,0,0,0,0,0,0.363428630230867,-0.93162204285242,no
68,ALABAMA,South,2023,24,0,0,0,0,0,0,0,0,0.248882332052978,-0.968533729300055,no
69,ALABAMA,South,2023,25,0,0,0,0,0,0,0,0,0.130731389669801,-0.991417825013754,no
70,ALABAMA,South,2023,26,0,0,0,0,0,0,0,0,0.0106870218179092,-0.999942892151679,no
71,ALABAMA,South,2023,27,0,0,0,0,0,0,0,0,-0.109512129665869,-0.99398545937858,no
72,ALABAMA,South,2023,28,0,0,0,0,0,0,0,0,-0.228125181162749,-0.973631810141525,no
73,ALABAMA,South,2023,29,0,0,0,0,0,0,0,0,-0.343434221058743,-0.939176732998521,no
74,ALABAMA,South,2023,30,0,0,0,0,0,0,0,0,-0.453769190820369,-0.891119252099419,no
75,ALABAMA,South,2023,31,0,0,0,0,0,0,0,1,-0.557532072998533,-0.830155399655967,yes
76,ALABAMA,South,2023,32,0,0,0,0,0,0,0,2,-0.653220035837834,-0.757168135079666,yes
77,ALABAMA,South,2023,33,0,0,0,0,0,0,0,3,-0.739447199280337,-0.673214556791863,yes
78,ALABAMA,South,2023,34,0,0,0,0,0,0,0,3,-0.814964707119669,-0.579510591921625,yes
79,ALABAMA,South,2023,35,1,0,0,0,0,0,0,2,-0.878678814593855,-0.477413385635487,yes
80,ALABAMA,South,2023,36,1,1,0,0,1,1,1,2,-0.929666729448389,-0.368401645160191,yes
81,ALABAMA,South,2023,37,1,1,1,0,2,2,2,1,-0.96718997703823,-0.254054223182352,yes
82,ALABAMA,South,2023,38,0,1,1,0,3,3,3,2,-0.990705095897581,-0.136027250808674,yes
83,ALABAMA,South,2023,39,0,0,1,1,3,3,3,2,-0.999871508870024,-0.0160301512775393,yes
84,ALABAMA,South,2023,40,1,0,0,1,2,3,3,1,-0.994556455798857,0.104199118176771,yes
85,ALABAMA,South,2023,41,0,1,0,1,2,4,4,1,-0.97483691633585,0.222919237727053,yes
86,ALABAMA,South,2023,42,1,0,1,0,1,4,4,0,-0.940998495019784,0.338410745057692,no
87,ALABAMA,South,2023,43,0,1,0,0,2,5,5,0,-0.893531284772509,0.449000938899674,no
88,ALABAMA,South,2023,44,0,0,1,1,2,4,4,0,-0.833122768722891,0.553088105310089,no
89,ALABAMA,South,2023,45,0,0,0,0,1,3,3,1,-0.760647863163829,0.649164715818952,yes
90,ALABAMA,South,2023,46,0,0,0,1,1,2,2,1,-0.677156245853474,0.735839261457031,yes
91,ALABAMA,South,2023,47,0,0,0,0,0,2,2,1,-0.583857153188981,0.811856406435312,yes
92,ALABAMA,South,2023,48,0,0,0,0,0,2,2,1,-0.48210186644033,0.876115169583743,yes
93,ALABAMA,South,2023,49,1,0,0,0,0,1,1,0,-0.373364140701786,0.927684870221573,no
94,ALABAMA,South,2023,50,0,1,0,0,1,2,2,0,-0.25921886001492,0.965818607510005,no
95,ALABAMA,South,2023,51,0,0,1,0,1,1,1,0,-0.141319227808016,0.989964078061293,no
96,ALABAMA,South,2023,52,0,0,0,0,1,1,1,0,-0.0213728230101764,0.999771575129327,no
97,ALABAMA,South,2024,1,0,0,0,1,1,1,1,0,0.120128619954843,0.992758336488667,no
98,ALABAMA,South,2024,2,0,0,0,0,0,1,1,0,0.238517377822098,0.97113822933549,no
99,ALABAMA,South,2024,3,0,0,0,0,0,1,1,0,0.353451610505767,0.935452809622634,no
100,ALABAMA,South,2024,4,0,0,0,0,0,1,1,0,0.463266687927793,0.886218920953741,no
101,ALABAMA,South,2024,5,0,0,0,0,0,1,1,0,0.566372122409852,0.824149633839001,no
102,ALABAMA,South,2024,6,0,0,0,0,0,0,0,0,0.661274604226529,0.750143918061759,no
103,ALABAMA,South,2024,7,0,0,0,0,0,0,0,0,0.746599629698408,0.665273622605165,no
104,ALABAMA,South,2024,8,0,0,0,0,0,0,0,0,0.821111408578364,0.570767951712827,no
105,ALABAMA,South,2024,9,0,0,0,0,0,0,0,0,0.883730762405837,0.467995661921774,no
106,ALABAMA,South,2024,10,0,0,0,0,0,0,0,0,0.933550754601395,0.358445237913918,no
107,ALABAMA,South,2024,11,0,0,0,0,0,0,0,0,0.969849825925805,0.243703334305638,no
108,ALABAMA,South,2024,12,0,0,0,0,0,0,0,0,0.992102245058455,0.125431795610095,no
109,ALABAMA,South,2024,13,0,0,0,0,0,0,0,0,0.999985722936002,0.00534358719969101,no
110,ALABAMA,South,2024,14,0,0,0,0,0,0,0,0,0.99338608057027,-0.1148220141316,no
111,ALABAMA,South,2024,15,0,0,0,0,0,0,0,0,0.972398902739873,-0.233324610682822,no
112,ALABAMA,South,2024,16,0,0,0,0,0,0,0,0,0.937328153604613,-0.348447890595089,no
113,ALABAMA,South,2024,17,0,0,0,0,0,0,0,0,0.888681774293145,-0.458524485757508,no
114,ALABAMA,South,2024,18,0,0,0,0,0,0,0,0,0.827164326225506,-0.561960120844802,no
115,ALABAMA,South,2024,19,0,0,0,0,0,0,0,0,0.75366678671966,-0.657256703728203,no
116,ALABAMA,South,2024,20,0,0,0,0,0,0,0,0,0.66925364467563,-0.743034022833669,no
117,ALABAMA,South,2024,21,0,0,0,0,0,0,0,0,0.575147483234652,-0.818049737197468,no
118,ALABAMA,South,2024,22,0,0,0,0,0,0,0,0,0.472711272707723,-0.881217369696629,no
119,ALABAMA,South,2024,23,0,0,0,0,0,0,0,0,0.363428630230867,-0.93162204285242,no
120,ALABAMA,South,2024,24,0,0,0,0,0,0,0,0,0.248882332052978,-0.968533729300055,no
121,ALABAMA,South,2024,25,0,0,0,0,0,0,0,0,0.130731389669801,-0.991417825013754,no
122,ALABAMA,South,2024,26,0,0,0,0,0,0,0,0,0.0106870218179092,-0.999942892151679,no
123,ALABAMA,South,2024,27,0,0,0,0,0,0,0,0,-0.109512129665869,-0.99398545937858,no
124,ALABAMA,South,2024,28,0,0,0,0,0,0,0,0,-0.228125181162749,-0.973631810141525,no
125,ALABAMA,South,2024,29,0,0,0,0,0,0,0,0,-0.343434221058743,-0.939176732998521,no
126,ALABAMA,South,2024,30,0,0,0,0,0,0,0,0,-0.453769190820369,-0.891119252099419,no
127,ALABAMA,South,2024,31,0,0,0,0,0,0,0,0,-0.557532072998533,-0.830155399655967,no
128,ALABAMA,South,2024,32,0,0,0,0,0,0,0,5,-0.653220035837834,-0.757168135079666,yes
129,ALABAMA,South,2024,33,0,0,0,0,0,0,0,6,-0.739447199280337,-0.673214556791863,yes
130,ALABAMA,South,2024,34,0,0,0,0,0,0,0,6,-0.814964707119669,-0.579510591921625,yes
131,ALABAMA,South,2024,35,0,0,0,0,0,0,0,6,-0.878678814593855,-0.477413385635487,yes
132,ALABAMA,South,2024,36,5,0,0,0,0,0,0,1,-0.929666729448389,-0.368401645160191,yes
133,ALABAMA,South,2024,37,1,5,0,0,5,5,1,1,-0.96718997703823,-0.254054223182352,yes
134,ALABAMA,South,2024,38,0,1,5,0,6,6,2,3,-0.990705095897581,-0.136027250808674,yes
135,ALABAMA,South,2024,39,0,0,1,0,6,6,2,4,-0.999871508870024,-0.0160301512775393,yes
136,ALABAMA,South,2024,40,0,0,0,5,6,6,2,4,-0.994556455798857,0.104199118176771,yes
137,ALABAMA,South,2024,41,1,0,0,1,1,6,2,3,-0.97483691633585,0.222919237727053,yes
138,ALABAMA,South,2024,42,2,1,0,0,1,7,3,1,-0.940998495019784,0.338410745057692,yes
139,ALABAMA,South,2024,43,1,2,1,0,3,9,4,0,-0.893531284772509,0.449000938899674,no
140,ALABAMA,South,2024,44,0,1,2,0,4,10,5,0,-0.833122768722891,0.553088105310089,no
141,ALABAMA,South,2024,45,0,0,1,1,4,5,4,0,-0.760647863163829,0.649164715818952,no
142,ALABAMA,South,2024,46,0,0,0,2,3,4,3,0,-0.677156245853474,0.735839261457031,no
143,ALABAMA,South,2024,47,0,0,0,1,1,4,3,0,-0.583857153188981,0.811856406435312,no
144,ALABAMA,South,2024,48,0,0,0,0,0,4,3,0,-0.48210186644033,0.876115169583743,no
145,ALABAMA,South,2024,49,0,0,0,0,0,4,3,0,-0.373364140701786,0.927684870221573,no
146,ALABAMA,South,2024,50,0,0,0,0,0,3,2,0,-0.25921886001492,0.965818607510005,no
147,ALABAMA,South,2024,51,0,0,0,0,0,1,1,0,-0.141319227808016,0.989964078061293,no
148,ALABAMA,South,2024,52,0,0,0,0,0,0,0,0,-0.0213728230101764,0.999771575129327,no
149,ALABAMA,South,2025,1,0,0,0,0,0,0,0,0,0.120128619954843,0.992758336488667,no
150,ALABAMA,South,2025,2,0,0,0,0,0,0,0,0,0.238517377822098,0.97113822933549,no
151,ALABAMA,South,2025,3,0,0,0,0,0,0,0,0,0.353451610505767,0.935452809622634,no
152,ALABAMA,South,2025,4,0,0,0,0,0,0,0,0,0.463266687927793,0.886218920953741,no
153,ALABAMA,South,2025,5,0,0,0,0,0,0,0,0,0.566372122409852,0.824149633839001,no
154,ALABAMA,South,2025,6,0,0,0,0,0,0,0,0,0.661274604226529,0.750143918061759,no
155,ALABAMA,South,2025,7,0,0,0,0,0,0,0,0,0.746599629698408,0.665273622605165,no
156,ALABAMA,South,2025,8,0,0,0,0,0,0,0,0,0.821111408578364,0.570767951712827,no
157,ALABAMA,South,2025,9,0,0,0,0,0,0,0,0,0.883730762405837,0.467995661921774,no
158,ALABAMA,South,2025,10,0,0,0,0,0,0,0,0,0.933550754601395,0.358445237913918,no
159,ALABAMA,South,2025,11,0,0,0,0,0,0,0,0,0.969849825925805,0.243703334305638,no
160,ALABAMA,South,2025,12,0,0,0,0,0,0,0,0,0.992102245058455,0.125431795610095,no
161,ALABAMA,South,2025,13,0,0,0,0,0,0,0,0,0.999985722936002,0.00534358719969101,no
162,ALABAMA,South,2025,14,0,0,0,0,0,0,0,1,0.99338608057027,-0.1148220141316,yes
163,ALABAMA,South,2025,15,0,0,0,0,0,0,0,1,0.972398902739873,-0.233324610682822,yes
164,ALABAMA,South,2025,16,0,0,0,0,0,0,0,1,0.937328153604613,-0.348447890595089,yes
165,ALABAMA,South,2025,17,0,0,0,0,0,0,0,1,0.888681774293145,-0.458524485757508,yes
166,ALABAMA,South,2025,18,1,0,0,0,0,0,0,0,0.827164326225506,-0.561960120844802,no
167,ALABAMA,South,2025,19,0,1,0,0,1,1,1,0,0.75366678671966,-0.657256703728203,no
168,ALABAMA,South,2025,20,0,0,1,0,1,1,1,0,0.66925364467563,-0.743034022833669,no
169,ALABAMA,South,2025,21,0,0,0,0,1,1,1,0,0.575147483234652,-0.818049737197468,no
170,ALABAMA,South,2025,22,0,0,0,1,1,1,1,0,0.472711272707723,-0.881217369696629,no
171,ALABAMA,South,2025,23,0,0,0,0,0,1,1,0,0.363428630230867,-0.93162204285242,no
172,ALABAMA,South,2025,24,0,0,0,0,0,1,1,0,0.248882332052978,-0.968533729300055,no
173,ALABAMA,South,2025,25,0,0,0,0,0,1,1,0,0.130731389669801,-0.991417825013754,no
174,ALABAMA,South,2025,26,0,0,0,0,0,1,1,0,0.0106870218179092,-0.999942892151679,no
175,ALABAMA,South,2025,27,0,0,0,0,0,0,0,0,-0.109512129665869,-0.99398545937858,no
176,ALABAMA,South,2025,28,0,0,0,0,0,0,0,2,-0.228125181162749,-0.973631810141525,yes
177,ALABAMA,South,2025,29,0,0,0,0,0,0,0,3,-0.343434221058743,-0.939176732998521,yes
178,ALABAMA,South,2025,30,0,0,0,0,0,0,0,3,-0.453769190820369,-0.891119252099419,yes
179,ALABAMA,South,2025,31,0,0,0,0,0,0,0,3,-0.557532072998533,-0.830155399655967,yes
180,ALABAMA,South,2025,32,2,0,0,0,0,0,0,1,-0.653220035837834,-0.757168135079666,yes
181,ALABAMA,South,2025,33,1,2,0,0,2,2,1,0,-0.739447199280337,-0.673214556791863,no
182,ALABAMA,South,2025,34,0,1,2,0,3,3,2,0,-0.814964707119669,-0.579510591921625,no
183,ALABAMA,South,2025,35,0,0,1,0,3,3,2,0,-0.878678814593855,-0.477413385635487,no
184,ALABAMA,South,2025,36,0,0,0,2,3,3,2,0,-0.929666729448389,-0.368401645160191,no
185,ALABAMA,South,2025,37,0,0,0,1,1,3,2,0,-0.96718997703823,-0.254054223182352,no
186,ALABAMA,South,2025,38,0,0,0,0,0,3,2,0,-0.990705095897581,-0.136027250808674,no
187,ALABAMA,South,2025,39,0,0,0,0,0,3,2,0,-0.999871508870024,-0.0160301512775393,no
188,ALABAMA,South,2025,40,0,0,0,0,0,3,2,0,-0.994556455798857,0.104199118176771,no
189,ALABAMA,South,2025,41,0,0,0,0,0,1,1,0,-0.97483691633585,0.222919237727053,no
190,ALABAMA,South,2025,42,0,0,0,0,0,0,0,0,-0.940998495019784,0.338410745057692,no
191,ALABAMA,South,2025,43,0,0,0,0,0,0,0,0,-0.893531284772509,0.449000938899674,no
192,ALABAMA,South,2025,44,0,0,0,0,0,0,0,0,-0.833122768722891,0.553088105310089,no
193,ALABAMA,South,2025,45,0,0,0,0,0,0,0,0,-0.760647863163829,0.649164715818952,no
194,ALABAMA,South,2025,46,0,0,0,0,0,0,0,0,-0.677156245853474,0.735839261457031,no
195,ALABAMA,South,2025,47,0,0,0,0,0,0,0,0,-0.583857153188981,0.811856406435312,no
196,ALABAMA,South,2025,48,0,0,0,0,0,0,0,0,-0.48210186644033,0.876115169583743,no
197,ALABAMA,South,2025,49,0,0,0,0,0,0,0,0,-0.373364140701786,0.927684870221573,no
198,ALABAMA,South,2025,50,0,0,0,0,0,0,0,0,-0.25921886001492,0.965818607510005,no
199,ALABAMA,South,2025,51,0,0,0,0,0,0,0,0,-0.141319227808016,0.989964078061293,no
200,ALABAMA,South,2025,52,0,0,0,0,0,0,0,0,-0.0213728230101764,0.999771575129327,no
201,ALABAMA,South,2025,53,0,0,0,0,0,0,0,0,0.0988831313727152,0.995099053526797,no
202,ALASKA,West,2022,9,0,0,0,0,0,0,0,0,0.883730762405837,0.467995661921774,no
203,ALASKA,West,2022,10,0,0,0,0,0,0,0,0,0.933550754601395,0.358445237913918,no
204,ALASKA,West,2022,11,0,0,0,0,0,0,0,0,0.969849825925805,0.243703334305638,no
205,ALASKA,West,2022,12,0,0,0,0,0,0,0,0,0.992102245058455,0.125431795610095,no
206,ALASKA,West,2022,13,0,0,0,0,0,0,0,0,0.999985722936002,0.00534358719969101,no
207,ALASKA,West,2022,14,0,0,0,0,0,0,0,0,0.99338608057027,-0.1148220141316,no
208,ALASKA,West,2022,15,0,0,0,0,0,0,0,0,0.972398902739873,-0.233324610682822,no
209,ALASKA,West,2022,16,0,0,0,0,0,0,0,0,0.937328153604613,-0.348447890595089,no
210,ALASKA,West,2022,17,0,0,0,0,0,0,0,0,0.888681774293145,-0.458524485757508,no
211,ALASKA,West,2022,18,0,0,0,0,0,0,0,0,0.827164326225506,-0.561960120844802,no
212,ALASKA,West,2022,19,0,0,0,0,0,0,0,0,0.75366678671966,-0.657256703728203,no
213,ALASKA,West,2022,20,0,0,0,0,0,0,0,0,0.66925364467563,-0.743034022833669,no
214,ALASKA,West,2022,21,0,0,0,0,0,0,0,0,0.575147483234652,-0.818049737197468,no
215,ALASKA,West,2022,22,0,0,0,0,0,0,0,0,0.472711272707723,-0.881217369696629,no
216,ALASKA,West,2022,23,0,0,0,0,0,0,0,0,0.363428630230867,-0.93162204285242,no
217,ALASKA,West,2022,24,0,0,0,0,0,0,0,0,0.248882332052978,-0.968533729300055,no
218,ALASKA,West,2022,25,0,0,0,0,0,0,0,0,0.130731389669801,-0.991417825013754,no
219,ALASKA,West,2022,26,0,0,0,0,0,0,0,0,0.0106870218179092,-0.999942892151679,no
220,ALASKA,West,2022,27,0,0,0,0,0,0,0,0,-0.109512129665869,-0.99398545937858,no
221,ALASKA,West,2022,28,0,0,0,0,0,0,0,0,-0.228125181162749,-0.973631810141525,no
222,ALASKA,West,2022,29,0,0,0,0,0,0,0,0,-0.343434221058743,-0.939176732998521,no
223,ALASKA,West,2022,30,0,0,0,0,0,0,0,0,-0.453769190820369,-0.891119252099419,no
224,ALASKA,West,2022,31,0,0,0,0,0,0,0,0,-0.557532072998533,-0.830155399655967,no
225,ALASKA,West,2022,32,0,0,0,0,0,0,0,0,-0.653220035837834,-0.757168135079666,no
226,ALASKA,West,2022,33,0,0,0,0,0,0,0,0,-0.739447199280337,-0.673214556791863,no
227,ALASKA,West,2022,34,0,0,0,0,0,0,0,0,-0.814964707119669,-0.579510591921625,no
228,ALASKA,West,2022,35,0,0,0,0,0,0,0,0,-0.878678814593855,-0.477413385635487,no
229,ALASKA,West,2022,36,0,0,0,0,0,0,0,0,-0.929666729448389,-0.368401645160191,no
230,ALASKA,West,2022,37,0,0,0,0,0,0,0,0,-0.96718997703823,-0.254054223182352,no
231,ALASKA,West,2022,38,0,0,0,0,0,0,0,0,-0.990705095897581,-0.136027250808674,no
232,ALASKA,West,2022,39,0,0,0,0,0,0,0,0,-0.999871508870024,-0.0160301512775393,no
233,ALASKA,West,2022,40,0,0,0,0,0,0,0,0,-0.994556455798857,0.104199118176771,no
234,ALASKA,West,2022,41,0,0,0,0,0,0,0,0,-0.97483691633585,0.222919237727053,no
235,ALASKA,West,2022,42,0,0,0,0,0,0,0,0,-0.940998495019784,0.338410745057692,no
236,ALASKA,West,2022,43,0,0,0,0,0,0,0,0,-0.893531284772509,0.449000938899674,no
237,ALASKA,West,2022,44,0,0,0,0,0,0,0,0,-0.833122768722891,0.553088105310089,no
238,ALASKA,West,2022,45,0,0,0,0,0,0,0,0,-0.760647863163829,0.649164715818952,no
239,ALASKA,West,2022,46,0,0,0,0,0,0,0,0,-0.677156245853474,0.735839261457031,no
240,ALASKA,West,2022,47,0,0,0,0,0,0,0,0,-0.583857153188981,0.811856406435312,no
241,ALASKA,West,2022,48,0,0,0,0,0,0,0,0,-0.48210186644033,0.876115169583743,no
242,ALASKA,West,2022,49,0,0,0,0,0,0,0,0,-0.373364140701786,0.927684870221573,no
243,ALASKA,West,2022,50,0,0,0,0,0,0,0,0,-0.25921886001492,0.965818607510005,no
244,ALASKA,West,2022,51,0,0,0,0,0,0,0,0,-0.141319227808016,0.989964078061293,no
245,ALASKA,West,2022,52,0,0,0,0,0,0,0,0,-0.0213728230101764,0.999771575129327,no
246,ALASKA,West,2023,1,0,0,0,0,0,0,0,0,0.120128619954843,0.992758336488667,no
247,ALASKA,West,2023,2,0,0,0,0,0,0,0,0,0.238517377822098,0.97113822933549,no
248,ALASKA,West,2023,3,0,0,0,0,0,0,0,0,0.353451610505767,0.935452809622634,no
249,ALASKA,West,2023,4,0,0,0,0,0,0,0,0,0.463266687927793,0.886218920953741,no
250,ALASKA,West,2023,5,0,0,0,0,0,0,0,0,0.566372122409852,0.824149633839001,no
251,ALASKA,West,2023,6,0,0,0,0,0,0,0,0,0.661274604226529,0.750143918061759,no
252,ALASKA,West,2023,7,0,0,0,0,0,0,0,0,0.746599629698408,0.665273622605165,no
253,ALASKA,West,2023,8,0,0,0,0,0,0,0,0,0.821111408578364,0.570767951712827,no
254,ALASKA,West,2023,9,0,0,0,0,0,0,0,0,0.883730762405837,0.467995661921774,no
255,ALASKA,West,2023,10,0,0,0,0,0,0,0,0,0.933550754601395,0.358445237913918,no
256,ALASKA,West,2023,11,0,0,0,0,0,0,0,0,0.969849825925805,0.243703334305638,no
257,ALASKA,West,2023,12,0,0,0,0,0,0,0,0,0.992102245058455,0.125431795610095,no
258,ALASKA,West,2023,13,0,0,0,0,0,0,0,0,0.999985722936002,0.00534358719969101,no
259,ALASKA,West,2023,14,0,0,0,0,0,0,0,0,0.99338608057027,-0.1148220141316,no
260,ALASKA,West,2023,15,0,0,0,0,0,0,0,0,0.972398902739873,-0.233324610682822,no
261,ALASKA,West,2023,16,0,0,0,0,0,0,0,0,0.937328153604613,-0.348447890595089,no
262,ALASKA,West,2023,17,0,0,0,0,0,0,0,0,0.888681774293145,-0.458524485757508,no
263,ALASKA,West,2023,18,0,0,0,0,0,0,0,0,0.827164326225506,-0.561960120844802,no
264,ALASKA,West,2023,19,0,0,0,0,0,0,0,0,0.75366678671966,-0.657256703728203,no
265,ALASKA,West,2023,20,0,0,0,0,0,0,0,0,0.66925364467563,-0.743034022833669,no
266,ALASKA,West,2023,21,0,0,0,0,0,0,0,0,0.575147483234652,-0.818049737197468,no
267,ALASKA,West,2023,22,0,0,0,0,0,0,0,0,0.472711272707723,-0.881217369696629,no
268,ALASKA,West,2023,23,0,0,0,0,0,0,0,0,0.363428630230867,-0.93162204285242,no
269,ALASKA,West,2023,24,0,0,0,0,0,0,0,0,0.248882332052978,-0.968533729300055,no
270,ALASKA,West,2023,25,0,0,0,0,0,0,0,0,0.130731389669801,-0.991417825013754,no
271,ALASKA,West,2023,26,0,0,0,0,0,0,0,0,0.0106870218179092,-0.999942892151679,no
272,ALASKA,West,2023,27,0,0,0,0,0,0,0,0,-0.109512129665869,-0.99398545937858,no
273,ALASKA,West,2023,28,0,0,0,0,0,0,0,0,-0.228125181162749,-0.973631810141525,no
274,ALASKA,West,2023,29,0,0,0,0,0,0,0,0,-0.343434221058743,-0.939176732998521,no
275,ALASKA,West,2023,30,0,0,0,0,0,0,0,0,-0.453769190820369,-0.891119252099419,no
276,ALASKA,West,2023,31,0,0,0,0,0,0,0,0,-0.557532072998533,-0.830155399655967,no
277,ALASKA,West,2023,32,0,0,0,0,0,0,0,0,-0.653220035837834,-0.757168135079666,no
278,ALASKA,West,2023,33,0,0,0,0,0,0,0,0,-0.739447199280337,-0.673214556791863,no
279,ALASKA,West,2023,34,0,0,0,0,0,0,0,0,-0.814964707119669,-0.579510591921625,no
280,ALASKA,West,2023,35,0,0,0,0,0,0,0,0,-0.878678814593855,-0.477413385635487,no
281,ALASKA,West,2023,36,0,0,0,0,0,0,0,0,-0.929666729448389,-0.368401645160191,no
282,ALASKA,West,2023,37,0,0,0,0,0,0,0,0,-0.96718997703823,-0.254054223182352,no
283,ALASKA,West,2023,38,0,0,0,0,0,0,0,0,-0.990705095897581,-0.136027250808674,no
284,ALASKA,West,2023,39,0,0,0,0,0,0,0,0,-0.999871508870024,-0.0160301512775393,no
285,ALASKA,West,2023,40,0,0,0,0,0,0,0,0,-0.994556455798857,0.104199118176771,no
286,ALASKA,West,2023,41,0,0,0,0,0,0,0,0,-0.97483691633585,0.222919237727053,no
287,ALASKA,West,2023,42,0,0,0,0,0,0,0,0,-0.940998495019784,0.338410745057692,no
288,ALASKA,West,2023,43,0,0,0,0,0,0,0,0,-0.893531284772509,0.449000938899674,no
289,ALASKA,West,2023,44,0,0,0,0,0,0,0,0,-0.833122768722891,0.553088105310089,no
290,ALASKA,West,2023,45,0,0,0,0,0,0,0,0,-0.760647863163829,0.649164715818952,no
291,ALASKA,West,2023,46,0,0,0,0,0,0,0,0,-0.677156245853474,0.735839261457031,no
292,ALASKA,West,2023,47,0,0,0,0,0,0,0,0,-0.583857153188981,0.811856406435312,no
293,ALASKA,West,2023,48,0,0,0,0,0,0,0,0,-0.48210186644033,0.876115169583743,no
294,ALASKA,West,2023,49,0,0,0,0,0,0,0,0,-0.373364140701786,0.927684870221573,no
295,ALASKA,West,2023,50,0,0,0,0,0,0,0,0,-0.25921886001492,0.965818607510005,no
296,ALASKA,West,2023,51,0,0,0,0,0,0,0,0,-0.141319227808016,0.989964078061293,no
297,ALASKA,West,2023,52,0,0,0,0,0,0,0,0,-0.0213728230101764,0.999771575129327,no
298,ALASKA,West,2024,1,0,0,0,0,0,0,0,0,0.120128619954843,0.992758336488667,no
299,ALASKA,West,2024,2,0,0,0,0,0,0,0,0,0.238517377822098,0.97113822933549,no
300,ALASKA,West,2024,3,0,0,0,0,0,0,0,0,0.353451610505767,0.935452809622634,no
301,ALASKA,West,2024,4,0,0,0,0,0,0,0,0,0.463266687927793,0.886218920953741,no
302,ALASKA,West,2024,5,0,0,0,0,0,0,0,0,0.566372122409852,0.824149633839001,no
303,ALASKA,West,2024,6,0,0,0,0,0,0,0,0,0.661274604226529,0.750143918061759,no
304,ALASKA,West,2024,7,0,0,0,0,0,0,0,0,0.746599629698408,0.665273622605165,no
305,ALASKA,West,2024,8,0,0,0,0,0,0,0,0,0.821111408578364,0.570767951712827,no
306,ALASKA,West,2024,9,0,0,0,0,0,0,0,0,0.883730762405837,0.467995661921774,no
307,ALASKA,West,2024,10,0,0,0,0,0,0,0,0,0.933550754601395,0.358445237913918,no
308,ALASKA,West,2024,11,0,0,0,0,0,0,0,0,0.969849825925805,0.243703334305638,no
309,ALASKA,West,2024,12,0,0,0,0,0,0,0,0,0.992102245058455,0.125431795610095,no
310,ALASKA,West,2024,13,0,0,0,0,0,0,0,0,0.999985722936002,0.00534358719969101,no
311,ALASKA,West,2024,14,0,0,0,0,0,0,0,0,0.99338608057027,-0.1148220141316,no
312,ALASKA,West,2024,15,0,0,0,0,0,0,0,0,0.972398902739873,-0.233324610682822,no
313,ALASKA,West,2024,16,0,0,0,0,0,0,0,0,0.937328153604613,-0.348447890595089,no
314,ALASKA,West,2024,17,0,0,0,0,0,0,0,0,0.888681774293145,-0.458524485757508,no
315,ALASKA,West,2024,18,0,0,0,0,0,0,0,0,0.827164326225506,-0.561960120844802,no
316,ALASKA,West,2024,19,0,0,0,0,0,0,0,0,0.75366678671966,-0.657256703728203,no
317,ALASKA,West,2024,20,0,0,0,0,0,0,0,0,0.66925364467563,-0.743034022833669,no
318,ALASKA,West,2024,21,0,0,0,0,0,0,0,0,0.575147483234652,-0.818049737197468,no
319,ALASKA,West,2024,22,0,0,0,0,0,0,0,0,0.472711272707723,-0.881217369696629,no
320,ALASKA,West,2024,23,0,0,0,0,0,0,0,0,0.363428630230867,-0.93162204285242,no
321,ALASKA,West,2024,24,0,0,0,0,0,0,0,0,0.248882332052978,-0.968533729300055,no
322,ALASKA,West,2024,25,0,0,0,0,0,0,0,0,0.130731389669801,-0.991417825013754,no
323,ALASKA,West,2024,26,0,0,0,0,0,0,0,0,0.0106870218179092,-0.999942892151679,no
324,ALASKA,West,2024,27,0,0,0,0,0,0,0,0,-0.109512129665869,-0.99398545937858,no
325,ALASKA,West,2024,28,0,0,0,0,0,0,0,0,-0.228125181162749,-0.973631810141525,no
326,ALASKA,West,2024,29,0,0,0,0,0,0,0,0,-0.343434221058743,-0.939176732998521,no
327,ALASKA,West,2024,30,0,0,0,0,0,0,0,0,-0.453769190820369,-0.891119252099419,no
328,ALASKA,West,2024,31,0,0,0,0,0,0,0,0,-0.557532072998533,-0.830155399655967,no
329,ALASKA,West,2024,32,0,0,0,0,0,0,0,0,-0.653220035837834,-0.757168135079666,no
330,ALASKA,West,2024,33,0,0,0,0,0,0,0,0,-0.739447199280337,-0.673214556791863,no
331,ALASKA,West,2024,34,0,0,0,0,0,0,0,0,-0.814964707119669,-0.579510591921625,no
332,ALASKA,West,2024,35,0,0,0,0,0,0,0,0,-0.878678814593855,-0.477413385635487,no
333,ALASKA,West,2024,36,0,0,0,0,0,0,0,0,-0.929666729448389,-0.368401645160191,no
334,ALASKA,West,2024,37,0,0,0,0,0,0,0,0,-0.96718997703823,-0.254054223182352,no
335,ALASKA,West,2024,38,0,0,0,0,0,0,0,0,-0.990705095897581,-0.136027250808674,no
336,ALASKA,West,2024,39,0,0,0,0,0,0,0,0,-0.999871508870024,-0.0160301512775393,no
337,ALASKA,West,2024,40,0,0,0,0,0,0,0,0,-0.994556455798857,0.104199118176771,no
338,ALASKA,West,2024,41,0,0,0,0,0,0,0,0,-0.97483691633585,0.222919237727053,no
339,ALASKA,West,2024,42,0,0,0,0,0,0,0,0,-0.940998495019784,0.338410745057692,no
340,ALASKA,West,2024,43,0,0,0,0,0,0,0,0,-0.893531284772509,0.449000938899674,no
341,ALASKA,West,2024,44,0,0,0,0,0,0,0,0,-0.833122768722891,0.553088105310089,no
342,ALASKA,West,2024,45,0,0,0,0,0,0,0,0,-0.760647863163829,0.649164715818952,no
343,ALASKA,West,2024,46,0,0,0,0,0,0,0,0,-0.677156245853474,0.735839261457031,no
344,ALASKA,West,2024,47,0,0,0,0,0,0,0,0,-0.583857153188981,0.811856406435312,no
345,ALASKA,West,2024,48,0,0,0,0,0,0,0,0,-0.48210186644033,0.876115169583743,no
346,ALASKA,West,2024,49,0,0,0,0,0,0,0,0,-0.373364140701786,0.927684870221573,no
347,ALASKA,West,2024,50,0,0,0,0,0,0,0,0,-0.25921886001492,0.965818607510005,no
348,ALASKA,West,2024,51,0,0,0,0,0,0,0,0,-0.141319227808016,0.989964078061293,no
349,ALASKA,West,2024,52,0,0,0,0,0,0,0,0,-0.0213728230101764,0.999771575129327,no
350,ALASKA,West,2025,1,0,0,0,0,0,0,0,0,0.120128619954843,0.992758336488667,no
351,ALASKA,West,2025,2,0,0,0,0,0,0,0,0,0.238517377822098,0.97113822933549,no
352,ALASKA,West,2025,3,0,0,0,0,0,0,0,0,0.353451610505767,0.935452809622634,no
353,ALASKA,West,2025,4,0,0,0,0,0,0,0,0,0.463266687927793,0.886218920953741,no
354,ALASKA,West,2025,5,0,0,0,0,0,0,0,0,0.566372122409852,0.824149633839001,no
355,ALASKA,West,2025,6,0,0,0,0,0,0,0,0,0.661274604226529,0.750143918061759,no
356,ALASKA,West,2025,7,0,0,0,0,0,0,0,0,0.746599629698408,0.665273622605165,no
357,ALASKA,West,2025,8,0,0,0,0,0,0,0,0,0.821111408578364,0.570767951712827,no
358,ALASKA,West,2025,9,0,0,0,0,0,0,0,0,0.883730762405837,0.467995661921774,no
359,ALASKA,West,2025,10,0,0,0,0,0,0,0,0,0.933550754601395,0.358445237913918,no
360,ALASKA,West,2025,11,0,0,0,0,0,0,0,0,0.969849825925805,0.243703334305638,no
361,ALASKA,West,2025,12,0,0,0,0,0,0,0,0,0.992102245058455,0.125431795610095,no
362,ALASKA,West,2025,13,0,0,0,0,0,0,0,0,0.999985722936002,0.00534358719969101,no
363,ALASKA,West,2025,14,0,0,0,0,0,0,0,0,0.99338608057027,-0.1148220141316,no
364,ALASKA,West,2025,15,0,0,0,0,0,0,0,0,0.972398902739873,-0.233324610682822,no
365,ALASKA,West,2025,16,0,0,0,0,0,0,0,0,0.937328153604613,-0.348447890595089,no
366,ALASKA,West,2025,17,0,0,0,0,0,0,0,0,0.888681774293145,-0.458524485757508,no
367,ALASKA,West,2025,18,0,0,0,0,0,0,0,0,0.827164326225506,-0.561960120844802,no
368,ALASKA,West,2025,19,0,0,0,0,0,0,0,0,0.75366678671966,-0.657256703728203,no
369,ALASKA,West,2025,20,0,0,0,0,0,0,0,0,0.66925364467563,-0.743034022833669,no
370,ALASKA,West,2025,21,0,0,0,0,0,0,0,0,0.575147483234652,-0.818049737197468,no
371,ALASKA,West,2025,22,0,0,0,0,0,0,0,0,0.472711272707723,-0.881217369696629,no
372,ALASKA,West,2025,23,0,0,0,0,0,0,0,0,0.363428630230867,-0.93162204285242,no
373,ALASKA,West,2025,24,0,0,0,0,0,0,0,0,0.248882332052978,-0.968533729300055,no
374,ALASKA,West,2025,25,0,0,0,0,0,0,0,0,0.130731389669801,-0.991417825013754,no
375,ALASKA,West,2025,26,0,0,0,0,0,0,0,0,0.0106870218179092,-0.999942892151679,no
376,ALASKA,West,2025,27,0,0,0,0,0,0,0,0,-0.109512129665869,-0.99398545937858,no
377,ALASKA,West,2025,28,0,0,0,0,0,0,0,0,-0.228125181162749,-0.973631810141525,no
378,ALASKA,West,2025,29,0,0,0,0,0,0,0,0,-0.343434221058743,-0.939176732998521,no
379,ALASKA,West,2025,30,0,0,0,0,0,0,0,0,-0.453769190820369,-0.891119252099419,no
380,ALASKA,West,2025,31,0,0,0,0,0,0,0,0,-0.557532072998533,-0.830155399655967,no
381,ALASKA,West,2025,32,0,0,0,0,0,0,0,0,-0.653220035837834,-0.757168135079666,no
382,ALASKA,West,2025,33,0,0,0,0,0,0,0,0,-0.739447199280337,-0.673214556791863,no
383,ALASKA,West,2025,34,0,0,0,0,0,0,0,0,-0.814964707119669,-0.579510591921625,no
384,ALASKA,West,2025,35,0,0,0,0,0,0,0,0,-0.878678814593855,-0.477413385635487,no
385,ALASKA,West,2025,36,0,0,0,0,0,0,0,0,-0.929666729448389,-0.368401645160191,no
386,ALASKA,West,2025,37,0,0,0,0,0,0,0,0,-0.96718997703823,-0.254054223182352,no
387,ALASKA,West,2025,38,0,0,0,0,0,0,0,0,-0.990705095897581,-0.136027250808674,no
388,ALASKA,West,2025,39,0,0,0,0,0,0,0,0,-0.999871508870024,-0.0160301512775393,no
389,ALASKA,West,2025,40,0,0,0,0,0,0,0,0,-0.994556455798857,0.104199118176771,no
390,ALASKA,West,2025,41,0,0,0,0,0,0,0,0,-0.97483691633585,0.222919237727053,no
391,ALASKA,West,2025,42,0,0,0,0,0,0,0,0,-0.940998495019784,0.338410745057692,no
392,ALASKA,West,2025,43,0,0,0,0,0,0,0,0,-0.893531284772509,0.449000938899674,no
393,ALASKA,West,2025,44,0,0,0,0,0,0,0,0,-0.833122768722891,0.553088105310089,no
394,ALASKA,West,2025,45,0,0,0,0,0,0,0,0,-0.760647863163829,0.649164715818952,no
395,ALASKA,West,2025,46,0,0,0,0,0,0,0,0,-0.677156245853474,0.735839261457031,no
396,ALASKA,West,2025,47,0,0,0,0,0,0,0,0,-0.583857153188981,0.811856406435312,no
397,ALASKA,West,2025,48,0,0,0,0,0,0,0,0,-0.48210186644033,0.876115169583743,no
398,ALASKA,West,2025,49,0,0,0,0,0,0,0,0,-0.373364140701786,0.927684870221573,no
399,ALASKA,West,2025,50,0,0,0,0,0,0,0,0,-0.25921886001492,0.965818607510005,no
400,ALASKA,West,2025,51,0,0,0,0,0,0,0,0,-0.141319227808016,0.989964078061293,no
401,ALASKA,West,2025,52,0,0,0,0,0,0,0,0,-0.0213728230101764,0.999771575129327,no
402,ALASKA,West,2025,53,0,0,0,0,0,0,0,0,0.0988831313727152,0.995099053526797,no
403,ARIZONA,West,2022,9,1,0,0,1,1,2,2,0,0.883730762405837,0.467995661921774,no
404,ARIZONA,West,2022,10,0,1,0,0,1,3,3,0,0.933550754601395,0.358445237913918,no
405,ARIZONA,West,2022,11,0,0,1,0,1,2,2,0,0.969849825925805,0.243703334305638,no
406,ARIZONA,West,2022,12,0,0,0,0,1,2,2,0,0.992102245058455,0.125431795610095,no
407,ARIZONA,West,2022,13,0,0,0,1,1,2,2,0,0.999985722936002,0.00534358719969101,no
408,ARIZONA,West,2022,14,0,0,0,0,0,1,1,0,0.99338608057027,-0.1148220141316,no
409,ARIZONA,West,2022,15,0,0,0,0,0,1,1,0,0.972398902739873,-0.233324610682822,no
410,ARIZONA,West,2022,16,0,0,0,0,0,1,1,0,0.937328153604613,-0.348447890595089,no
411,ARIZONA,West,2022,17,0,0,0,0,0,1,1,0,0.888681774293145,-0.458524485757508,no
412,ARIZONA,West,2022,18,0,0,0,0,0,0,0,0,0.827164326225506,-0.561960120844802,no
413,ARIZONA,West,2022,19,0,0,0,0,0,0,0,0,0.75366678671966,-0.657256703728203,no
414,ARIZONA,West,2022,20,0,0,0,0,0,0,0,0,0.66925364467563,-0.743034022833669,no
415,ARIZONA,West,2022,21,0,0,0,0,0,0,0,0,0.575147483234652,-0.818049737197468,no
416,ARIZONA,West,2022,22,0,0,0,0,0,0,0,0,0.472711272707723,-0.881217369696629,no
417,ARIZONA,West,2022,23,0,0,0,0,0,0,0,1,0.363428630230867,-0.93162204285242,yes
418,ARIZONA,West,2022,24,0,0,0,0,0,0,0,2,0.248882332052978,-0.968533729300055,yes
419,ARIZONA,West,2022,25,0,0,0,0,0,0,0,2,0.130731389669801,-0.991417825013754,yes
420,ARIZONA,West,2022,26,0,0,0,0,0,0,0,2,0.0106870218179092,-0.999942892151679,yes
421,ARIZONA,West,2022,27,1,0,0,0,0,0,0,2,-0.109512129665869,-0.99398545937858,yes
422,ARIZONA,West,2022,28,1,1,0,0,1,1,1,1,-0.228125181162749,-0.973631810141525,yes
423,ARIZONA,West,2022,29,0,1,1,0,2,2,2,3,-0.343434221058743,-0.939176732998521,yes
424,ARIZONA,West,2022,30,0,0,1,0,2,2,2,3,-0.453769190820369,-0.891119252099419,yes
425,ARIZONA,West,2022,31,1,0,0,1,2,2,2,2,-0.557532072998533,-0.830155399655967,yes
426,ARIZONA,West,2022,32,0,1,0,1,2,3,3,5,-0.653220035837834,-0.757168135079666,yes
427,ARIZONA,West,2022,33,2,0,1,0,1,3,3,6,-0.739447199280337,-0.673214556791863,yes
428,ARIZONA,West,2022,34,0,2,0,0,3,5,4,7,-0.814964707119669,-0.579510591921625,yes
429,ARIZONA,West,2022,35,0,0,2,1,3,5,4,12,-0.878678814593855,-0.477413385635487,yes
430,ARIZONA,West,2022,36,3,0,0,0,2,4,3,10,-0.929666729448389,-0.368401645160191,yes
431,ARIZONA,West,2022,37,3,3,0,2,5,6,3,8,-0.96718997703823,-0.254054223182352,yes
432,ARIZONA,West,2022,38,1,3,3,0,6,9,4,8,-0.990705095897581,-0.136027250808674,yes
433,ARIZONA,West,2022,39,5,1,3,0,7,10,5,3,-0.999871508870024,-0.0160301512775393,yes
434,ARIZONA,West,2022,40,1,5,1,3,12,14,5,2,-0.994556455798857,0.104199118176771,yes
435,ARIZONA,West,2022,41,1,1,5,3,10,15,6,1,-0.97483691633585,0.222919237727053,yes
436,ARIZONA,West,2022,42,1,1,1,1,8,14,6,0,-0.940998495019784,0.338410745057692,no
437,ARIZONA,West,2022,43,0,1,1,5,8,15,7,0,-0.893531284772509,0.449000938899674,no
438,ARIZONA,West,2022,44,0,0,1,1,3,15,7,0,-0.833122768722891,0.553088105310089,no
439,ARIZONA,West,2022,45,0,0,0,1,2,12,6,0,-0.760647863163829,0.649164715818952,no
440,ARIZONA,West,2022,46,0,0,0,1,1,9,5,0,-0.677156245853474,0.735839261457031,no
441,ARIZONA,West,2022,47,0,0,0,0,0,8,4,0,-0.583857153188981,0.811856406435312,no
442,ARIZONA,West,2022,48,0,0,0,0,0,3,3,0,-0.48210186644033,0.876115169583743,no
443,ARIZONA,West,2022,49,0,0,0,0,0,2,2,0,-0.373364140701786,0.927684870221573,no
444,ARIZONA,West,2022,50,0,0,0,0,0,1,1,0,-0.25921886001492,0.965818607510005,no
445,ARIZONA,West,2022,51,0,0,0,0,0,0,0,0,-0.141319227808016,0.989964078061293,no
446,ARIZONA,West,2022,52,0,0,0,0,0,0,0,0,-0.0213728230101764,0.999771575129327,no
447,ARIZONA,West,2023,1,0,0,0,0,0,0,0,0,0.120128619954843,0.992758336488667,no
448,ARIZONA,West,2023,2,0,0,0,0,0,0,0,1,0.238517377822098,0.97113822933549,yes
449,ARIZONA,West,2023,3,0,0,0,0,0,0,0,1,0.353451610505767,0.935452809622634,yes
450,ARIZONA,West,2023,4,0,0,0,0,0,0,0,1,0.463266687927793,0.886218920953741,yes
451,ARIZONA,West,2023,5,0,0,0,0,0,0,0,1,0.566372122409852,0.824149633839001,yes
452,ARIZONA,West,2023,6,1,0,0,0,0,0,0,0,0.661274604226529,0.750143918061759,no
453,ARIZONA,West,2023,7,0,1,0,0,1,1,1,0,0.746599629698408,0.665273622605165,no
454,ARIZONA,West,2023,8,0,0,1,0,1,1,1,0,0.821111408578364,0.570767951712827,no
455,ARIZONA,West,2023,9,0,0,0,0,1,1,1,0,0.883730762405837,0.467995661921774,no
456,ARIZONA,West,2023,10,0,0,0,1,1,1,1,0,0.933550754601395,0.358445237913918,no
457,ARIZONA,West,2023,11,0,0,0,0,0,1,1,0,0.969849825925805,0.243703334305638,no
458,ARIZONA,West,2023,12,0,0,0,0,0,1,1,0,0.992102245058455,0.125431795610095,no
459,ARIZONA,West,2023,13,0,0,0,0,0,1,1,1,0.999985722936002,0.00534358719969101,yes
460,ARIZONA,West,2023,14,0,0,0,0,0,1,1,1,0.99338608057027,-0.1148220141316,yes
461,ARIZONA,West,2023,15,0,0,0,0,0,0,0,1,0.972398902739873,-0.233324610682822,yes
462,ARIZONA,West,2023,16,0,0,0,0,0,0,0,2,0.937328153604613,-0.348447890595089,yes
463,ARIZONA,West,2023,17,1,0,0,0,0,0,0,1,0.888681774293145,-0.458524485757508,yes
464,ARIZONA,West,2023,18,0,1,0,0,1,1,1,1,0.827164326225506,-0.561960120844802,yes
465,ARIZONA,West,2023,19,0,0,1,0,1,1,1,1,0.75366678671966,-0.657256703728203,yes
466,ARIZONA,West,2023,20,1,0,0,0,1,1,1,0,0.66925364467563,-0.743034022833669,no
467,ARIZONA,West,2023,21,0,1,0,1,2,2,2,2,0.575147483234652,-0.818049737197468,yes
468,ARIZONA,West,2023,22,0,0,1,0,1,2,2,9,0.472711272707723,-0.881217369696629,yes
469,ARIZONA,West,2023,23,0,0,0,0,1,2,2,15,0.363428630230867,-0.93162204285242,yes
470,ARIZONA,West,2023,24,0,0,0,1,1,2,2,20,0.248882332052978,-0.968533729300055,yes
471,ARIZONA,West,2023,25,2,0,0,0,0,2,2,25,0.130731389669801,-0.991417825013754,yes
472,ARIZONA,West,2023,26,7,2,0,0,2,3,2,23,0.0106870218179092,-0.999942892151679,yes
473,ARIZONA,West,2023,27,6,7,2,0,9,10,3,19,-0.109512129665869,-0.99398545937858,yes
474,ARIZONA,West,2023,28,5,6,7,0,15,16,4,14,-0.228125181162749,-0.973631810141525,yes
475,ARIZONA,West,2023,29,7,5,6,2,20,20,4,7,-0.343434221058743,-0.939176732998521,yes
476,ARIZONA,West,2023,30,5,7,5,7,25,27,5,3,-0.453769190820369,-0.891119252099419,yes
477,ARIZONA,West,2023,31,2,5,7,6,23,32,6,1,-0.557532072998533,-0.830155399655967,yes
478,ARIZONA,West,2023,32,0,2,5,5,19,34,7,2,-0.653220035837834,-0.757168135079666,yes
479,ARIZONA,West,2023,33,0,0,2,7,14,34,7,2,-0.739447199280337,-0.673214556791863,yes
480,ARIZONA,West,2023,34,1,0,0,5,7,32,6,3,-0.814964707119669,-0.579510591921625,yes
481,ARIZONA,West,2023,35,0,1,0,2,3,26,6,4,-0.878678814593855,-0.477413385635487,yes
482,ARIZONA,West,2023,36,1,0,1,0,1,20,5,3,-0.929666729448389,-0.368401645160191,yes
483,ARIZONA,West,2023,37,0,1,0,0,2,16,5,5,-0.96718997703823,-0.254054223182352,yes
484,ARIZONA,West,2023,38,2,0,1,1,2,9,4,3,-0.990705095897581,-0.136027250808674,yes
485,ARIZONA,West,2023,39,1,2,0,0,3,6,4,2,-0.999871508870024,-0.0160301512775393,yes
486,ARIZONA,West,2023,40,0,1,2,1,4,5,4,2,-0.994556455798857,0.104199118176771,yes
487,ARIZONA,West,2023,41,2,0,1,0,3,5,4,0,-0.97483691633585,0.222919237727053,no
488,ARIZONA,West,2023,42,0,2,0,2,5,7,5,0,-0.940998495019784,0.338410745057692,no
489,ARIZONA,West,2023,43,0,0,2,1,3,6,4,0,-0.893531284772509,0.449000938899674,no
490,ARIZONA,West,2023,44,0,0,0,0,2,6,4,0,-0.833122768722891,0.553088105310089,no
491,ARIZONA,West,2023,45,0,0,0,2,2,5,3,0,-0.760647863163829,0.649164715818952,no
492,ARIZONA,West,2023,46,0,0,0,0,0,5,3,0,-0.677156245853474,0.735839261457031,no
493,ARIZONA,West,2023,47,0,0,0,0,0,3,2,0,-0.583857153188981,0.811856406435312,no
494,ARIZONA,West,2023,48,0,0,0,0,0,2,1,0,-0.48210186644033,0.876115169583743,no
495,ARIZONA,West,2023,49,0,0,0,0,0,2,1,0,-0.373364140701786,0.927684870221573,no
496,ARIZONA,West,2023,50,0,0,0,0,0,0,0,0,-0.25921886001492,0.965818607510005,no
497,ARIZONA,West,2023,51,0,0,0,0,0,0,0,0,-0.141319227808016,0.989964078061293,no
498,ARIZONA,West,2023,52,0,0,0,0,0,0,0,0,-0.0213728230101764,0.999771575129327,no
499,ARIZONA,West,2024,1,0,0,0,0,0,0,0,0,0.120128619954843,0.992758336488667,no
500,ARIZONA,West,2024,2,0,0,0,0,0,0,0,0,0.238517377822098,0.97113822933549,no
501,ARIZONA,West,2024,3,0,0,0,0,0,0,0,0,0.353451610505767,0.935452809622634,no
502,ARIZONA,West,2024,4,0,0,0,0,0,0,0,0,0.463266687927793,0.886218920953741,no
503,ARIZONA,West,2024,5,0,0,0,0,0,0,0,0,0.566372122409852,0.824149633839001,no
504,ARIZONA,West,2024,6,0,0,0,0,0,0,0,0,0.661274604226529,0.750143918061759,no
505,ARIZONA,West,2024,7,0,0,0,0,0,0,0,0,0.746599629698408,0.665273622605165,no
506,ARIZONA,West,2024,8,0,0,0,0,0,0,0,0,0.821111408578364,0.570767951712827,no
507,ARIZONA,West,2024,9,0,0,0,0,0,0,0,0,0.883730762405837,0.467995661921774,no
508,ARIZONA,West,2024,10,0,0,0,0,0,0,0,0,0.933550754601395,0.358445237913918,no
509,ARIZONA,West,2024,11,0,0,0,0,0,0,0,0,0.969849825925805,0.243703334305638,no
510,ARIZONA,West,2024,12,0,0,0,0,0,0,0,0,0.992102245058455,0.125431795610095,no
511,ARIZONA,West,2024,13,0,0,0,0,0,0,0,0,0.999985722936002,0.00534358719969101,no
512,ARIZONA,West,2024,14,0,0,0,0,0,0,0,0,0.99338608057027,-0.1148220141316,no
513,ARIZONA,West,2024,15,0,0,0,0,0,0,0,0,0.972398902739873,-0.233324610682822,no
514,ARIZONA,West,2024,16,0,0,0,0,0,0,0,0,0.937328153604613,-0.348447890595089,no
515,ARIZONA,West,2024,17,0,0,0,0,0,0,0,0,0.888681774293145,-0.458524485757508,no
516,ARIZONA,West,2024,18,0,0,0,0,0,0,0,0,0.827164326225506,-0.561960120844802,no
517,ARIZONA,West,2024,19,0,0,0,0,0,0,0,0,0.75366678671966,-0.657256703728203,no
518,ARIZONA,West,2024,20,0,0,0,0,0,0,0,0,0.66925364467563,-0.743034022833669,no
519,ARIZONA,West,2024,21,0,0,0,0,0,0,0,0,0.575147483234652,-0.818049737197468,no
520,ARIZONA,West,2024,22,0,0,0,0,0,0,0,1,0.472711272707723,-0.881217369696629,yes
521,ARIZONA,West,2024,23,0,0,0,0,0,0,0,1,0.363428630230867,-0.93162204285242,yes
522,ARIZONA,West,2024,24,0,0,0,0,0,0,0,1,0.248882332052978,-0.968533729300055,yes
523,ARIZONA,West,2024,25,0,0,0,0,0,0,0,1,0.130731389669801,-0.991417825013754,yes
524,ARIZONA,West,2024,26,1,0,0,0,0,0,0,0,0.0106870218179092,-0.999942892151679,no
525,ARIZONA,West,2024,27,0,1,0,0,1,1,1,0,-0.109512129665869,-0.99398545937858,no
526,ARIZONA,West,2024,28,0,0,1,0,1,1,1,0,-0.228125181162749,-0.973631810141525,no
527,ARIZONA,West,2024,29,0,0,0,0,1,1,1,1,-0.343434221058743,-0.939176732998521,yes
528,ARIZONA,West,2024,30,0,0,0,1,1,1,1,1,-0.453769190820369,-0.891119252099419,yes
529,ARIZONA,West,2024,31,0,0,0,0,0,1,1,1,-0.557532072998533,-0.830155399655967,yes
530,ARIZONA,West,2024,32,0,0,0,0,0,1,1,1,-0.653220035837834,-0.757168135079666,yes
531,ARIZONA,West,2024,33,1,0,0,0,0,1,1,0,-0.739447199280337,-0.673214556791863,no
532,ARIZONA,West,2024,34,0,1,0,0,1,2,2,0,-0.814964707119669,-0.579510591921625,no
533,ARIZONA,West,2024,35,0,0,1,0,1,1,1,0,-0.878678814593855,-0.477413385635487,no
534,ARIZONA,West,2024,36,0,0,0,0,1,1,1,0,-0.929666729448389,-0.368401645160191,no
535,ARIZONA,West,2024,37,0,0,0,1,1,1,1,0,-0.96718997703823,-0.254054223182352,no
536,ARIZONA,West,2024,38,0,0,0,0,0,1,1,0,-0.990705095897581,-0.136027250808674,no
537,ARIZONA,West,2024,39,0,0,0,0,0,1,1,0,-0.999871508870024,-0.0160301512775393,no
538,ARIZONA,West,2024,40,0,0,0,0,0,1,1,0,-0.994556455798857,0.104199118176771,no
539,ARIZONA,West,2024,41,0,0,0,0,0,1,1,2,-0.97483691633585,0.222919237727053,yes
540,ARIZONA,West,2024,42,0,0,0,0,0,0,0,2,-0.940998495019784,0.338410745057692,yes
541,ARIZONA,West,2024,43,0,0,0,0,0,0,0,2,-0.893531284772509,0.449000938899674,yes
542,ARIZONA,West,2024,44,0,0,0,0,0,0,0,2,-0.833122768722891,0.553088105310089,yes
543,ARIZONA,West,2024,45,2,0,0,0,0,0,0,0,-0.760647863163829,0.649164715818952,no
544,ARIZONA,West,2024,46,0,2,0,0,2,2,1,0,-0.677156245853474,0.735839261457031,no
545,ARIZONA,West,2024,47,0,0,2,0,2,2,1,0,-0.583857153188981,0.811856406435312,no
546,ARIZONA,West,2024,48,0,0,0,0,2,2,1,0,-0.48210186644033,0.876115169583743,no
547,ARIZONA,West,2024,49,0,0,0,2,2,2,1,0,-0.373364140701786,0.927684870221573,no
548,ARIZONA,West,2024,50,0,0,0,0,0,2,1,0,-0.25921886001492,0.965818607510005,no
549,ARIZONA,West,2024,51,0,0,0,0,0,2,1,0,-0.141319227808016,0.989964078061293,no
550,ARIZONA,West,2024,52,0,0,0,0,0,2,1,0,-0.0213728230101764,0.999771575129327,no
551,ARIZONA,West,2025,1,0,0,0,0,0,2,1,0,0.120128619954843,0.992758336488667,no
552,ARIZONA,West,2025,2,0,0,0,0,0,0,0,0,0.238517377822098,0.97113822933549,no
553,ARIZONA,West,2025,3,0,0,0,0,0,0,0,0,0.353451610505767,0.935452809622634,no
554,ARIZONA,West,2025,4,0,0,0,0,0,0,0,0,0.463266687927793,0.886218920953741,no
555,ARIZONA,West,2025,5,0,0,0,0,0,0,0,0,0.566372122409852,0.824149633839001,no
556,ARIZONA,West,2025,6,0,0,0,0,0,0,0,0,0.661274604226529,0.750143918061759,no
557,ARIZONA,West,2025,7,0,0,0,0,0,0,0,0,0.746599629698408,0.665273622605165,no
558,ARIZONA,West,2025,8,0,0,0,0,0,0,0,0,0.821111408578364,0.570767951712827,no
559,ARIZONA,West,2025,9,0,0,0,0,0,0,0,0,0.883730762405837,0.467995661921774,no
560,ARIZONA,West,2025,10,0,0,0,0,0,0,0,0,0.933550754601395,0.358445237913918,no
561,ARIZONA,West,2025,11,0,0,0,0,0,0,0,0,0.969849825925805,0.243703334305638,no
562,ARIZONA,West,2025,12,0,0,0,0,0,0,0,0,0.992102245058455,0.125431795610095,no
563,ARIZONA,West,2025,13,0,0,0,0,0,0,0,0,0.999985722936002,0.00534358719969101,no
564,ARIZONA,West,2025,14,0,0,0,0,0,0,0,0,0.99338608057027,-0.1148220141316,no
565,ARIZONA,West,2025,15,0,0,0,0,0,0,0,0,0.972398902739873,-0.233324610682822,no
566,ARIZONA,West,2025,16,0,0,0,0,0,0,0,0,0.937328153604613,-0.348447890595089,no
567,ARIZONA,West,2025,17,0,0,0,0,0,0,0,0,0.888681774293145,-0.458524485757508,no
568,ARIZONA,West,2025,18,0,0,0,0,0,0,0,0,0.827164326225506,-0.561960120844802,no
569,ARIZONA,West,2025,19,0,0,0,0,0,0,0,0,0.75366678671966,-0.657256703728203,no
570,ARIZONA,West,2025,20,0,0,0,0,0,0,0,1,0.66925364467563,-0.743034022833669,yes
571,ARIZONA,West,2025,21,0,0,0,0,0,0,0,1,0.575147483234652,-0.818049737197468,yes
572,ARIZONA,West,2025,22,0,0,0,0,0,0,0,4,0.472711272707723,-0.881217369696629,yes
573,ARIZONA,West,2025,23,0,0,0,0,0,0,0,6,0.363428630230867,-0.93162204285242,yes
574,ARIZONA,West,2025,24,1,0,0,0,0,0,0,9,0.248882332052978,-0.968533729300055,yes
575,ARIZONA,West,2025,25,0,1,0,0,1,1,1,9,0.130731389669801,-0.991417825013754,yes
576,ARIZONA,West,2025,26,3,0,1,0,1,1,1,10,0.0106870218179092,-0.999942892151679,yes
577,ARIZONA,West,2025,27,2,3,0,0,4,4,2,12,-0.109512129665869,-0.99398545937858,yes
578,ARIZONA,West,2025,28,4,2,3,1,6,6,3,10,-0.228125181162749,-0.973631810141525,yes
579,ARIZONA,West,2025,29,0,4,2,0,9,10,4,13,-0.343434221058743,-0.939176732998521,yes
580,ARIZONA,West,2025,30,4,0,4,3,9,10,4,9,-0.453769190820369,-0.891119252099419,yes
581,ARIZONA,West,2025,31,4,4,0,2,10,14,5,6,-0.557532072998533,-0.830155399655967,yes
582,ARIZONA,West,2025,32,2,4,4,4,12,18,6,5,-0.653220035837834,-0.757168135079666,yes
583,ARIZONA,West,2025,33,3,2,4,0,10,19,6,2,-0.739447199280337,-0.673214556791863,yes
584,ARIZONA,West,2025,34,0,3,2,4,13,22,7,2,-0.814964707119669,-0.579510591921625,yes
585,ARIZONA,West,2025,35,1,0,3,4,9,19,6,1,-0.878678814593855,-0.477413385635487,yes
586,ARIZONA,West,2025,36,1,1,0,2,6,18,6,0,-0.929666729448389,-0.368401645160191,no
587,ARIZONA,West,2025,37,0,1,1,3,5,15,6,0,-0.96718997703823,-0.254054223182352,no
588,ARIZONA,West,2025,38,0,0,1,0,2,15,6,0,-0.990705095897581,-0.136027250808674,no
589,ARIZONA,West,2025,39,0,0,0,1,2,11,5,1,-0.999871508870024,-0.0160301512775393,yes
590,ARIZONA,West,2025,40,0,0,0,1,1,7,4,2,-0.994556455798857,0.104199118176771,yes
591,ARIZONA,West,2025,41,0,0,0,0,0,5,3,2,-0.97483691633585,0.222919237727053,yes
592,ARIZONA,West,2025,42,0,0,0,0,0,2,2,3,-0.940998495019784,0.338410745057692,yes
593,ARIZONA,West,2025,43,1,0,0,0,0,2,2,2,-0.893531284772509,0.449000938899674,yes
594,ARIZONA,West,2025,44,1,1,0,0,1,2,2,1,-0.833122768722891,0.553088105310089,yes
595,ARIZONA,West,2025,45,0,1,1,0,2,2,2,1,-0.760647863163829,0.649164715818952,yes
596,ARIZONA,West,2025,46,1,0,1,0,2,2,2,0,-0.677156245853474,0.735839261457031,no
597,ARIZONA,West,2025,47,0,1,0,1,3,3,3,0,-0.583857153188981,0.811856406435312,no
598,ARIZONA,West,2025,48,0,0,1,1,2,3,3,0,-0.48210186644033,0.876115169583743,no
599,ARIZONA,West,2025,49,0,0,0,0,1,3,3,0,-0.373364140701786,0.927684870221573,no
600,ARIZONA,West,2025,50,0,0,0,1,1,3,3,0,-0.25921886001492,0.965818607510005,no
601,ARIZONA,West,2025,51,0,0,0,0,0,3,3,0,-0.141319227808016,0.989964078061293,no
602,ARIZONA,West,2025,52,0,0,0,0,0,2,2,0,-0.0213728230101764,0.999771575129327,no
603,ARIZONA,West,2025,53,0,0,0,0,0,1,1,0,0.0988831313727152,0.995099053526797,no
604,ARKANSAS,South,2022,9,0,0,0,0,0,0,0,0,0.883730762405837,0.467995661921774,no
605,ARKANSAS,South,2022,10,0,0,0,0,0,0,0,0,0.933550754601395,0.358445237913918,no
606,ARKANSAS,South,2022,11,0,0,0,0,0,0,0,0,0.969849825925805,0.243703334305638,no
607,ARKANSAS,South,2022,12,0,0,0,0,0,0,0,0,0.992102245058455,0.125431795610095,no
608,ARKANSAS,South,2022,13,0,0,0,0,0,0,0,0,0.999985722936002,0.00534358719969101,no
609,ARKANSAS,South,2022,14,0,0,0,0,0,0,0,0,0.99338608057027,-0.1148220141316,no
610,ARKANSAS,South,2022,15,0,0,0,0,0,0,0,0,0.972398902739873,-0.233324610682822,no
611,ARKANSAS,South,2022,16,0,0,0,0,0,0,0,0,0.937328153604613,-0.348447890595089,no
612,ARKANSAS,South,2022,17,0,0,0,0,0,0,0,0,0.888681774293145,-0.458524485757508,no
613,ARKANSAS,South,2022,18,0,0,0,0,0,0,0,0,0.827164326225506,-0.561960120844802,no
614,ARKANSAS,South,2022,19,0,0,0,0,0,0,0,0,0.75366678671966,-0.657256703728203,no
615,ARKANSAS,South,2022,20,0,0,0,0,0,0,0,0,0.66925364467563,-0.743034022833669,no
616,ARKANSAS,South,2022,21,0,0,0,0,0,0,0,0,0.575147483234652,-0.818049737197468,no
617,ARKANSAS,South,2022,22,0,0,0,0,0,0,0,0,0.472711272707723,-0.881217369696629,no
618,ARKANSAS,South,2022,23,0,0,0,0,0,0,0,0,0.363428630230867,-0.93162204285242,no
619,ARKANSAS,South,2022,24,0,0,0,0,0,0,0,0,0.248882332052978,-0.968533729300055,no
620,ARKANSAS,South,2022,25,0,0,0,0,0,0,0,0,0.130731389669801,-0.991417825013754,no
621,ARKANSAS,South,2022,26,0,0,0,0,0,0,0,0,0.0106870218179092,-0.999942892151679,no
622,ARKANSAS,South,2022,27,0,0,0,0,0,0,0,0,-0.109512129665869,-0.99398545937858,no
623,ARKANSAS,South,2022,28,0,0,0,0,0,0,0,0,-0.228125181162749,-0.973631810141525,no
624,ARKANSAS,South,2022,29,0,0,0,0,0,0,0,0,-0.343434221058743,-0.939176732998521,no
625,ARKANSAS,South,2022,30,0,0,0,0,0,0,0,0,-0.453769190820369,-0.891119252099419,no
626,ARKANSAS,South,2022,31,0,0,0,0,0,0,0,0,-0.557532072998533,-0.830155399655967,no
627,ARKANSAS,South,2022,32,0,0,0,0,0,0,0,1,-0.653220035837834,-0.757168135079666,yes
628,ARKANSAS,South,2022,33,0,0,0,0,0,0,0,1,-0.739447199280337,-0.673214556791863,yes
629,ARKANSAS,South,2022,34,0,0,0,0,0,0,0,1,-0.814964707119669,-0.579510591921625,yes
630,ARKANSAS,South,2022,35,0,0,0,0,0,0,0,1,-0.878678814593855,-0.477413385635487,yes
631,ARKANSAS,South,2022,36,1,0,0,0,0,0,0,0,-0.929666729448389,-0.368401645160191,no
632,ARKANSAS,South,2022,37,0,1,0,0,1,1,1,0,-0.96718997703823,-0.254054223182352,no
633,ARKANSAS,South,2022,38,0,0,1,0,1,1,1,0,-0.990705095897581,-0.136027250808674,no
634,ARKANSAS,South,2022,39,0,0,0,0,1,1,1,0,-0.999871508870024,-0.0160301512775393,no
635,ARKANSAS,South,2022,40,0,0,0,1,1,1,1,0,-0.994556455798857,0.104199118176771,no
636,ARKANSAS,South,2022,41,0,0,0,0,0,1,1,0,-0.97483691633585,0.222919237727053,no
637,ARKANSAS,South,2022,42,0,0,0,0,0,1,1,0,-0.940998495019784,0.338410745057692,no
638,ARKANSAS,South,2022,43,0,0,0,0,0,1,1,0,-0.893531284772509,0.449000938899674,no
639,ARKANSAS,South,2022,44,0,0,0,0,0,1,1,0,-0.833122768722891,0.553088105310089,no
640,ARKANSAS,South,2022,45,0,0,0,0,0,0,0,0,-0.760647863163829,0.649164715818952,no
641,ARKANSAS,South,2022,46,0,0,0,0,0,0,0,0,-0.677156245853474,0.735839261457031,no
642,ARKANSAS,South,2022,47,0,0,0,0,0,0,0,0,-0.583857153188981,0.811856406435312,no
643,ARKANSAS,South,2022,48,0,0,0,0,0,0,0,0,-0.48210186644033,0.876115169583743,no
644,ARKANSAS,South,2022,49,0,0,0,0,0,0,0,0,-0.373364140701786,0.927684870221573,no
645,ARKANSAS,South,2022,50,0,0,0,0,0,0,0,0,-0.25921886001492,0.965818607510005,no
646,ARKANSAS,South,2022,51,0,0,0,0,0,0,0,0,-0.141319227808016,0.989964078061293,no
647,ARKANSAS,South,2022,52,0,0,0,0,0,0,0,0,-0.0213728230101764,0.999771575129327,no
648,ARKANSAS,South,2023,1,0,0,0,0,0,0,0,0,0.120128619954843,0.992758336488667,no
649,ARKANSAS,South,2023,2,0,0,0,0,0,0,0,0,0.238517377822098,0.97113822933549,no
650,ARKANSAS,South,2023,3,0,0,0,0,0,0,0,0,0.353451610505767,0.935452809622634,no
651,ARKANSAS,South,2023,4,0,0,0,0,0,0,0,0,0.463266687927793,0.886218920953741,no
652,ARKANSAS,South,2023,5,0,0,0,0,0,0,0,0,0.566372122409852,0.824149633839001,no
653,ARKANSAS,South,2023,6,0,0,0,0,0,0,0,0,0.661274604226529,0.750143918061759,no
654,ARKANSAS,South,2023,7,0,0,0,0,0,0,0,0,0.746599629698408,0.665273622605165,no
655,ARKANSAS,South,2023,8,0,0,0,0,0,0,0,0,0.821111408578364,0.570767951712827,no
656,ARKANSAS,South,2023,9,0,0,0,0,0,0,0,0,0.883730762405837,0.467995661921774,no
657,ARKANSAS,South,2023,10,0,0,0,0,0,0,0,0,0.933550754601395,0.358445237913918,no
658,ARKANSAS,South,2023,11,0,0,0,0,0,0,0,0,0.969849825925805,0.243703334305638,no
659,ARKANSAS,South,2023,12,0,0,0,0,0,0,0,0,0.992102245058455,0.125431795610095,no
660,ARKANSAS,South,2023,13,0,0,0,0,0,0,0,0,0.999985722936002,0.00534358719969101,no
661,ARKANSAS,South,2023,14,0,0,0,0,0,0,0,0,0.99338608057027,-0.1148220141316,no
662,ARKANSAS,South,2023,15,0,0,0,0,0,0,0,0,0.972398902739873,-0.233324610682822,no
663,ARKANSAS,South,2023,16,0,0,0,0,0,0,0,0,0.937328153604613,-0.348447890595089,no
664,ARKANSAS,South,2023,17,0,0,0,0,0,0,0,0,0.888681774293145,-0.458524485757508,no
665,ARKANSAS,South,2023,18,0,0,0,0,0,0,0,0,0.827164326225506,-0.561960120844802,no
666,ARKANSAS,South,2023,19,0,0,0,0,0,0,0,0,0.75366678671966,-0.657256703728203,no
667,ARKANSAS,South,2023,20,0,0,0,0,0,0,0,0,0.66925364467563,-0.743034022833669,no
668,ARKANSAS,South,2023,21,0,0,0,0,0,0,0,0,0.575147483234652,-0.818049737197468,no
669,ARKANSAS,South,2023,22,0,0,0,0,0,0,0,0,0.472711272707723,-0.881217369696629,no
670,ARKANSAS,South,2023,23,0,0,0,0,0,0,0,0,0.363428630230867,-0.93162204285242,no
671,ARKANSAS,South,2023,24,0,0,0,0,0,0,0,0,0.248882332052978,-0.968533729300055,no
672,ARKANSAS,South,2023,25,0,0,0,0,0,0,0,0,0.130731389669801,-0.991417825013754,no
673,ARKANSAS,South,2023,26,0,0,0,0,0,0,0,0,0.0106870218179092,-0.999942892151679,no
674,ARKANSAS,South,2023,27,0,0,0,0,0,0,0,0,-0.109512129665869,-0.99398545937858,no
675,ARKANSAS,South,2023,28,0,0,0,0,0,0,0,0,-0.228125181162749,-0.973631810141525,no
676,ARKANSAS,South,2023,29,0,0,0,0,0,0,0,0,-0.343434221058743,-0.939176732998521,no
677,ARKANSAS,South,2023,30,0,0,0,0,0,0,0,0,-0.453769190820369,-0.891119252099419,no
678,ARKANSAS,South,2023,31,0,0,0,0,0,0,0,0,-0.557532072998533,-0.830155399655967,no
679,ARKANSAS,South,2023,32,0,0,0,0,0,0,0,0,-0.653220035837834,-0.757168135079666,no
680,ARKANSAS,South,2023,33,0,0,0,0,0,0,0,0,-0.739447199280337,-0.673214556791863,no
681,ARKANSAS,South,2023,34,0,0,0,0,0,0,0,0,-0.814964707119669,-0.579510591921625,no
682,ARKANSAS,South,2023,35,0,0,0,0,0,0,0,0,-0.878678814593855,-0.477413385635487,no
683,ARKANSAS,South,2023,36,0,0,0,0,0,0,0,0,-0.929666729448389,-0.368401645160191,no
684,ARKANSAS,South,2023,37,0,0,0,0,0,0,0,0,-0.96718997703823,-0.254054223182352,no
685,ARKANSAS,South,2023,38,0,0,0,0,0,0,0,0,-0.990705095897581,-0.136027250808674,no
686,ARKANSAS,South,2023,39,0,0,0,0,0,0,0,0,-0.999871508870024,-0.0160301512775393,no
687,ARKANSAS,South,2023,40,0,0,0,0,0,0,0,0,-0.994556455798857,0.104199118176771,no
688,ARKANSAS,South,2023,41,0,0,0,0,0,0,0,0,-0.97483691633585,0.222919237727053,no
689,ARKANSAS,South,2023,42,0,0,0,0,0,0,0,0,-0.940998495019784,0.338410745057692,no
690,ARKANSAS,South,2023,43,0,0,0,0,0,0,0,0,-0.893531284772509,0.449000938899674,no
691,ARKANSAS,South,2023,44,0,0,0,0,0,0,0,0,-0.833122768722891,0.553088105310089,no
692,ARKANSAS,South,2023,45,0,0,0,0,0,0,0,0,-0.760647863163829,0.649164715818952,no
693,ARKANSAS,South,2023,46,0,0,0,0,0,0,0,0,-0.677156245853474,0.735839261457031,no
694,ARKANSAS,South,2023,47,0,0,0,0,0,0,0,0,-0.583857153188981,0.811856406435312,no
695,ARKANSAS,South,2023,48,0,0,0,0,0,0,0,0,-0.48210186644033,0.876115169583743,no
696,ARKANSAS,South,2023,49,0,0,0,0,0,0,0,0,-0.373364140701786,0.927684870221573,no
697,ARKANSAS,South,2023,50,0,0,0,0,0,0,0,0,-0.25921886001492,0.965818607510005,no
698,ARKANSAS,South,2023,51,0,0,0,0,0,0,0,0,-0.141319227808016,0.989964078061293,no
699,ARKANSAS,South,2023,52,0,0,0,0,0,0,0,0,-0.0213728230101764,0.999771575129327,no
700,ARKANSAS,South,2024,1,0,0,0,0,0,0,0,0,0.120128619954843,0.992758336488667,no
701,ARKANSAS,South,2024,2,0,0,0,0,0,0,0,0,0.238517377822098,0.97113822933549,no
702,ARKANSAS,South,2024,3,0,0,0,0,0,0,0,0,0.353451610505767,0.935452809622634,no
703,ARKANSAS,South,2024,4,0,0,0,0,0,0,0,0,0.463266687927793,0.886218920953741,no
704,ARKANSAS,South,2024,5,0,0,0,0,0,0,0,0,0.566372122409852,0.824149633839001,no
705,ARKANSAS,South,2024,6,0,0,0,0,0,0,0,0,0.661274604226529,0.750143918061759,no
706,ARKANSAS,South,2024,7,0,0,0,0,0,0,0,0,0.746599629698408,0.665273622605165,no
707,ARKANSAS,South,2024,8,0,0,0,0,0,0,0,0,0.821111408578364,0.570767951712827,no
708,ARKANSAS,South,2024,9,0,0,0,0,0,0,0,0,0.883730762405837,0.467995661921774,no
709,ARKANSAS,South,2024,10,0,0,0,0,0,0,0,0,0.933550754601395,0.358445237913918,no
710,ARKANSAS,South,2024,11,0,0,0,0,0,0,0,0,0.969849825925805,0.243703334305638,no
711,ARKANSAS,South,2024,12,0,0,0,0,0,0,0,0,0.992102245058455,0.125431795610095,no
712,ARKANSAS,South,2024,13,0,0,0,0,0,0,0,0,0.999985722936002,0.00534358719969101,no
713,ARKANSAS,South,2024,14,0,0,0,0,0,0,0,0,0.99338608057027,-0.1148220141316,no
714,ARKANSAS,South,2024,15,0,0,0,0,0,0,0,0,0.972398902739873,-0.233324610682822,no
715,ARKANSAS,South,2024,16,0,0,0,0,0,0,0,0,0.937328153604613,-0.348447890595089,no
716,ARKANSAS,South,2024,17,0,0,0,0,0,0,0,0,0.888681774293145,-0.458524485757508,no
717,ARKANSAS,South,2024,18,0,0,0,0,0,0,0,0,0.827164326225506,-0.561960120844802,no
718,ARKANSAS,South,2024,19,0,0,0,0,0,0,0,0,0.75366678671966,-0.657256703728203,no
719,ARKANSAS,South,2024,20,0,0,0,0,0,0,0,0,0.66925364467563,-0.743034022833669,no
720,ARKANSAS,South,2024,21,0,0,0,0,0,0,0,0,0.575147483234652,-0.818049737197468,no
721,ARKANSAS,South,2024,22,0,0,0,0,0,0,0,0,0.472711272707723,-0.881217369696629,no
722,ARKANSAS,South,2024,23,0,0,0,0,0,0,0,0,0.363428630230867,-0.93162204285242,no
723,ARKANSAS,South,2024,24,0,0,0,0,0,0,0,0,0.248882332052978,-0.968533729300055,no
724,ARKANSAS,South,2024,25,0,0,0,0,0,0,0,1,0.130731389669801,-0.991417825013754,yes
725,ARKANSAS,South,2024,26,0,0,0,0,0,0,0,1,0.0106870218179092,-0.999942892151679,yes
726,ARKANSAS,South,2024,27,0,0,0,0,0,0,0,1,-0.109512129665869,-0.99398545937858,yes
727,ARKANSAS,South,2024,28,0,0,0,0,0,0,0,1,-0.228125181162749,-0.973631810141525,yes
728,ARKANSAS,South,2024,29,1,0,0,0,0,0,0,0,-0.343434221058743,-0.939176732998521,no
729,ARKANSAS,South,2024,30,0,1,0,0,1,1,1,0,-0.453769190820369,-0.891119252099419,no
730,ARKANSAS,South,2024,31,0,0,1,0,1,1,1,0,-0.557532072998533,-0.830155399655967,no
731,ARKANSAS,South,2024,32,0,0,0,0,1,1,1,0,-0.653220035837834,-0.757168135079666,no
732,ARKANSAS,South,2024,33,0,0,0,1,1,1,1,0,-0.739447199280337,-0.673214556791863,no
733,ARKANSAS,South,2024,34,0,0,0,0,0,1,1,0,-0.814964707119669,-0.579510591921625,no
734,ARKANSAS,South,2024,35,0,0,0,0,0,1,1,0,-0.878678814593855,-0.477413385635487,no
735,ARKANSAS,South,2024,36,0,0,0,0,0,1,1,0,-0.929666729448389,-0.368401645160191,no
736,ARKANSAS,South,2024,37,0,0,0,0,0,1,1,0,-0.96718997703823,-0.254054223182352,no
737,ARKANSAS,South,2024,38,0,0,0,0,0,0,0,0,-0.990705095897581,-0.136027250808674,no
738,ARKANSAS,South,2024,39,0,0,0,0,0,0,0,0,-0.999871508870024,-0.0160301512775393,no
739,ARKANSAS,South,2024,40,0,0,0,0,0,0,0,0,-0.994556455798857,0.104199118176771,no
740,ARKANSAS,South,2024,41,0,0,0,0,0,0,0,0,-0.97483691633585,0.222919237727053,no
741,ARKANSAS,South,2024,42,0,0,0,0,0,0,0,1,-0.940998495019784,0.338410745057692,yes
742,ARKANSAS,South,2024,43,0,0,0,0,0,0,0,1,-0.893531284772509,0.449000938899674,yes
743,ARKANSAS,South,2024,44,0,0,0,0,0,0,0,1,-0.833122768722891,0.553088105310089,yes
744,ARKANSAS,South,2024,45,0,0,0,0,0,0,0,1,-0.760647863163829,0.649164715818952,yes
745,ARKANSAS,South,2024,46,1,0,0,0,0,0,0,0,-0.677156245853474,0.735839261457031,no
746,ARKANSAS,South,2024,47,0,1,0,0,1,1,1,0,-0.583857153188981,0.811856406435312,no
747,ARKANSAS,South,2024,48,0,0,1,0,1,1,1,0,-0.48210186644033,0.876115169583743,no
748,ARKANSAS,South,2024,49,0,0,0,0,1,1,1,0,-0.373364140701786,0.927684870221573,no
749,ARKANSAS,South,2024,50,0,0,0,1,1,1,1,0,-0.25921886001492,0.965818607510005,no
750,ARKANSAS,South,2024,51,0,0,0,0,0,1,1,0,-0.141319227808016,0.989964078061293,no
751,ARKANSAS,South,2024,52,0,0,0,0,0,1,1,0,-0.0213728230101764,0.999771575129327,no
752,ARKANSAS,South,2025,1,0,0,0,0,0,1,1,0,0.120128619954843,0.992758336488667,no
753,ARKANSAS,South,2025,2,0,0,0,0,0,1,1,0,0.238517377822098,0.97113822933549,no
754,ARKANSAS,South,2025,3,0,0,0,0,0,0,0,0,0.353451610505767,0.935452809622634,no
755,ARKANSAS,South,2025,4,0,0,0,0,0,0,0,0,0.463266687927793,0.886218920953741,no
756,ARKANSAS,South,2025,5,0,0,0,0,0,0,0,0,0.566372122409852,0.824149633839001,no
757,ARKANSAS,South,2025,6,0,0,0,0,0,0,0,0,0.661274604226529,0.750143918061759,no
758,ARKANSAS,South,2025,7,0,0,0,0,0,0,0,0,0.746599629698408,0.665273622605165,no
759,ARKANSAS,South,2025,8,0,0,0,0,0,0,0,0,0.821111408578364,0.570767951712827,no
760,ARKANSAS,South,2025,9,0,0,0,0,0,0,0,0,0.883730762405837,0.467995661921774,no
761,ARKANSAS,South,2025,10,0,0,0,0,0,0,0,0,0.933550754601395,0.358445237913918,no
762,ARKANSAS,South,2025,11,0,0,0,0,0,0,0,0,0.969849825925805,0.243703334305638,no
763,ARKANSAS,South,2025,12,0,0,0,0,0,0,0,0,0.992102245058455,0.125431795610095,no
764,ARKANSAS,South,2025,13,0,0,0,0,0,0,0,0,0.999985722936002,0.00534358719969101,no
765,ARKANSAS,South,2025,14,0,0,0,0,0,0,0,0,0.99338608057027,-0.1148220141316,no
766,ARKANSAS,South,2025,15,0,0,0,0,0,0,0,0,0.972398902739873,-0.233324610682822,no
767,ARKANSAS,South,2025,16,0,0,0,0,0,0,0,0,0.937328153604613,-0.348447890595089,no
768,ARKANSAS,South,2025,17,0,0,0,0,0,0,0,0,0.888681774293145,-0.458524485757508,no
769,ARKANSAS,South,2025,18,0,0,0,0,0,0,0,0,0.827164326225506,-0.561960120844802,no
770,ARKANSAS,South,2025,19,0,0,0,0,0,0,0,0,0.75366678671966,-0.657256703728203,no
771,ARKANSAS,South,2025,20,0,0,0,0,0,0,0,0,0.66925364467563,-0.743034022833669,no
772,ARKANSAS,South,2025,21,0,0,0,0,0,0,0,0,0.575147483234652,-0.818049737197468,no
773,ARKANSAS,South,2025,22,0,0,0,0,0,0,0,0,0.472711272707723,-0.881217369696629,no
774,ARKANSAS,South,2025,23,0,0,0,0,0,0,0,0,0.363428630230867,-0.93162204285242,no
775,ARKANSAS,South,2025,24,0,0,0,0,0,0,0,0,0.248882332052978,-0.968533729300055,no
776,ARKANSAS,South,2025,25,0,0,0,0,0,0,0,0,0.130731389669801,-0.991417825013754,no
777,ARKANSAS,South,2025,26,0,0,0,0,0,0,0,0,0.0106870218179092,-0.999942892151679,no
778,ARKANSAS,South,2025,27,0,0,0,0,0,0,0,0,-0.109512129665869,-0.99398545937858,no
779,ARKANSAS,South,2025,28,0,0,0,0,0,0,0,0,-0.228125181162749,-0.973631810141525,no
780,ARKANSAS,South,2025,29,0,0,0,0,0,0,0,0,-0.343434221058743,-0.939176732998521,no
781,ARKANSAS,South,2025,30,0,0,0,0,0,0,0,0,-0.453769190820369,-0.891119252099419,no
782,ARKANSAS,South,2025,31,0,0,0,0,0,0,0,1,-0.557532072998533,-0.830155399655967,yes
783,ARKANSAS,South,2025,32,0,0,0,0,0,0,0,2,-0.653220035837834,-0.757168135079666,yes
784,ARKANSAS,South,2025,33,0,0,0,0,0,0,0,3,-0.739447199280337,-0.673214556791863,yes
785,ARKANSAS,South,2025,34,0,0,0,0,0,0,0,4,-0.814964707119669,-0.579510591921625,yes
786,ARKANSAS,South,2025,35,1,0,0,0,0,0,0,3,-0.878678814593855,-0.477413385635487,yes
787,ARKANSAS,South,2025,36,1,1,0,0,1,1,1,2,-0.929666729448389,-0.368401645160191,yes
788,ARKANSAS,South,2025,37,1,1,1,0,2,2,2,1,-0.96718997703823,-0.254054223182352,yes
789,ARKANSAS,South,2025,38,1,1,1,0,3,3,3,0,-0.990705095897581,-0.136027250808674,no
790,ARKANSAS,South,2025,39,0,1,1,1,4,4,4,1,-0.999871508870024,-0.0160301512775393,yes
791,ARKANSAS,South,2025,40,0,0,1,1,3,4,4,1,-0.994556455798857,0.104199118176771,yes
792,ARKANSAS,South,2025,41,0,0,0,1,2,4,4,2,-0.97483691633585,0.222919237727053,yes
793,ARKANSAS,South,2025,42,0,0,0,1,1,4,4,2,-0.940998495019784,0.338410745057692,yes
794,ARKANSAS,South,2025,43,1,0,0,0,0,4,4,2,-0.893531284772509,0.449000938899674,yes
795,ARKANSAS,South,2025,44,0,1,0,0,1,4,4,2,-0.833122768722891,0.553088105310089,yes
796,ARKANSAS,South,2025,45,1,0,1,0,1,3,3,1,-0.760647863163829,0.649164715818952,yes
797,ARKANSAS,South,2025,46,0,1,0,0,2,3,3,1,-0.677156245853474,0.735839261457031,yes
798,ARKANSAS,South,2025,47,1,0,1,1,2,2,2,0,-0.583857153188981,0.811856406435312,no
799,ARKANSAS,South,2025,48,0,1,0,0,2,3,3,0,-0.48210186644033,0.876115169583743,no
800,ARKANSAS,South,2025,49,0,0,1,1,2,3,3,0,-0.373364140701786,0.927684870221573,no
801,ARKANSAS,South,2025,50,0,0,0,0,1,3,3,0,-0.25921886001492,0.965818607510005,no
802,ARKANSAS,South,2025,51,0,0,0,1,1,3,3,0,-0.141319227808016,0.989964078061293,no
803,ARKANSAS,South,2025,52,0,0,0,0,0,2,2,0,-0.0213728230101764,0.999771575129327,no
804,ARKANSAS,South,2025,53,0,0,0,0,0,2,2,0,0.0988831313727152,0.995099053526797,no
805,CALIFORNIA,West,2022,9,0,0,0,0,0,0,0,0,0.883730762405837,0.467995661921774,no
806,CALIFORNIA,West,2022,10,0,0,0,0,0,0,0,0,0.933550754601395,0.358445237913918,no
807,CALIFORNIA,West,2022,11,0,0,0,0,0,0,0,0,0.969849825925805,0.243703334305638,no
808,CALIFORNIA,West,2022,12,0,0,0,0,0,0,0,0,0.992102245058455,0.125431795610095,no
809,CALIFORNIA,West,2022,13,0,0,0,0,0,0,0,0,0.999985722936002,0.00534358719969101,no
810,CALIFORNIA,West,2022,14,0,0,0,0,0,0,0,0,0.99338608057027,-0.1148220141316,no
811,CALIFORNIA,West,2022,15,0,0,0,0,0,0,0,0,0.972398902739873,-0.233324610682822,no
812,CALIFORNIA,West,2022,16,0,0,0,0,0,0,0,0,0.937328153604613,-0.348447890595089,no
813,CALIFORNIA,West,2022,17,0,0,0,0,0,0,0,0,0.888681774293145,-0.458524485757508,no
814,CALIFORNIA,West,2022,18,0,0,0,0,0,0,0,0,0.827164326225506,-0.561960120844802,no
815,CALIFORNIA,West,2022,19,0,0,0,0,0,0,0,0,0.75366678671966,-0.657256703728203,no
816,CALIFORNIA,West,2022,20,0,0,0,0,0,0,0,0,0.66925364467563,-0.743034022833669,no
817,CALIFORNIA,West,2022,21,0,0,0,0,0,0,0,0,0.575147483234652,-0.818049737197468,no
818,CALIFORNIA,West,2022,22,0,0,0,0,0,0,0,0,0.472711272707723,-0.881217369696629,no
819,CALIFORNIA,West,2022,23,0,0,0,0,0,0,0,0,0.363428630230867,-0.93162204285242,no
820,CALIFORNIA,West,2022,24,0,0,0,0,0,0,0,0,0.248882332052978,-0.968533729300055,no
821,CALIFORNIA,West,2022,25,0,0,0,0,0,0,0,0,0.130731389669801,-0.991417825013754,no
822,CALIFORNIA,West,2022,26,0,0,0,0,0,0,0,0,0.0106870218179092,-0.999942892151679,no
823,CALIFORNIA,West,2022,27,0,0,0,0,0,0,0,0,-0.109512129665869,-0.99398545937858,no
824,CALIFORNIA,West,2022,28,0,0,0,0,0,0,0,0,-0.228125181162749,-0.973631810141525,no
825,CALIFORNIA,West,2022,29,0,0,0,0,0,0,0,0,-0.343434221058743,-0.939176732998521,no
826,CALIFORNIA,West,2022,30,0,0,0,0,0,0,0,0,-0.453769190820369,-0.891119252099419,no
827,CALIFORNIA,West,2022,31,0,0,0,0,0,0,0,0,-0.557532072998533,-0.830155399655967,no
828,CALIFORNIA,West,2022,32,0,0,0,0,0,0,0,0,-0.653220035837834,-0.757168135079666,no
829,CALIFORNIA,West,2022,33,0,0,0,0,0,0,0,0,-0.739447199280337,-0.673214556791863,no
830,CALIFORNIA,West,2022,34,0,0,0,0,0,0,0,0,-0.814964707119669,-0.579510591921625,no
831,CALIFORNIA,West,2022,35,0,0,0,0,0,0,0,0,-0.878678814593855,-0.477413385635487,no
832,CALIFORNIA,West,2022,36,0,0,0,0,0,0,0,0,-0.929666729448389,-0.368401645160191,no
833,CALIFORNIA,West,2022,37,0,0,0,0,0,0,0,0,-0.96718997703823,-0.254054223182352,no
834,CALIFORNIA,West,2022,38,0,0,0,0,0,0,0,0,-0.990705095897581,-0.136027250808674,no
835,CALIFORNIA,West,2022,39,0,0,0,0,0,0,0,0,-0.999871508870024,-0.0160301512775393,no
836,CALIFORNIA,West,2022,40,0,0,0,0,0,0,0,0,-0.994556455798857,0.104199118176771,no
837,CALIFORNIA,West,2022,41,0,0,0,0,0,0,0,0,-0.97483691633585,0.222919237727053,no
838,CALIFORNIA,West,2022,42,0,0,0,0,0,0,0,0,-0.940998495019784,0.338410745057692,no
839,CALIFORNIA,West,2022,43,0,0,0,0,0,0,0,0,-0.893531284772509,0.449000938899674,no
840,CALIFORNIA,West,2022,44,0,0,0,0,0,0,0,0,-0.833122768722891,0.553088105310089,no
841,CALIFORNIA,West,2022,45,0,0,0,0,0,0,0,0,-0.760647863163829,0.649164715818952,no
842,CALIFORNIA,West,2022,46,0,0,0,0,0,0,0,0,-0.677156245853474,0.735839261457031,no
843,CALIFORNIA,West,2022,47,0,0,0,0,0,0,0,0,-0.583857153188981,0.811856406435312,no
844,CALIFORNIA,West,2022,48,0,0,0,0,0,0,0,0,-0.48210186644033,0.876115169583743,no
845,CALIFORNIA,West,2022,49,0,0,0,0,0,0,0,0,-0.373364140701786,0.927684870221573,no
846,CALIFORNIA,West,2022,50,0,0,0,0,0,0,0,0,-0.25921886001492,0.965818607510005,no
847,CALIFORNIA,West,2022,51,0,0,0,0,0,0,0,0,-0.141319227808016,0.989964078061293,no
848,CALIFORNIA,West,2022,52,0,0,0,0,0,0,0,0,-0.0213728230101764,0.999771575129327,no
849,CALIFORNIA,West,2023,1,0,0,0,0,0,0,0,0,0.120128619954843,0.992758336488667,no
850,CALIFORNIA,West,2023,2,0,0,0,0,0,0,0,0,0.238517377822098,0.97113822933549,no
851,CALIFORNIA,West,2023,3,0,0,0,0,0,0,0,0,0.353451610505767,0.935452809622634,no
852,CALIFORNIA,West,2023,4,0,0,0,0,0,0,0,0,0.463266687927793,0.886218920953741,no
853,CALIFORNIA,West,2023,5,0,0,0,0,0,0,0,0,0.566372122409852,0.824149633839001,no
854,CALIFORNIA,West,2023,6,0,0,0,0,0,0,0,0,0.661274604226529,0.750143918061759,no
855,CALIFORNIA,West,2023,7,0,0,0,0,0,0,0,0,0.746599629698408,0.665273622605165,no
856,CALIFORNIA,West,2023,8,0,0,0,0,0,0,0,0,0.821111408578364,0.570767951712827,no
857,CALIFORNIA,West,2023,9,0,0,0,0,0,0,0,0,0.883730762405837,0.467995661921774,no
858,CALIFORNIA,West,2023,10,0,0,0,0,0,0,0,0,0.933550754601395,0.358445237913918,no
859,CALIFORNIA,West,2023,11,0,0,0,0,0,0,0,0,0.969849825925805,0.243703334305638,no
860,CALIFORNIA,West,2023,12,0,0,0,0,0,0,0,0,0.992102245058455,0.125431795610095,no
861,CALIFORNIA,West,2023,13,0,0,0,0,0,0,0,0,0.999985722936002,0.00534358719969101,no
862,CALIFORNIA,West,2023,14,0,0,0,0,0,0,0,0,0.99338608057027,-0.1148220141316,no
863,CALIFORNIA,West,2023,15,0,0,0,0,0,0,0,0,0.972398902739873,-0.233324610682822,no
864,CALIFORNIA,West,2023,16,0,0,0,0,0,0,0,0,0.937328153604613,-0.348447890595089,no
865,CALIFORNIA,West,2023,17,0,0,0,0,0,0,0,0,0.888681774293145,-0.458524485757508,no
866,CALIFORNIA,West,2023,18,0,0,0,0,0,0,0,0,0.827164326225506,-0.561960120844802,no
867,CALIFORNIA,West,2023,19,0,0,0,0,0,0,0,0,0.75366678671966,-0.657256703728203,no
868,CALIFORNIA,West,2023,20,0,0,0,0,0,0,0,0,0.66925364467563,-0.743034022833669,no
869,CALIFORNIA,West,2023,21,0,0,0,0,0,0,0,0,0.575147483234652,-0.818049737197468,no
870,CALIFORNIA,West,2023,22,0,0,0,0,0,0,0,0,0.472711272707723,-0.881217369696629,no
871,CALIFORNIA,West,2023,23,0,0,0,0,0,0,0,0,0.363428630230867,-0.93162204285242,no
872,CALIFORNIA,West,2023,24,0,0,0,0,0,0,0,0,0.248882332052978,-0.968533729300055,no
873,CALIFORNIA,West,2023,25,0,0,0,0,0,0,0,0,0.130731389669801,-0.991417825013754,no
874,CALIFORNIA,West,2023,26,0,0,0,0,0,0,0,0,0.0106870218179092,-0.999942892151679,no
875,CALIFORNIA,West,2023,27,0,0,0,0,0,0,0,0,-0.109512129665869,-0.99398545937858,no
876,CALIFORNIA,West,2023,28,0,0,0,0,0,0,0,0,-0.228125181162749,-0.973631810141525,no
877,CALIFORNIA,West,2023,29,0,0,0,0,0,0,0,0,-0.343434221058743,-0.939176732998521,no
878,CALIFORNIA,West,2023,30,0,0,0,0,0,0,0,0,-0.453769190820369,-0.891119252099419,no
879,CALIFORNIA,West,2023,31,0,0,0,0,0,0,0,0,-0.557532072998533,-0.830155399655967,no
880,CALIFORNIA,West,2023,32,0,0,0,0,0,0,0,0,-0.653220035837834,-0.757168135079666,no
881,CALIFORNIA,West,2023,33,0,0,0,0,0,0,0,0,-0.739447199280337,-0.673214556791863,no
882,CALIFORNIA,West,2023,34,0,0,0,0,0,0,0,0,-0.814964707119669,-0.579510591921625,no
883,CALIFORNIA,West,2023,35,0,0,0,0,0,0,0,0,-0.878678814593855,-0.477413385635487,no
884,CALIFORNIA,West,2023,36,0,0,0,0,0,0,0,0,-0.929666729448389,-0.368401645160191,no
885,CALIFORNIA,West,2023,37,0,0,0,0,0,0,0,0,-0.96718997703823,-0.254054223182352,no
886,CALIFORNIA,West,2023,38,0,0,0,0,0,0,0,0,-0.990705095897581,-0.136027250808674,no
887,CALIFORNIA,West,2023,39,0,0,0,0,0,0,0,0,-0.999871508870024,-0.0160301512775393,no
888,CALIFORNIA,West,2023,40,0,0,0,0,0,0,0,0,-0.994556455798857,0.104199118176771,no
889,CALIFORNIA,West,2023,41,0,0,0,0,0,0,0,0,-0.97483691633585,0.222919237727053,no
890,CALIFORNIA,West,2023,42,0,0,0,0,0,0,0,0,-0.940998495019784,0.338410745057692,no
891,CALIFORNIA,West,2023,43,0,0,0,0,0,0,0,0,-0.893531284772509,0.449000938899674,no
892,CALIFORNIA,West,2023,44,0,0,0,0,0,0,0,0,-0.833122768722891,0.553088105310089,no
893,CALIFORNIA,West,2023,45,0,0,0,0,0,0,0,0,-0.760647863163829,0.649164715818952,no
894,CALIFORNIA,West,2023,46,0,0,0,0,0,0,0,0,-0.677156245853474,0.735839261457031,no
895,CALIFORNIA,West,2023,47,0,0,0,0,0,0,0,0,-0.583857153188981,0.811856406435312,no
896,CALIFORNIA,West,2023,48,0,0,0,0,0,0,0,0,-0.48210186644033,0.876115169583743,no
897,CALIFORNIA,West,2023,49,0,0,0,0,0,0,0,0,-0.373364140701786,0.927684870221573,no
898,CALIFORNIA,West,2023,50,0,0,0,0,0,0,0,0,-0.25921886001492,0.965818607510005,no
899,CALIFORNIA,West,2023,51,0,0,0,0,0,0,0,0,-0.141319227808016,0.989964078061293,no
900,CALIFORNIA,West,2023,52,0,0,0,0,0,0,0,0,-0.0213728230101764,0.999771575129327,no
901,CALIFORNIA,West,2024,1,0,0,0,0,0,0,0,0,0.120128619954843,0.992758336488667,no
902,CALIFORNIA,West,2024,2,0,0,0,0,0,0,0,0,0.238517377822098,0.97113822933549,no
903,CALIFORNIA,West,2024,3,0,0,0,0,0,0,0,0,0.353451610505767,0.935452809622634,no
904,CALIFORNIA,West,2024,4,0,0,0,0,0,0,0,0,0.463266687927793,0.886218920953741,no
905,CALIFORNIA,West,2024,5,0,0,0,0,0,0,0,0,0.566372122409852,0.824149633839001,no
906,CALIFORNIA,West,2024,6,0,0,0,0,0,0,0,0,0.661274604226529,0.750143918061759,no
907,CALIFORNIA,West,2024,7,0,0,0,0,0,0,0,0,0.746599629698408,0.665273622605165,no
908,CALIFORNIA,West,2024,8,0,0,0,0,0,0,0,0,0.821111408578364,0.570767951712827,no
909,CALIFORNIA,West,2024,9,0,0,0,0,0,0,0,0,0.883730762405837,0.467995661921774,no
910,CALIFORNIA,West,2024,10,0,0,0,0,0,0,0,0,0.933550754601395,0.358445237913918,no
911,CALIFORNIA,West,2024,11,0,0,0,0,0,0,0,0,0.969849825925805,0.243703334305638,no
912,CALIFORNIA,West,2024,12,0,0,0,0,0,0,0,0,0.992102245058455,0.125431795610095,no
913,CALIFORNIA,West,2024,13,0,0,0,0,0,0,0,0,0.999985722936002,0.00534358719969101,no
914,CALIFORNIA,West,2024,14,0,0,0,0,0,0,0,0,0.99338608057027,-0.1148220141316,no
915,CALIFORNIA,West,2024,15,0,0,0,0,0,0,0,0,0.972398902739873,-0.233324610682822,no
916,CALIFORNIA,West,2024,16,0,0,0,0,0,0,0,0,0.937328153604613,-0.348447890595089,no
917,CALIFORNIA,West,2024,17,0,0,0,0,0,0,0,0,0.888681774293145,-0.458524485757508,no
918,CALIFORNIA,West,2024,18,0,0,0,0,0,0,0,0,0.827164326225506,-0.561960120844802,no
919,CALIFORNIA,West,2024,19,0,0,0,0,0,0,0,0,0.75366678671966,-0.657256703728203,no
920,CALIFORNIA,West,2024,20,0,0,0,0,0,0,0,0,0.66925364467563,-0.743034022833669,no
921,CALIFORNIA,West,2024,21,0,0,0,0,0,0,0,0,0.575147483234652,-0.818049737197468,no
922,CALIFORNIA,West,2024,22,0,0,0,0,0,0,0,0,0.472711272707723,-0.881217369696629,no
923,CALIFORNIA,West,2024,23,0,0,0,0,0,0,0,0,0.363428630230867,-0.93162204285242,no
924,CALIFORNIA,West,2024,24,0,0,0,0,0,0,0,0,0.248882332052978,-0.968533729300055,no
925,CALIFORNIA,West,2024,25,0,0,0,0,0,0,0,0,0.130731389669801,-0.991417825013754,no
926,CALIFORNIA,West,2024,26,0,0,0,0,0,0,0,0,0.0106870218179092,-0.999942892151679,no
927,CALIFORNIA,West,2024,27,0,0,0,0,0,0,0,0,-0.109512129665869,-0.99398545937858,no
928,CALIFORNIA,West,2024,28,0,0,0,0,0,0,0,0,-0.228125181162749,-0.973631810141525,no
929,CALIFORNIA,West,2024,29,0,0,0,0,0,0,0,0,-0.343434221058743,-0.939176732998521,no
930,CALIFORNIA,West,2024,30,0,0,0,0,0,0,0,0,-0.453769190820369,-0.891119252099419,no
931,CALIFORNIA,West,2024,31,0,0,0,0,0,0,0,0,-0.557532072998533,-0.830155399655967,no
932,CALIFORNIA,West,2024,32,0,0,0,0,0,0,0,0,-0.653220035837834,-0.757168135079666,no
933,CALIFORNIA,West,2024,33,0,0,0,0,0,0,0,0,-0.739447199280337,-0.673214556791863,no
934,CALIFORNIA,West,2024,34,0,0,0,0,0,0,0,0,-0.814964707119669,-0.579510591921625,no
935,CALIFORNIA,West,2024,35,0,0,0,0,0,0,0,0,-0.878678814593855,-0.477413385635487,no
936,CALIFORNIA,West,2024,36,0,0,0,0,0,0,0,0,-0.929666729448389,-0.368401645160191,no
937,CALIFORNIA,West,2024,37,0,0,0,0,0,0,0,0,-0.96718997703823,-0.254054223182352,no
938,CALIFORNIA,West,2024,38,0,0,0,0,0,0,0,0,-0.990705095897581,-0.136027250808674,no
939,CALIFORNIA,West,2024,39,0,0,0,0,0,0,0,0,-0.999871508870024,-0.0160301512775393,no
940,CALIFORNIA,West,2024,40,0,0,0,0,0,0,0,0,-0.994556455798857,0.104199118176771,no
941,CALIFORNIA,West,2024,41,0,0,0,0,0,0,0,0,-0.97483691633585,0.222919237727053,no
942,CALIFORNIA,West,2024,42,0,0,0,0,0,0,0,0,-0.940998495019784,0.338410745057692,no
943,CALIFORNIA,West,2024,43,0,0,0,0,0,0,0,0,-0.893531284772509,0.449000938899674,no
944,CALIFORNIA,West,2024,44,0,0,0,0,0,0,0,0,-0.833122768722891,0.553088105310089,no
945,CALIFORNIA,West,2024,45,0,0,0,0,0,0,0,0,-0.760647863163829,0.649164715818952,no
946,CALIFORNIA,West,2024,46,0,0,0,0,0,0,0,0,-0.677156245853474,0.735839261457031,no
947,CALIFORNIA,West,2024,47,0,0,0,0,0,0,0,0,-0.583857153188981,0.811856406435312,no
948,CALIFORNIA,West,2024,48,0,0,0,0,0,0,0,0,-0.48210186644033,0.876115169583743,no
949,CALIFORNIA,West,2024,49,0,0,0,0,0,0,0,0,-0.373364140701786,0.927684870221573,no
950,CALIFORNIA,West,2024,50,0,0,0,0,0,0,0,0,-0.25921886001492,0.965818607510005,no
951,CALIFORNIA,West,2024,51,0,0,0,0,0,0,0,0,-0.141319227808016,0.989964078061293,no
952,CALIFORNIA,West,2024,52,0,0,0,0,0,0,0,0,-0.0213728230101764,0.999771575129327,no
953,CALIFORNIA,West,2025,1,0,0,0,0,0,0,0,0,0.120128619954843,0.992758336488667,no
954,CALIFORNIA,West,2025,2,0,0,0,0,0,0,0,0,0.238517377822098,0.97113822933549,no
955,CALIFORNIA,West,2025,3,0,0,0,0,0,0,0,0,0.353451610505767,0.935452809622634,no
956,CALIFORNIA,West,2025,4,0,0,0,0,0,0,0,0,0.463266687927793,0.886218920953741,no
957,CALIFORNIA,West,2025,5,0,0,0,0,0,0,0,0,0.566372122409852,0.824149633839001,no
958,CALIFORNIA,West,2025,6,0,0,0,0,0,0,0,0,0.661274604226529,0.750143918061759,no
959,CALIFORNIA,West,2025,7,0,0,0,0,0,0,0,0,0.746599629698408,0.665273622605165,no
960,CALIFORNIA,West,2025,8,0,0,0,0,0,0,0,0,0.821111408578364,0.570767951712827,no
961,CALIFORNIA,West,2025,9,0,0,0,0,0,0,0,0,0.883730762405837,0.467995661921774,no
962,CALIFORNIA,West,2025,10,0,0,0,0,0,0,0,0,0.933550754601395,0.358445237913918,no
963,CALIFORNIA,West,2025,11,0,0,0,0,0,0,0,0,0.969849825925805,0.243703334305638,no
964,CALIFORNIA,West,2025,12,0,0,0,0,0,0,0,0,0.992102245058455,0.125431795610095,no
965,CALIFORNIA,West,2025,13,0,0,0,0,0,0,0,0,0.999985722936002,0.00534358719969101,no
966,CALIFORNIA,West,2025,14,0,0,0,0,0,0,0,0,0.99338608057027,-0.1148220141316,no
967,CALIFORNIA,West,2025,15,0,0,0,0,0,0,0,0,0.972398902739873,-0.233324610682822,no
968,CALIFORNIA,West,2025,16,0,0,0,0,0,0,0,0,0.937328153604613,-0.348447890595089,no
969,CALIFORNIA,West,2025,17,0,0,0,0,0,0,0,0,0.888681774293145,-0.458524485757508,no
970,CALIFORNIA,West,2025,18,0,0,0,0,0,0,0,0,0.827164326225506,-0.561960120844802,no
971,CALIFORNIA,West,2025,19,0,0,0,0,0,0,0,0,0.75366678671966,-0.657256703728203,no
972,CALIFORNIA,West,2025,20,0,0,0,0,0,0,0,0,0.66925364467563,-0.743034022833669,no
973,CALIFORNIA,West,2025,21,0,0,0,0,0,0,0,0,0.575147483234652,-0.818049737197468,no
974,CALIFORNIA,West,2025,22,0,0,0,0,0,0,0,0,0.472711272707723,-0.881217369696629,no
975,CALIFORNIA,West,2025,23,0,0,0,0,0,0,0,0,0.363428630230867,-0.93162204285242,no
976,CALIFORNIA,West,2025,24,0,0,0,0,0,0,0,0,0.248882332052978,-0.968533729300055,no
977,CALIFORNIA,West,2025,25,0,0,0,0,0,0,0,0,0.130731389669801,-0.991417825013754,no
978,CALIFORNIA,West,2025,26,0,0,0,0,0,0,0,0,0.0106870218179092,-0.999942892151679,no
979,CALIFORNIA,West,2025,27,0,0,0,0,0,0,0,0,-0.109512129665869,-0.99398545937858,no
980,CALIFORNIA,West,2025,28,0,0,0,0,0,0,0,0,-0.228125181162749,-0.973631810141525,no
981,CALIFORNIA,West,2025,29,0,0,0,0,0,0,0,0,-0.343434221058743,-0.939176732998521,no
982,CALIFORNIA,West,2025,30,0,0,0,0,0,0,0,0,-0.453769190820369,-0.891119252099419,no
983,CALIFORNIA,West,2025,31,0,0,0,0,0,0,0,0,-0.557532072998533,-0.830155399655967,no
984,CALIFORNIA,West,2025,32,0,0,0,0,0,0,0,0,-0.653220035837834,-0.757168135079666,no
985,CALIFORNIA,West,2025,33,0,0,0,0,0,0,0,0,-0.739447199280337,-0.673214556791863,no
986,CALIFORNIA,West,2025,34,0,0,0,0,0,0,0,0,-0.814964707119669,-0.579510591921625,no
987,CALIFORNIA,West,2025,35,0,0,0,0,0,0,0,0,-0.878678814593855,-0.477413385635487,no
988,CALIFORNIA,West,2025,36,0,0,0,0,0,0,0,0,-0.929666729448389,-0.368401645160191,no
989,CALIFORNIA,West,2025,37,0,0,0,0,0,0,0,0,-0.96718997703823,-0.254054223182352,no
990,CALIFORNIA,West,2025,38,0,0,0,0,0,0,0,0,-0.990705095897581,-0.136027250808674,no
991,CALIFORNIA,West,2025,39,0,0,0,0,0,0,0,0,-0.999871508870024,-0.0160301512775393,no
992,CALIFORNIA,West,2025,40,0,0,0,0,0,0,0,0,-0.994556455798857,0.104199118176771,no
993,CALIFORNIA,West,2025,41,0,0,0,0,0,0,0,0,-0.97483691633585,0.222919237727053,no
994,CALIFORNIA,West,2025,42,0,0,0,0,0,0,0,0,-0.940998495019784,0.338410745057692,no
995,CALIFORNIA,West,2025,43,0,0,0,0,0,0,0,0,-0.893531284772509,0.449000938899674,no
996,CALIFORNIA,West,2025,44,0,0,0,0,0,0,0,0,-0.833122768722891,0.553088105310089,no
997,CALIFORNIA,West,2025,45,0,0,0,0,0,0,0,0,-0.760647863163829,0.649164715818952,no
998,CALIFORNIA,West,2025,46,0,0,0,0,0,0,0,0,-0.677156245853474,0.735839261457031,no
999,CALIFORNIA,West,2025,47,0,0,0,0,0,0,0,0,-0.583857153188981,0.811856406435312,no
1000,CALIFORNIA,West,2025,48,0,0,0,0,0,0,0,0,-0.48210186644033,0.876115169583743,no
1001,CALIFORNIA,West,2025,49,0,0,0,0,0,0,0,0,-0.373364140701786,0.927684870221573,no
1002,CALIFORNIA,West,2025,50,0,0,0,0,0,0,0,0,-0.25921886001492,0.965818607510005,no
1003,CALIFORNIA,West,2025,51,0,0,0,0,0,0,0,0,-0.141319227808016,0.989964078061293,no
1004,CALIFORNIA,West,2025,52,0,0,0,0,0,0,0,0,-0.0213728230101764,0.999771575129327,no
1005,CALIFORNIA,West,2025,53,0,0,0,0,0,0,0,0,0.0988831313727152,0.995099053526797,no
1006,COLORADO,West,2022,9,0,0,0,0,0,0,0,0,0.883730762405837,0.467995661921774,no
1007,COLORADO,West,2022,10,0,0,0,0,0,0,0,0,0.933550754601395,0.358445237913918,no
1008,COLORADO,West,2022,11,0,0,0,0,0,0,0,0,0.969849825925805,0.243703334305638,no
1009,COLORADO,West,2022,12,0,0,0,0,0,0,0,0,0.992102245058455,0.125431795610095,no
1010,COLORADO,West,2022,13,0,0,0,0,0,0,0,0,0.999985722936002,0.00534358719969101,no
1011,COLORADO,West,2022,14,0,0,0,0,0,0,0,0,0.99338608057027,-0.1148220141316,no
1012,COLORADO,West,2022,15,0,0,0,0,0,0,0,0,0.972398902739873,-0.233324610682822,no
1013,COLORADO,West,2022,16,0,0,0,0,0,0,0,0,0.937328153604613,-0.348447890595089,no
1014,COLORADO,West,2022,17,0,0,0,0,0,0,0,0,0.888681774293145,-0.458524485757508,no
1015,COLORADO,West,2022,18,0,0,0,0,0,0,0,0,0.827164326225506,-0.561960120844802,no
1016,COLORADO,West,2022,19,0,0,0,0,0,0,0,0,0.75366678671966,-0.657256703728203,no
1017,COLORADO,West,2022,20,0,0,0,0,0,0,0,0,0.66925364467563,-0.743034022833669,no
1018,COLORADO,West,2022,21,0,0,0,0,0,0,0,0,0.575147483234652,-0.818049737197468,no
1019,COLORADO,West,2022,22,0,0,0,0,0,0,0,0,0.472711272707723,-0.881217369696629,no
1020,COLORADO,West,2022,23,0,0,0,0,0,0,0,0,0.363428630230867,-0.93162204285242,no
1021,COLORADO,West,2022,24,0,0,0,0,0,0,0,0,0.248882332052978,-0.968533729300055,no
1022,COLORADO,West,2022,25,0,0,0,0,0,0,0,0,0.130731389669801,-0.991417825013754,no
1023,COLORADO,West,2022,26,0,0,0,0,0,0,0,0,0.0106870218179092,-0.999942892151679,no
1024,COLORADO,West,2022,27,0,0,0,0,0,0,0,0,-0.109512129665869,-0.99398545937858,no
1025,COLORADO,West,2022,28,0,0,0,0,0,0,0,0,-0.228125181162749,-0.973631810141525,no
1026,COLORADO,West,2022,29,0,0,0,0,0,0,0,0,-0.343434221058743,-0.939176732998521,no
1027,COLORADO,West,2022,30,0,0,0,0,0,0,0,0,-0.453769190820369,-0.891119252099419,no
1028,COLORADO,West,2022,31,0,0,0,0,0,0,0,0,-0.557532072998533,-0.830155399655967,no
1029,COLORADO,West,2022,32,0,0,0,0,0,0,0,0,-0.653220035837834,-0.757168135079666,no
1030,COLORADO,West,2022,33,0,0,0,0,0,0,0,0,-0.739447199280337,-0.673214556791863,no
1031,COLORADO,West,2022,34,0,0,0,0,0,0,0,0,-0.814964707119669,-0.579510591921625,no
1032,COLORADO,West,2022,35,0,0,0,0,0,0,0,0,-0.878678814593855,-0.477413385635487,no
1033,COLORADO,West,2022,36,0,0,0,0,0,0,0,0,-0.929666729448389,-0.368401645160191,no
1034,COLORADO,West,2022,37,0,0,0,0,0,0,0,0,-0.96718997703823,-0.254054223182352,no
1035,COLORADO,West,2022,38,0,0,0,0,0,0,0,0,-0.990705095897581,-0.136027250808674,no
1036,COLORADO,West,2022,39,0,0,0,0,0,0,0,0,-0.999871508870024,-0.0160301512775393,no
1037,COLORADO,West,2022,40,0,0,0,0,0,0,0,0,-0.994556455798857,0.104199118176771,no
1038,COLORADO,West,2022,41,0,0,0,0,0,0,0,0,-0.97483691633585,0.222919237727053,no
1039,COLORADO,West,2022,42,0,0,0,0,0,0,0,0,-0.940998495019784,0.338410745057692,no
1040,COLORADO,West,2022,43,0,0,0,0,0,0,0,0,-0.893531284772509,0.449000938899674,no
1041,COLORADO,West,2022,44,0,0,0,0,0,0,0,0,-0.833122768722891,0.553088105310089,no
1042,COLORADO,West,2022,45,0,0,0,0,0,0,0,0,-0.760647863163829,0.649164715818952,no
1043,COLORADO,West,2022,46,0,0,0,0,0,0,0,0,-0.677156245853474,0.735839261457031,no
1044,COLORADO,West,2022,47,0,0,0,0,0,0,0,0,-0.583857153188981,0.811856406435312,no
1045,COLORADO,West,2022,48,0,0,0,0,0,0,0,0,-0.48210186644033,0.876115169583743,no
1046,COLORADO,West,2022,49,0,0,0,0,0,0,0,0,-0.373364140701786,0.927684870221573,no
1047,COLORADO,West,2022,50,0,0,0,0,0,0,0,0,-0.25921886001492,0.965818607510005,no
1048,COLORADO,West,2022,51,0,0,0,0,0,0,0,0,-0.141319227808016,0.989964078061293,no
1049,COLORADO,West,2022,52,0,0,0,0,0,0,0,0,-0.0213728230101764,0.999771575129327,no
1050,COLORADO,West,2023,1,0,0,0,0,0,0,0,0,0.120128619954843,0.992758336488667,no
1051,COLORADO,West,2023,2,0,0,0,0,0,0,0,0,0.238517377822098,0.97113822933549,no
1052,COLORADO,West,2023,3,0,0,0,0,0,0,0,0,0.353451610505767,0.935452809622634,no
1053,COLORADO,West,2023,4,0,0,0,0,0,0,0,0,0.463266687927793,0.886218920953741,no
1054,COLORADO,West,2023,5,0,0,0,0,0,0,0,0,0.566372122409852,0.824149633839001,no
1055,COLORADO,West,2023,6,0,0,0,0,0,0,0,0,0.661274604226529,0.750143918061759,no
1056,COLORADO,West,2023,7,0,0,0,0,0,0,0,0,0.746599629698408,0.665273622605165,no
1057,COLORADO,West,2023,8,0,0,0,0,0,0,0,0,0.821111408578364,0.570767951712827,no
1058,COLORADO,West,2023,9,0,0,0,0,0,0,0,0,0.883730762405837,0.467995661921774,no
1059,COLORADO,West,2023,10,0,0,0,0,0,0,0,0,0.933550754601395,0.358445237913918,no
1060,COLORADO,West,2023,11,0,0,0,0,0,0,0,0,0.969849825925805,0.243703334305638,no
1061,COLORADO,West,2023,12,0,0,0,0,0,0,0,0,0.992102245058455,0.125431795610095,no
1062,COLORADO,West,2023,13,0,0,0,0,0,0,0,0,0.999985722936002,0.00534358719969101,no
1063,COLORADO,West,2023,14,0,0,0,0,0,0,0,0,0.99338608057027,-0.1148220141316,no
1064,COLORADO,West,2023,15,0,0,0,0,0,0,0,0,0.972398902739873,-0.233324610682822,no
1065,COLORADO,West,2023,16,0,0,0,0,0,0,0,0,0.937328153604613,-0.348447890595089,no
1066,COLORADO,West,2023,17,0,0,0,0,0,0,0,0,0.888681774293145,-0.458524485757508,no
1067,COLORADO,West,2023,18,0,0,0,0,0,0,0,0,0.827164326225506,-0.561960120844802,no
1068,COLORADO,West,2023,19,0,0,0,0,0,0,0,0,0.75366678671966,-0.657256703728203,no
1069,COLORADO,West,2023,20,0,0,0,0,0,0,0,0,0.66925364467563,-0.743034022833669,no
1070,COLORADO,West,2023,21,0,0,0,0,0,0,0,0,0.575147483234652,-0.818049737197468,no
1071,COLORADO,West,2023,22,0,0,0,0,0,0,0,0,0.472711272707723,-0.881217369696629,no
1072,COLORADO,West,2023,23,0,0,0,0,0,0,0,0,0.363428630230867,-0.93162204285242,no
1073,COLORADO,West,2023,24,0,0,0,0,0,0,0,0,0.248882332052978,-0.968533729300055,no
1074,COLORADO,West,2023,25,0,0,0,0,0,0,0,0,0.130731389669801,-0.991417825013754,no
1075,COLORADO,West,2023,26,0,0,0,0,0,0,0,0,0.0106870218179092,-0.999942892151679,no
1076,COLORADO,West,2023,27,0,0,0,0,0,0,0,0,-0.109512129665869,-0.99398545937858,no
1077,COLORADO,West,2023,28,0,0,0,0,0,0,0,0,-0.228125181162749,-0.973631810141525,no
1078,COLORADO,West,2023,29,0,0,0,0,0,0,0,0,-0.343434221058743,-0.939176732998521,no
1079,COLORADO,West,2023,30,0,0,0,0,0,0,0,0,-0.453769190820369,-0.891119252099419,no
1080,COLORADO,West,2023,31,0,0,0,0,0,0,0,0,-0.557532072998533,-0.830155399655967,no
1081,COLORADO,West,2023,32,0,0,0,0,0,0,0,0,-0.653220035837834,-0.757168135079666,no
1082,COLORADO,West,2023,33,0,0,0,0,0,0,0,0,-0.739447199280337,-0.673214556791863,no
1083,COLORADO,West,2023,34,0,0,0,0,0,0,0,0,-0.814964707119669,-0.579510591921625,no
1084,COLORADO,West,2023,35,0,0,0,0,0,0,0,0,-0.878678814593855,-0.477413385635487,no
1085,COLORADO,West,2023,36,0,0,0,0,0,0,0,0,-0.929666729448389,-0.368401645160191,no
1086,COLORADO,West,2023,37,0,0,0,0,0,0,0,0,-0.96718997703823,-0.254054223182352,no
1087,COLORADO,West,2023,38,0,0,0,0,0,0,0,0,-0.990705095897581,-0.136027250808674,no
1088,COLORADO,West,2023,39,0,0,0,0,0,0,0,0,-0.999871508870024,-0.0160301512775393,no
1089,COLORADO,West,2023,40,0,0,0,0,0,0,0,0,-0.994556455798857,0.104199118176771,no
1090,COLORADO,West,2023,41,0,0,0,0,0,0,0,0,-0.97483691633585,0.222919237727053,no
1091,COLORADO,West,2023,42,0,0,0,0,0,0,0,0,-0.940998495019784,0.338410745057692,no
1092,COLORADO,West,2023,43,0,0,0,0,0,0,0,0,-0.893531284772509,0.449000938899674,no
1093,COLORADO,West,2023,44,0,0,0,0,0,0,0,0,-0.833122768722891,0.553088105310089,no
1094,COLORADO,West,2023,45,0,0,0,0,0,0,0,0,-0.760647863163829,0.649164715818952,no
1095,COLORADO,West,2023,46,0,0,0,0,0,0,0,0,-0.677156245853474,0.735839261457031,no
1096,COLORADO,West,2023,47,0,0,0,0,0,0,0,0,-0.583857153188981,0.811856406435312,no
1097,COLORADO,West,2023,48,0,0,0,0,0,0,0,0,-0.48210186644033,0.876115169583743,no
1098,COLORADO,West,2023,49,0,0,0,0,0,0,0,0,-0.373364140701786,0.927684870221573,no
1099,COLORADO,West,2023,50,0,0,0,0,0,0,0,0,-0.25921886001492,0.965818607510005,no
1100,COLORADO,West,2023,51,0,0,0,0,0,0,0,0,-0.141319227808016,0.989964078061293,no
1101,COLORADO,West,2023,52,0,0,0,0,0,0,0,0,-0.0213728230101764,0.999771575129327,no
1102,COLORADO,West,2024,1,0,0,0,0,0,0,0,0,0.120128619954843,0.992758336488667,no
1103,COLORADO,West,2024,2,0,0,0,0,0,0,0,0,0.238517377822098,0.97113822933549,no
1104,COLORADO,West,2024,3,0,0,0,0,0,0,0,0,0.353451610505767,0.935452809622634,no
1105,COLORADO,West,2024,4,0,0,0,0,0,0,0,0,0.463266687927793,0.886218920953741,no
1106,COLORADO,West,2024,5,0,0,0,0,0,0,0,0,0.566372122409852,0.824149633839001,no
1107,COLORADO,West,2024,6,0,0,0,0,0,0,0,0,0.661274604226529,0.750143918061759,no
1108,COLORADO,West,2024,7,0,0,0,0,0,0,0,0,0.746599629698408,0.665273622605165,no
1109,COLORADO,West,2024,8,0,0,0,0,0,0,0,0,0.821111408578364,0.570767951712827,no
1110,COLORADO,West,2024,9,0,0,0,0,0,0,0,0,0.883730762405837,0.467995661921774,no
1111,COLORADO,West,2024,10,0,0,0,0,0,0,0,0,0.933550754601395,0.358445237913918,no
1112,COLORADO,West,2024,11,0,0,0,0,0,0,0,0,0.969849825925805,0.243703334305638,no
1113,COLORADO,West,2024,12,0,0,0,0,0,0,0,0,0.992102245058455,0.125431795610095,no
1114,COLORADO,West,2024,13,0,0,0,0,0,0,0,0,0.999985722936002,0.00534358719969101,no
1115,COLORADO,West,2024,14,0,0,0,0,0,0,0,0,0.99338608057027,-0.1148220141316,no
1116,COLORADO,West,2024,15,0,0,0,0,0,0,0,0,0.972398902739873,-0.233324610682822,no
1117,COLORADO,West,2024,16,0,0,0,0,0,0,0,0,0.937328153604613,-0.348447890595089,no
1118,COLORADO,West,2024,17,0,0,0,0,0,0,0,0,0.888681774293145,-0.458524485757508,no
1119,COLORADO,West,2024,18,0,0,0,0,0,0,0,0,0.827164326225506,-0.561960120844802,no
1120,COLORADO,West,2024,19,0,0,0,0,0,0,0,0,0.75366678671966,-0.657256703728203,no
1121,COLORADO,West,2024,20,0,0,0,0,0,0,0,0,0.66925364467563,-0.743034022833669,no
1122,COLORADO,West,2024,21,0,0,0,0,0,0,0,0,0.575147483234652,-0.818049737197468,no
1123,COLORADO,West,2024,22,0,0,0,0,0,0,0,0,0.472711272707723,-0.881217369696629,no
1124,COLORADO,West,2024,23,0,0,0,0,0,0,0,0,0.363428630230867,-0.93162204285242,no
1125,COLORADO,West,2024,24,0,0,0,0,0,0,0,0,0.248882332052978,-0.968533729300055,no
1126,COLORADO,West,2024,25,0,0,0,0,0,0,0,0,0.130731389669801,-0.991417825013754,no
1127,COLORADO,West,2024,26,0,0,0,0,0,0,0,0,0.0106870218179092,-0.999942892151679,no
1128,COLORADO,West,2024,27,0,0,0,0,0,0,0,0,-0.109512129665869,-0.99398545937858,no
1129,COLORADO,West,2024,28,0,0,0,0,0,0,0,0,-0.228125181162749,-0.973631810141525,no
1130,COLORADO,West,2024,29,0,0,0,0,0,0,0,0,-0.343434221058743,-0.939176732998521,no
1131,COLORADO,West,2024,30,0,0,0,0,0,0,0,0,-0.453769190820369,-0.891119252099419,no
1132,COLORADO,West,2024,31,0,0,0,0,0,0,0,0,-0.557532072998533,-0.830155399655967,no
1133,COLORADO,West,2024,32,0,0,0,0,0,0,0,0,-0.653220035837834,-0.757168135079666,no
1134,COLORADO,West,2024,33,0,0,0,0,0,0,0,0,-0.739447199280337,-0.673214556791863,no
1135,COLORADO,West,2024,34,0,0,0,0,0,0,0,0,-0.814964707119669,-0.579510591921625,no
1136,COLORADO,West,2024,35,0,0,0,0,0,0,0,0,-0.878678814593855,-0.477413385635487,no
1137,COLORADO,West,2024,36,0,0,0,0,0,0,0,0,-0.929666729448389,-0.368401645160191,no
1138,COLORADO,West,2024,37,0,0,0,0,0,0,0,0,-0.96718997703823,-0.254054223182352,no
1139,COLORADO,West,2024,38,0,0,0,0,0,0,0,0,-0.990705095897581,-0.136027250808674,no
1140,COLORADO,West,2024,39,0,0,0,0,0,0,0,0,-0.999871508870024,-0.0160301512775393,no
1141,COLORADO,West,2024,40,0,0,0,0,0,0,0,0,-0.994556455798857,0.104199118176771,no
1142,COLORADO,West,2024,41,0,0,0,0,0,0,0,0,-0.97483691633585,0.222919237727053,no
1143,COLORADO,West,2024,42,0,0,0,0,0,0,0,0,-0.940998495019784,0.338410745057692,no
1144,COLORADO,West,2024,43,0,0,0,0,0,0,0,0,-0.893531284772509,0.449000938899674,no
1145,COLORADO,West,2024,44,0,0,0,0,0,0,0,0,-0.833122768722891,0.553088105310089,no
1146,COLORADO,West,2024,45,0,0,0,0,0,0,0,0,-0.760647863163829,0.649164715818952,no
1147,COLORADO,West,2024,46,0,0,0,0,0,0,0,0,-0.677156245853474,0.735839261457031,no
1148,COLORADO,West,2024,47,0,0,0,0,0,0,0,0,-0.583857153188981,0.811856406435312,no
1149,COLORADO,West,2024,48,0,0,0,0,0,0,0,0,-0.48210186644033,0.876115169583743,no
1150,COLORADO,West,2024,49,0,0,0,0,0,0,0,0,-0.373364140701786,0.927684870221573,no
1151,COLORADO,West,2024,50,0,0,0,0,0,0,0,0,-0.25921886001492,0.965818607510005,no
1152,COLORADO,West,2024,51,0,0,0,0,0,0,0,0,-0.141319227808016,0.989964078061293,no
1153,COLORADO,West,2024,52,0,0,0,0,0,0,0,0,-0.0213728230101764,0.999771575129327,no
1154,COLORADO,West,2025,1,0,0,0,0,0,0,0,0,0.120128619954843,0.992758336488667,no
1155,COLORADO,West,2025,2,0,0,0,0,0,0,0,0,0.238517377822098,0.97113822933549,no
1156,COLORADO,West,2025,3,0,0,0,0,0,0,0,0,0.353451610505767,0.935452809622634,no
1157,COLORADO,West,2025,4,0,0,0,0,0,0,0,0,0.463266687927793,0.886218920953741,no
1158,COLORADO,West,2025,5,0,0,0,0,0,0,0,0,0.566372122409852,0.824149633839001,no
1159,COLORADO,West,2025,6,0,0,0,0,0,0,0,0,0.661274604226529,0.750143918061759,no
1160,COLORADO,West,2025,7,0,0,0,0,0,0,0,0,0.746599629698408,0.665273622605165,no
1161,COLORADO,West,2025,8,0,0,0,0,0,0,0,0,0.821111408578364,0.570767951712827,no
1162,COLORADO,West,2025,9,0,0,0,0,0,0,0,0,0.883730762405837,0.467995661921774,no
1163,COLORADO,West,2025,10,0,0,0,0,0,0,0,0,0.933550754601395,0.358445237913918,no
1164,COLORADO,West,2025,11,0,0,0,0,0,0,0,0,0.969849825925805,0.243703334305638,no
1165,COLORADO,West,2025,12,0,0,0,0,0,0,0,0,0.992102245058455,0.125431795610095,no
1166,COLORADO,West,2025,13,0,0,0,0,0,0,0,0,0.999985722936002,0.00534358719969101,no
1167,COLORADO,West,2025,14,0,0,0,0,0,0,0,0,0.99338608057027,-0.1148220141316,no
1168,COLORADO,West,2025,15,0,0,0,0,0,0,0,0,0.972398902739873,-0.233324610682822,no
1169,COLORADO,West,2025,16,0,0,0,0,0,0,0,0,0.937328153604613,-0.348447890595089,no
1170,COLORADO,West,2025,17,0,0,0,0,0,0,0,0,0.888681774293145,-0.458524485757508,no
1171,COLORADO,West,2025,18,0,0,0,0,0,0,0,0,0.827164326225506,-0.561960120844802,no
1172,COLORADO,West,2025,19,0,0,0,0,0,0,0,0,0.75366678671966,-0.657256703728203,no
1173,COLORADO,West,2025,20,0,0,0,0,0,0,0,0,0.66925364467563,-0.743034022833669,no
1174,COLORADO,West,2025,21,0,0,0,0,0,0,0,0,0.575147483234652,-0.818049737197468,no
1175,COLORADO,West,2025,22,0,0,0,0,0,0,0,0,0.472711272707723,-0.881217369696629,no
1176,COLORADO,West,2025,23,0,0,0,0,0,0,0,0,0.363428630230867,-0.93162204285242,no
1177,COLORADO,West,2025,24,0,0,0,0,0,0,0,0,0.248882332052978,-0.968533729300055,no
1178,COLORADO,West,2025,25,0,0,0,0,0,0,0,0,0.130731389669801,-0.991417825013754,no
1179,COLORADO,West,2025,26,0,0,0,0,0,0,0,0,0.0106870218179092,-0.999942892151679,no
1180,COLORADO,West,2025,27,0,0,0,0,0,0,0,0,-0.109512129665869,-0.99398545937858,no
1181,COLORADO,West,2025,28,0,0,0,0,0,0,0,0,-0.228125181162749,-0.973631810141525,no
1182,COLORADO,West,2025,29,0,0,0,0,0,0,0,0,-0.343434221058743,-0.939176732998521,no
1183,COLORADO,West,2025,30,0,0,0,0,0,0,0,0,-0.453769190820369,-0.891119252099419,no
1184,COLORADO,West,2025,31,0,0,0,0,0,0,0,0,-0.557532072998533,-0.830155399655967,no
1185,COLORADO,West,2025,32,0,0,0,0,0,0,0,0,-0.653220035837834,-0.757168135079666,no
1186,COLORADO,West,2025,33,0,0,0,0,0,0,0,0,-0.739447199280337,-0.673214556791863,no
1187,COLORADO,West,2025,34,0,0,0,0,0,0,0,0,-0.814964707119669,-0.579510591921625,no
1188,COLORADO,West,2025,35,0,0,0,0,0,0,0,0,-0.878678814593855,-0.477413385635487,no
1189,COLORADO,West,2025,36,0,0,0,0,0,0,0,0,-0.929666729448389,-0.368401645160191,no
1190,COLORADO,West,2025,37,0,0,0,0,0,0,0,0,-0.96718997703823,-0.254054223182352,no
1191,COLORADO,West,2025,38,0,0,0,0,0,0,0,0,-0.990705095897581,-0.136027250808674,no
1192,COLORADO,West,2025,39,0,0,0,0,0,0,0,0,-0.999871508870024,-0.0160301512775393,no
1193,COLORADO,West,2025,40,0,0,0,0,0,0,0,0,-0.994556455798857,0.104199118176771,no
1194,COLORADO,West,2025,41,0,0,0,0,0,0,0,0,-0.97483691633585,0.222919237727053,no
1195,COLORADO,West,2025,42,0,0,0,0,0,0,0,0,-0.940998495019784,0.338410745057692,no
1196,COLORADO,West,2025,43,0,0,0,0,0,0,0,0,-0.893531284772509,0.449000938899674,no
1197,COLORADO,West,2025,44,0,0,0,0,0,0,0,0,-0.833122768722891,0.553088105310089,no
1198,COLORADO,West,2025,45,0,0,0,0,0,0,0,0,-0.760647863163829,0.649164715818952,no
1199,COLORADO,West,2025,46,0,0,0,0,0,0,0,0,-0.677156245853474,0.735839261457031,no
1200,COLORADO,West,2025,47,0,0,0,0,0,0,0,0,-0.583857153188981,0.811856406435312,no
1201,COLORADO,West,2025,48,0,0,0,0,0,0,0,0,-0.48210186644033,0.876115169583743,no
1202,COLORADO,West,2025,49,0,0,0,0,0,0,0,0,-0.373364140701786,0.927684870221573,no
1203,COLORADO,West,2025,50,0,0,0,0,0,0,0,0,-0.25921886001492,0.965818607510005,no
1204,COLORADO,West,2025,51,0,0,0,0,0,0,0,0,-0.141319227808016,0.989964078061293,no
1205,COLORADO,West,2025,52,0,0,0,0,0,0,0,0,-0.0213728230101764,0.999771575129327,no
1206,COLORADO,West,2025,53,0,0,0,0,0,0,0,0,0.0988831313727152,0.995099053526797,no
1207,CONNECTICUT,Northeast,2022,9,0,0,0,0,0,0,0,0,0.883730762405837,0.467995661921774,no
1208,CONNECTICUT,Northeast,2022,10,0,0,0,0,0,0,0,0,0.933550754601395,0.358445237913918,no
1209,CONNECTICUT,Northeast,2022,11,0,0,0,0,0,0,0,0,0.969849825925805,0.243703334305638,no
1210,CONNECTICUT,Northeast,2022,12,0,0,0,0,0,0,0,0,0.992102245058455,0.125431795610095,no
1211,CONNECTICUT,Northeast,2022,13,0,0,0,0,0,0,0,0,0.999985722936002,0.00534358719969101,no
1212,CONNECTICUT,Northeast,2022,14,0,0,0,0,0,0,0,0,0.99338608057027,-0.1148220141316,no
1213,CONNECTICUT,Northeast,2022,15,0,0,0,0,0,0,0,0,0.972398902739873,-0.233324610682822,no
1214,CONNECTICUT,Northeast,2022,16,0,0,0,0,0,0,0,0,0.937328153604613,-0.348447890595089,no
1215,CONNECTICUT,Northeast,2022,17,0,0,0,0,0,0,0,0,0.888681774293145,-0.458524485757508,no
1216,CONNECTICUT,Northeast,2022,18,0,0,0,0,0,0,0,0,0.827164326225506,-0.561960120844802,no
1217,CONNECTICUT,Northeast,2022,19,0,0,0,0,0,0,0,0,0.75366678671966,-0.657256703728203,no
1218,CONNECTICUT,Northeast,2022,20,0,0,0,0,0,0,0,0,0.66925364467563,-0.743034022833669,no
1219,CONNECTICUT,Northeast,2022,21,0,0,0,0,0,0,0,0,0.575147483234652,-0.818049737197468,no
1220,CONNECTICUT,Northeast,2022,22,0,0,0,0,0,0,0,0,0.472711272707723,-0.881217369696629,no
1221,CONNECTICUT,Northeast,2022,23,0,0,0,0,0,0,0,0,0.363428630230867,-0.93162204285242,no
1222,CONNECTICUT,Northeast,2022,24,0,0,0,0,0,0,0,0,0.248882332052978,-0.968533729300055,no
1223,CONNECTICUT,Northeast,2022,25,0,0,0,0,0,0,0,0,0.130731389669801,-0.991417825013754,no
1224,CONNECTICUT,Northeast,2022,26,0,0,0,0,0,0,0,0,0.0106870218179092,-0.999942892151679,no
1225,CONNECTICUT,Northeast,2022,27,0,0,0,0,0,0,0,0,-0.109512129665869,-0.99398545937858,no
1226,CONNECTICUT,Northeast,2022,28,0,0,0,0,0,0,0,0,-0.228125181162749,-0.973631810141525,no
1227,CONNECTICUT,Northeast,2022,29,0,0,0,0,0,0,0,0,-0.343434221058743,-0.939176732998521,no
1228,CONNECTICUT,Northeast,2022,30,0,0,0,0,0,0,0,0,-0.453769190820369,-0.891119252099419,no
1229,CONNECTICUT,Northeast,2022,31,0,0,0,0,0,0,0,0,-0.557532072998533,-0.830155399655967,no
1230,CONNECTICUT,Northeast,2022,32,0,0,0,0,0,0,0,0,-0.653220035837834,-0.757168135079666,no
1231,CONNECTICUT,Northeast,2022,33,0,0,0,0,0,0,0,0,-0.739447199280337,-0.673214556791863,no
1232,CONNECTICUT,Northeast,2022,34,0,0,0,0,0,0,0,0,-0.814964707119669,-0.579510591921625,no
1233,CONNECTICUT,Northeast,2022,35,0,0,0,0,0,0,0,0,-0.878678814593855,-0.477413385635487,no
1234,CONNECTICUT,Northeast,2022,36,0,0,0,0,0,0,0,0,-0.929666729448389,-0.368401645160191,no
1235,CONNECTICUT,Northeast,2022,37,0,0,0,0,0,0,0,0,-0.96718997703823,-0.254054223182352,no
1236,CONNECTICUT,Northeast,2022,38,0,0,0,0,0,0,0,0,-0.990705095897581,-0.136027250808674,no
1237,CONNECTICUT,Northeast,2022,39,0,0,0,0,0,0,0,0,-0.999871508870024,-0.0160301512775393,no
1238,CONNECTICUT,Northeast,2022,40,0,0,0,0,0,0,0,0,-0.994556455798857,0.104199118176771,no
1239,CONNECTICUT,Northeast,2022,41,0,0,0,0,0,0,0,0,-0.97483691633585,0.222919237727053,no
1240,CONNECTICUT,Northeast,2022,42,0,0,0,0,0,0,0,0,-0.940998495019784,0.338410745057692,no
1241,CONNECTICUT,Northeast,2022,43,0,0,0,0,0,0,0,0,-0.893531284772509,0.449000938899674,no
1242,CONNECTICUT,Northeast,2022,44,0,0,0,0,0,0,0,0,-0.833122768722891,0.553088105310089,no
1243,CONNECTICUT,Northeast,2022,45,0,0,0,0,0,0,0,0,-0.760647863163829,0.649164715818952,no
1244,CONNECTICUT,Northeast,2022,46,0,0,0,0,0,0,0,0,-0.677156245853474,0.735839261457031,no
1245,CONNECTICUT,Northeast,2022,47,0,0,0,0,0,0,0,0,-0.583857153188981,0.811856406435312,no
1246,CONNECTICUT,Northeast,2022,48,0,0,0,0,0,0,0,0,-0.48210186644033,0.876115169583743,no
1247,CONNECTICUT,Northeast,2022,49,0,0,0,0,0,0,0,0,-0.373364140701786,0.927684870221573,no
1248,CONNECTICUT,Northeast,2022,50,0,0,0,0,0,0,0,0,-0.25921886001492,0.965818607510005,no
1249,CONNECTICUT,Northeast,2022,51,0,0,0,0,0,0,0,0,-0.141319227808016,0.989964078061293,no
1250,CONNECTICUT,Northeast,2022,52,0,0,0,0,0,0,0,0,-0.0213728230101764,0.999771575129327,no
1251,CONNECTICUT,Northeast,2023,1,0,0,0,0,0,0,0,0,0.120128619954843,0.992758336488667,no
1252,CONNECTICUT,Northeast,2023,2,0,0,0,0,0,0,0,0,0.238517377822098,0.97113822933549,no
1253,CONNECTICUT,Northeast,2023,3,0,0,0,0,0,0,0,0,0.353451610505767,0.935452809622634,no
1254,CONNECTICUT,Northeast,2023,4,0,0,0,0,0,0,0,0,0.463266687927793,0.886218920953741,no
1255,CONNECTICUT,Northeast,2023,5,0,0,0,0,0,0,0,0,0.566372122409852,0.824149633839001,no
1256,CONNECTICUT,Northeast,2023,6,0,0,0,0,0,0,0,0,0.661274604226529,0.750143918061759,no
1257,CONNECTICUT,Northeast,2023,7,0,0,0,0,0,0,0,0,0.746599629698408,0.665273622605165,no
1258,CONNECTICUT,Northeast,2023,8,0,0,0,0,0,0,0,0,0.821111408578364,0.570767951712827,no
1259,CONNECTICUT,Northeast,2023,9,0,0,0,0,0,0,0,0,0.883730762405837,0.467995661921774,no
1260,CONNECTICUT,Northeast,2023,10,0,0,0,0,0,0,0,0,0.933550754601395,0.358445237913918,no
1261,CONNECTICUT,Northeast,2023,11,0,0,0,0,0,0,0,0,0.969849825925805,0.243703334305638,no
1262,CONNECTICUT,Northeast,2023,12,0,0,0,0,0,0,0,0,0.992102245058455,0.125431795610095,no
1263,CONNECTICUT,Northeast,2023,13,0,0,0,0,0,0,0,0,0.999985722936002,0.00534358719969101,no
1264,CONNECTICUT,Northeast,2023,14,0,0,0,0,0,0,0,0,0.99338608057027,-0.1148220141316,no
1265,CONNECTICUT,Northeast,2023,15,0,0,0,0,0,0,0,0,0.972398902739873,-0.233324610682822,no
1266,CONNECTICUT,Northeast,2023,16,0,0,0,0,0,0,0,0,0.937328153604613,-0.348447890595089,no
1267,CONNECTICUT,Northeast,2023,17,0,0,0,0,0,0,0,0,0.888681774293145,-0.458524485757508,no
1268,CONNECTICUT,Northeast,2023,18,0,0,0,0,0,0,0,0,0.827164326225506,-0.561960120844802,no
1269,CONNECTICUT,Northeast,2023,19,0,0,0,0,0,0,0,0,0.75366678671966,-0.657256703728203,no
1270,CONNECTICUT,Northeast,2023,20,0,0,0,0,0,0,0,0,0.66925364467563,-0.743034022833669,no
1271,CONNECTICUT,Northeast,2023,21,0,0,0,0,0,0,0,0,0.575147483234652,-0.818049737197468,no
1272,CONNECTICUT,Northeast,2023,22,0,0,0,0,0,0,0,0,0.472711272707723,-0.881217369696629,no
1273,CONNECTICUT,Northeast,2023,23,0,0,0,0,0,0,0,0,0.363428630230867,-0.93162204285242,no
1274,CONNECTICUT,Northeast,2023,24,0,0,0,0,0,0,0,0,0.248882332052978,-0.968533729300055,no
1275,CONNECTICUT,Northeast,2023,25,0,0,0,0,0,0,0,0,0.130731389669801,-0.991417825013754,no
1276,CONNECTICUT,Northeast,2023,26,0,0,0,0,0,0,0,0,0.0106870218179092,-0.999942892151679,no
1277,CONNECTICUT,Northeast,2023,27,0,0,0,0,0,0,0,0,-0.109512129665869,-0.99398545937858,no
1278,CONNECTICUT,Northeast,2023,28,0,0,0,0,0,0,0,0,-0.228125181162749,-0.973631810141525,no
1279,CONNECTICUT,Northeast,2023,29,0,0,0,0,0,0,0,0,-0.343434221058743,-0.939176732998521,no
1280,CONNECTICUT,Northeast,2023,30,0,0,0,0,0,0,0,0,-0.453769190820369,-0.891119252099419,no
1281,CONNECTICUT,Northeast,2023,31,0,0,0,0,0,0,0,0,-0.557532072998533,-0.830155399655967,no
1282,CONNECTICUT,Northeast,2023,32,0,0,0,0,0,0,0,0,-0.653220035837834,-0.757168135079666,no
1283,CONNECTICUT,Northeast,2023,33,0,0,0,0,0,0,0,0,-0.739447199280337,-0.673214556791863,no
1284,CONNECTICUT,Northeast,2023,34,0,0,0,0,0,0,0,0,-0.814964707119669,-0.579510591921625,no
1285,CONNECTICUT,Northeast,2023,35,0,0,0,0,0,0,0,0,-0.878678814593855,-0.477413385635487,no
1286,CONNECTICUT,Northeast,2023,36,0,0,0,0,0,0,0,0,-0.929666729448389,-0.368401645160191,no
1287,CONNECTICUT,Northeast,2023,37,0,0,0,0,0,0,0,0,-0.96718997703823,-0.254054223182352,no
1288,CONNECTICUT,Northeast,2023,38,0,0,0,0,0,0,0,0,-0.990705095897581,-0.136027250808674,no
1289,CONNECTICUT,Northeast,2023,39,0,0,0,0,0,0,0,0,-0.999871508870024,-0.0160301512775393,no
1290,CONNECTICUT,Northeast,2023,40,0,0,0,0,0,0,0,0,-0.994556455798857,0.104199118176771,no
1291,CONNECTICUT,Northeast,2023,41,0,0,0,0,0,0,0,0,-0.97483691633585,0.222919237727053,no
1292,CONNECTICUT,Northeast,2023,42,0,0,0,0,0,0,0,0,-0.940998495019784,0.338410745057692,no
1293,CONNECTICUT,Northeast,2023,43,0,0,0,0,0,0,0,0,-0.893531284772509,0.449000938899674,no
1294,CONNECTICUT,Northeast,2023,44,0,0,0,0,0,0,0,0,-0.833122768722891,0.553088105310089,no
1295,CONNECTICUT,Northeast,2023,45,0,0,0,0,0,0,0,0,-0.760647863163829,0.649164715818952,no
1296,CONNECTICUT,Northeast,2023,46,0,0,0,0,0,0,0,0,-0.677156245853474,0.735839261457031,no
1297,CONNECTICUT,Northeast,2023,47,0,0,0,0,0,0,0,0,-0.583857153188981,0.811856406435312,no
1298,CONNECTICUT,Northeast,2023,48,0,0,0,0,0,0,0,0,-0.48210186644033,0.876115169583743,no
1299,CONNECTICUT,Northeast,2023,49,0,0,0,0,0,0,0,0,-0.373364140701786,0.927684870221573,no
1300,CONNECTICUT,Northeast,2023,50,0,0,0,0,0,0,0,0,-0.25921886001492,0.965818607510005,no
1301,CONNECTICUT,Northeast,2023,51,0,0,0,0,0,0,0,0,-0.141319227808016,0.989964078061293,no
1302,CONNECTICUT,Northeast,2023,52,0,0,0,0,0,0,0,0,-0.0213728230101764,0.999771575129327,no
1303,CONNECTICUT,Northeast,2024,1,0,0,0,0,0,0,0,0,0.120128619954843,0.992758336488667,no
1304,CONNECTICUT,Northeast,2024,2,0,0,0,0,0,0,0,0,0.238517377822098,0.97113822933549,no
1305,CONNECTICUT,Northeast,2024,3,0,0,0,0,0,0,0,0,0.353451610505767,0.935452809622634,no
1306,CONNECTICUT,Northeast,2024,4,0,0,0,0,0,0,0,0,0.463266687927793,0.886218920953741,no
1307,CONNECTICUT,Northeast,2024,5,0,0,0,0,0,0,0,0,0.566372122409852,0.824149633839001,no
1308,CONNECTICUT,Northeast,2024,6,0,0,0,0,0,0,0,0,0.661274604226529,0.750143918061759,no
1309,CONNECTICUT,Northeast,2024,7,0,0,0,0,0,0,0,0,0.746599629698408,0.665273622605165,no
1310,CONNECTICUT,Northeast,2024,8,0,0,0,0,0,0,0,0,0.821111408578364,0.570767951712827,no
1311,CONNECTICUT,Northeast,2024,9,0,0,0,0,0,0,0,0,0.883730762405837,0.467995661921774,no
1312,CONNECTICUT,Northeast,2024,10,0,0,0,0,0,0,0,0,0.933550754601395,0.358445237913918,no
1313,CONNECTICUT,Northeast,2024,11,0,0,0,0,0,0,0,0,0.969849825925805,0.243703334305638,no
1314,CONNECTICUT,Northeast,2024,12,0,0,0,0,0,0,0,0,0.992102245058455,0.125431795610095,no
1315,CONNECTICUT,Northeast,2024,13,0,0,0,0,0,0,0,0,0.999985722936002,0.00534358719969101,no
1316,CONNECTICUT,Northeast,2024,14,0,0,0,0,0,0,0,0,0.99338608057027,-0.1148220141316,no
1317,CONNECTICUT,Northeast,2024,15,0,0,0,0,0,0,0,0,0.972398902739873,-0.233324610682822,no
1318,CONNECTICUT,Northeast,2024,16,0,0,0,0,0,0,0,0,0.937328153604613,-0.348447890595089,no
1319,CONNECTICUT,Northeast,2024,17,0,0,0,0,0,0,0,0,0.888681774293145,-0.458524485757508,no
1320,CONNECTICUT,Northeast,2024,18,0,0,0,0,0,0,0,0,0.827164326225506,-0.561960120844802,no
1321,CONNECTICUT,Northeast,2024,19,0,0,0,0,0,0,0,0,0.75366678671966,-0.657256703728203,no
1322,CONNECTICUT,Northeast,2024,20,0,0,0,0,0,0,0,0,0.66925364467563,-0.743034022833669,no
1323,CONNECTICUT,Northeast,2024,21,0,0,0,0,0,0,0,0,0.575147483234652,-0.818049737197468,no
1324,CONNECTICUT,Northeast,2024,22,0,0,0,0,0,0,0,0,0.472711272707723,-0.881217369696629,no
1325,CONNECTICUT,Northeast,2024,23,0,0,0,0,0,0,0,0,0.363428630230867,-0.93162204285242,no
1326,CONNECTICUT,Northeast,2024,24,0,0,0,0,0,0,0,0,0.248882332052978,-0.968533729300055,no
1327,CONNECTICUT,Northeast,2024,25,0,0,0,0,0,0,0,0,0.130731389669801,-0.991417825013754,no
1328,CONNECTICUT,Northeast,2024,26,0,0,0,0,0,0,0,0,0.0106870218179092,-0.999942892151679,no
1329,CONNECTICUT,Northeast,2024,27,0,0,0,0,0,0,0,0,-0.109512129665869,-0.99398545937858,no
1330,CONNECTICUT,Northeast,2024,28,0,0,0,0,0,0,0,0,-0.228125181162749,-0.973631810141525,no
1331,CONNECTICUT,Northeast,2024,29,0,0,0,0,0,0,0,0,-0.343434221058743,-0.939176732998521,no
1332,CONNECTICUT,Northeast,2024,30,0,0,0,0,0,0,0,0,-0.453769190820369,-0.891119252099419,no
1333,CONNECTICUT,Northeast,2024,31,0,0,0,0,0,0,0,0,-0.557532072998533,-0.830155399655967,no
1334,CONNECTICUT,Northeast,2024,32,0,0,0,0,0,0,0,0,-0.653220035837834,-0.757168135079666,no
1335,CONNECTICUT,Northeast,2024,33,0,0,0,0,0,0,0,0,-0.739447199280337,-0.673214556791863,no
1336,CONNECTICUT,Northeast,2024,34,0,0,0,0,0,0,0,0,-0.814964707119669,-0.579510591921625,no
1337,CONNECTICUT,Northeast,2024,35,0,0,0,0,0,0,0,0,-0.878678814593855,-0.477413385635487,no
1338,CONNECTICUT,Northeast,2024,36,0,0,0,0,0,0,0,0,-0.929666729448389,-0.368401645160191,no
1339,CONNECTICUT,Northeast,2024,37,0,0,0,0,0,0,0,0,-0.96718997703823,-0.254054223182352,no
1340,CONNECTICUT,Northeast,2024,38,0,0,0,0,0,0,0,0,-0.990705095897581,-0.136027250808674,no
1341,CONNECTICUT,Northeast,2024,39,0,0,0,0,0,0,0,0,-0.999871508870024,-0.0160301512775393,no
1342,CONNECTICUT,Northeast,2024,40,0,0,0,0,0,0,0,0,-0.994556455798857,0.104199118176771,no
1343,CONNECTICUT,Northeast,2024,41,0,0,0,0,0,0,0,0,-0.97483691633585,0.222919237727053,no
1344,CONNECTICUT,Northeast,2024,42,0,0,0,0,0,0,0,0,-0.940998495019784,0.338410745057692,no
1345,CONNECTICUT,Northeast,2024,43,0,0,0,0,0,0,0,0,-0.893531284772509,0.449000938899674,no
1346,CONNECTICUT,Northeast,2024,44,0,0,0,0,0,0,0,0,-0.833122768722891,0.553088105310089,no
1347,CONNECTICUT,Northeast,2024,45,0,0,0,0,0,0,0,0,-0.760647863163829,0.649164715818952,no
1348,CONNECTICUT,Northeast,2024,46,0,0,0,0,0,0,0,0,-0.677156245853474,0.735839261457031,no
1349,CONNECTICUT,Northeast,2024,47,0,0,0,0,0,0,0,0,-0.583857153188981,0.811856406435312,no
1350,CONNECTICUT,Northeast,2024,48,0,0,0,0,0,0,0,0,-0.48210186644033,0.876115169583743,no
1351,CONNECTICUT,Northeast,2024,49,0,0,0,0,0,0,0,0,-0.373364140701786,0.927684870221573,no
1352,CONNECTICUT,Northeast,2024,50,0,0,0,0,0,0,0,0,-0.25921886001492,0.965818607510005,no
1353,CONNECTICUT,Northeast,2024,51,0,0,0,0,0,0,0,0,-0.141319227808016,0.989964078061293,no
1354,CONNECTICUT,Northeast,2024,52,0,0,0,0,0,0,0,0,-0.0213728230101764,0.999771575129327,no
1355,CONNECTICUT,Northeast,2025,1,0,0,0,0,0,0,0,0,0.120128619954843,0.992758336488667,no
1356,CONNECTICUT,Northeast,2025,2,0,0,0,0,0,0,0,0,0.238517377822098,0.97113822933549,no
1357,CONNECTICUT,Northeast,2025,3,0,0,0,0,0,0,0,0,0.353451610505767,0.935452809622634,no
1358,CONNECTICUT,Northeast,2025,4,0,0,0,0,0,0,0,0,0.463266687927793,0.886218920953741,no
1359,CONNECTICUT,Northeast,2025,5,0,0,0,0,0,0,0,0,0.566372122409852,0.824149633839001,no
1360,CONNECTICUT,Northeast,2025,6,0,0,0,0,0,0,0,0,0.661274604226529,0.750143918061759,no
1361,CONNECTICUT,Northeast,2025,7,0,0,0,0,0,0,0,0,0.746599629698408,0.665273622605165,no
1362,CONNECTICUT,Northeast,2025,8,0,0,0,0,0,0,0,0,0.821111408578364,0.570767951712827,no
1363,CONNECTICUT,Northeast,2025,9,0,0,0,0,0,0,0,0,0.883730762405837,0.467995661921774,no
1364,CONNECTICUT,Northeast,2025,10,0,0,0,0,0,0,0,0,0.933550754601395,0.358445237913918,no
1365,CONNECTICUT,Northeast,2025,11,0,0,0,0,0,0,0,0,0.969849825925805,0.243703334305638,no
1366,CONNECTICUT,Northeast,2025,12,0,0,0,0,0,0,0,0,0.992102245058455,0.125431795610095,no
1367,CONNECTICUT,Northeast,2025,13,0,0,0,0,0,0,0,0,0.999985722936002,0.00534358719969101,no
1368,CONNECTICUT,Northeast,2025,14,0,0,0,0,0,0,0,0,0.99338608057027,-0.1148220141316,no
1369,CONNECTICUT,Northeast,2025,15,0,0,0,0,0,0,0,0,0.972398902739873,-0.233324610682822,no
1370,CONNECTICUT,Northeast,2025,16,0,0,0,0,0,0,0,0,0.937328153604613,-0.348447890595089,no
1371,CONNECTICUT,Northeast,2025,17,0,0,0,0,0,0,0,0,0.888681774293145,-0.458524485757508,no
1372,CONNECTICUT,Northeast,2025,18,0,0,0,0,0,0,0,0,0.827164326225506,-0.561960120844802,no
1373,CONNECTICUT,Northeast,2025,19,0,0,0,0,0,0,0,0,0.75366678671966,-0.657256703728203,no
1374,CONNECTICUT,Northeast,2025,20,0,0,0,0,0,0,0,0,0.66925364467563,-0.743034022833669,no
1375,CONNECTICUT,Northeast,2025,21,0,0,0,0,0,0,0,0,0.575147483234652,-0.818049737197468,no
1376,CONNECTICUT,Northeast,2025,22,0,0,0,0,0,0,0,0,0.472711272707723,-0.881217369696629,no
1377,CONNECTICUT,Northeast,2025,23,0,0,0,0,0,0,0,0,0.363428630230867,-0.93162204285242,no
1378,CONNECTICUT,Northeast,2025,24,0,0,0,0,0,0,0,0,0.248882332052978,-0.968533729300055,no
1379,CONNECTICUT,Northeast,2025,25,0,0,0,0,0,0,0,0,0.130731389669801,-0.991417825013754,no
1380,CONNECTICUT,Northeast,2025,26,0,0,0,0,0,0,0,0,0.0106870218179092,-0.999942892151679,no
1381,CONNECTICUT,Northeast,2025,27,0,0,0,0,0,0,0,0,-0.109512129665869,-0.99398545937858,no
1382,CONNECTICUT,Northeast,2025,28,0,0,0,0,0,0,0,0,-0.228125181162749,-0.973631810141525,no
1383,CONNECTICUT,Northeast,2025,29,0,0,0,0,0,0,0,0,-0.343434221058743,-0.939176732998521,no
1384,CONNECTICUT,Northeast,2025,30,0,0,0,0,0,0,0,0,-0.453769190820369,-0.891119252099419,no
1385,CONNECTICUT,Northeast,2025,31,0,0,0,0,0,0,0,0,-0.557532072998533,-0.830155399655967,no
1386,CONNECTICUT,Northeast,2025,32,0,0,0,0,0,0,0,0,-0.653220035837834,-0.757168135079666,no
1387,CONNECTICUT,Northeast,2025,33,0,0,0,0,0,0,0,0,-0.739447199280337,-0.673214556791863,no
1388,CONNECTICUT,Northeast,2025,34,0,0,0,0,0,0,0,0,-0.814964707119669,-0.579510591921625,no
1389,CONNECTICUT,Northeast,2025,35,0,0,0,0,0,0,0,0,-0.878678814593855,-0.477413385635487,no
1390,CONNECTICUT,Northeast,2025,36,0,0,0,0,0,0,0,0,-0.929666729448389,-0.368401645160191,no
1391,CONNECTICUT,Northeast,2025,37,0,0,0,0,0,0,0,0,-0.96718997703823,-0.254054223182352,no
1392,CONNECTICUT,Northeast,2025,38,0,0,0,0,0,0,0,0,-0.990705095897581,-0.136027250808674,no
1393,CONNECTICUT,Northeast,2025,39,0,0,0,0,0,0,0,0,-0.999871508870024,-0.0160301512775393,no
1394,CONNECTICUT,Northeast,2025,40,0,0,0,0,0,0,0,0,-0.994556455798857,0.104199118176771,no
1395,CONNECTICUT,Northeast,2025,41,0,0,0,0,0,0,0,0,-0.97483691633585,0.222919237727053,no
1396,CONNECTICUT,Northeast,2025,42,0,0,0,0,0,0,0,0,-0.940998495019784,0.338410745057692,no
1397,CONNECTICUT,Northeast,2025,43,0,0,0,0,0,0,0,0,-0.893531284772509,0.449000938899674,no
1398,CONNECTICUT,Northeast,2025,44,0,0,0,0,0,0,0,0,-0.833122768722891,0.553088105310089,no
1399,CONNECTICUT,Northeast,2025,45,0,0,0,0,0,0,0,0,-0.760647863163829,0.649164715818952,no
1400,CONNECTICUT,Northeast,2025,46,0,0,0,0,0,0,0,0,-0.677156245853474,0.735839261457031,no
1401,CONNECTICUT,Northeast,2025,47,0,0,0,0,0,0,0,0,-0.583857153188981,0.811856406435312,no
1402,CONNECTICUT,Northeast,2025,48,0,0,0,0,0,0,0,0,-0.48210186644033,0.876115169583743,no
1403,CONNECTICUT,Northeast,2025,49,0,0,0,0,0,0,0,0,-0.373364140701786,0.927684870221573,no
1404,CONNECTICUT,Northeast,2025,50,0,0,0,0,0,0,0,0,-0.25921886001492,0.965818607510005,no
1405,CONNECTICUT,Northeast,2025,51,0,0,0,0,0,0,0,0,-0.141319227808016,0.989964078061293,no
1406,CONNECTICUT,Northeast,2025,52,0,0,0,0,0,0,0,0,-0.0213728230101764,0.999771575129327,no
1407,CONNECTICUT,Northeast,2025,53,0,0,0,0,0,0,0,0,0.0988831313727152,0.995099053526797,no
1408,DELAWARE,South,2022,9,0,0,0,0,0,0,0,0,0.883730762405837,0.467995661921774,no
1409,DELAWARE,South,2022,10,0,0,0,0,0,0,0,0,0.933550754601395,0.358445237913918,no
1410,DELAWARE,South,2022,11,0,0,0,0,0,0,0,0,0.969849825925805,0.243703334305638,no
1411,DELAWARE,South,2022,12,0,0,0,0,0,0,0,0,0.992102245058455,0.125431795610095,no
1412,DELAWARE,South,2022,13,0,0,0,0,0,0,0,0,0.999985722936002,0.00534358719969101,no
1413,DELAWARE,South,2022,14,0,0,0,0,0,0,0,0,0.99338608057027,-0.1148220141316,no
1414,DELAWARE,South,2022,15,0,0,0,0,0,0,0,0,0.972398902739873,-0.233324610682822,no
1415,DELAWARE,South,2022,16,0,0,0,0,0,0,0,0,0.937328153604613,-0.348447890595089,no
1416,DELAWARE,South,2022,17,0,0,0,0,0,0,0,0,0.888681774293145,-0.458524485757508,no
1417,DELAWARE,South,2022,18,0,0,0,0,0,0,0,0,0.827164326225506,-0.561960120844802,no
1418,DELAWARE,South,2022,19,0,0,0,0,0,0,0,0,0.75366678671966,-0.657256703728203,no
1419,DELAWARE,South,2022,20,0,0,0,0,0,0,0,0,0.66925364467563,-0.743034022833669,no
1420,DELAWARE,South,2022,21,0,0,0,0,0,0,0,0,0.575147483234652,-0.818049737197468,no
1421,DELAWARE,South,2022,22,0,0,0,0,0,0,0,0,0.472711272707723,-0.881217369696629,no
1422,DELAWARE,South,2022,23,0,0,0,0,0,0,0,0,0.363428630230867,-0.93162204285242,no
1423,DELAWARE,South,2022,24,0,0,0,0,0,0,0,0,0.248882332052978,-0.968533729300055,no
1424,DELAWARE,South,2022,25,0,0,0,0,0,0,0,0,0.130731389669801,-0.991417825013754,no
1425,DELAWARE,South,2022,26,0,0,0,0,0,0,0,0,0.0106870218179092,-0.999942892151679,no
1426,DELAWARE,South,2022,27,0,0,0,0,0,0,0,0,-0.109512129665869,-0.99398545937858,no
1427,DELAWARE,South,2022,28,0,0,0,0,0,0,0,0,-0.228125181162749,-0.973631810141525,no
1428,DELAWARE,South,2022,29,0,0,0,0,0,0,0,0,-0.343434221058743,-0.939176732998521,no
1429,DELAWARE,South,2022,30,0,0,0,0,0,0,0,0,-0.453769190820369,-0.891119252099419,no
1430,DELAWARE,South,2022,31,0,0,0,0,0,0,0,0,-0.557532072998533,-0.830155399655967,no
1431,DELAWARE,South,2022,32,0,0,0,0,0,0,0,0,-0.653220035837834,-0.757168135079666,no
1432,DELAWARE,South,2022,33,0,0,0,0,0,0,0,0,-0.739447199280337,-0.673214556791863,no
1433,DELAWARE,South,2022,34,0,0,0,0,0,0,0,0,-0.814964707119669,-0.579510591921625,no
1434,DELAWARE,South,2022,35,0,0,0,0,0,0,0,0,-0.878678814593855,-0.477413385635487,no
1435,DELAWARE,South,2022,36,0,0,0,0,0,0,0,0,-0.929666729448389,-0.368401645160191,no
1436,DELAWARE,South,2022,37,0,0,0,0,0,0,0,0,-0.96718997703823,-0.254054223182352,no
1437,DELAWARE,South,2022,38,0,0,0,0,0,0,0,0,-0.990705095897581,-0.136027250808674,no
1438,DELAWARE,South,2022,39,0,0,0,0,0,0,0,0,-0.999871508870024,-0.0160301512775393,no
1439,DELAWARE,South,2022,40,0,0,0,0,0,0,0,0,-0.994556455798857,0.104199118176771,no
1440,DELAWARE,South,2022,41,0,0,0,0,0,0,0,0,-0.97483691633585,0.222919237727053,no
1441,DELAWARE,South,2022,42,0,0,0,0,0,0,0,0,-0.940998495019784,0.338410745057692,no
1442,DELAWARE,South,2022,43,0,0,0,0,0,0,0,0,-0.893531284772509,0.449000938899674,no
1443,DELAWARE,South,2022,44,0,0,0,0,0,0,0,0,-0.833122768722891,0.553088105310089,no
1444,DELAWARE,South,2022,45,0,0,0,0,0,0,0,0,-0.760647863163829,0.649164715818952,no
1445,DELAWARE,South,2022,46,0,0,0,0,0,0,0,0,-0.677156245853474,0.735839261457031,no
1446,DELAWARE,South,2022,47,0,0,0,0,0,0,0,0,-0.583857153188981,0.811856406435312,no
1447,DELAWARE,South,2022,48,0,0,0,0,0,0,0,0,-0.48210186644033,0.876115169583743,no
1448,DELAWARE,South,2022,49,0,0,0,0,0,0,0,0,-0.373364140701786,0.927684870221573,no
1449,DELAWARE,South,2022,50,0,0,0,0,0,0,0,0,-0.25921886001492,0.965818607510005,no
1450,DELAWARE,South,2022,51,0,0,0,0,0,0,0,0,-0.141319227808016,0.989964078061293,no
1451,DELAWARE,South,2022,52,0,0,0,0,0,0,0,0,-0.0213728230101764,0.999771575129327,no
1452,DELAWARE,South,2023,1,0,0,0,0,0,0,0,0,0.120128619954843,0.992758336488667,no
1453,DELAWARE,South,2023,2,0,0,0,0,0,0,0,0,0.238517377822098,0.97113822933549,no
1454,DELAWARE,South,2023,3,0,0,0,0,0,0,0,0,0.353451610505767,0.935452809622634,no
1455,DELAWARE,South,2023,4,0,0,0,0,0,0,0,0,0.463266687927793,0.886218920953741,no
1456,DELAWARE,South,2023,5,0,0,0,0,0,0,0,0,0.566372122409852,0.824149633839001,no
1457,DELAWARE,South,2023,6,0,0,0,0,0,0,0,0,0.661274604226529,0.750143918061759,no
1458,DELAWARE,South,2023,7,0,0,0,0,0,0,0,0,0.746599629698408,0.665273622605165,no
1459,DELAWARE,South,2023,8,0,0,0,0,0,0,0,0,0.821111408578364,0.570767951712827,no
1460,DELAWARE,South,2023,9,0,0,0,0,0,0,0,0,0.883730762405837,0.467995661921774,no
1461,DELAWARE,South,2023,10,0,0,0,0,0,0,0,0,0.933550754601395,0.358445237913918,no
1462,DELAWARE,South,2023,11,0,0,0,0,0,0,0,0,0.969849825925805,0.243703334305638,no
1463,DELAWARE,South,2023,12,0,0,0,0,0,0,0,0,0.992102245058455,0.125431795610095,no
1464,DELAWARE,South,2023,13,0,0,0,0,0,0,0,0,0.999985722936002,0.00534358719969101,no
1465,DELAWARE,South,2023,14,0,0,0,0,0,0,0,0,0.99338608057027,-0.1148220141316,no
1466,DELAWARE,South,2023,15,0,0,0,0,0,0,0,0,0.972398902739873,-0.233324610682822,no
1467,DELAWARE,South,2023,16,0,0,0,0,0,0,0,0,0.937328153604613,-0.348447890595089,no
1468,DELAWARE,South,2023,17,0,0,0,0,0,0,0,0,0.888681774293145,-0.458524485757508,no
1469,DELAWARE,South,2023,18,0,0,0,0,0,0,0,0,0.827164326225506,-0.561960120844802,no
1470,DELAWARE,South,2023,19,0,0,0,0,0,0,0,0,0.75366678671966,-0.657256703728203,no
1471,DELAWARE,South,2023,20,0,0,0,0,0,0,0,0,0.66925364467563,-0.743034022833669,no
1472,DELAWARE,South,2023,21,0,0,0,0,0,0,0,0,0.575147483234652,-0.818049737197468,no
1473,DELAWARE,South,2023,22,0,0,0,0,0,0,0,0,0.472711272707723,-0.881217369696629,no
1474,DELAWARE,South,2023,23,0,0,0,0,0,0,0,0,0.363428630230867,-0.93162204285242,no
1475,DELAWARE,South,2023,24,0,0,0,0,0,0,0,0,0.248882332052978,-0.968533729300055,no
1476,DELAWARE,South,2023,25,0,0,0,0,0,0,0,0,0.130731389669801,-0.991417825013754,no
1477,DELAWARE,South,2023,26,0,0,0,0,0,0,0,0,0.0106870218179092,-0.999942892151679,no
1478,DELAWARE,South,2023,27,0,0,0,0,0,0,0,0,-0.109512129665869,-0.99398545937858,no
1479,DELAWARE,South,2023,28,0,0,0,0,0,0,0,0,-0.228125181162749,-0.973631810141525,no
1480,DELAWARE,South,2023,29,0,0,0,0,0,0,0,0,-0.343434221058743,-0.939176732998521,no
1481,DELAWARE,South,2023,30,0,0,0,0,0,0,0,0,-0.453769190820369,-0.891119252099419,no
1482,DELAWARE,South,2023,31,0,0,0,0,0,0,0,0,-0.557532072998533,-0.830155399655967,no
1483,DELAWARE,South,2023,32,0,0,0,0,0,0,0,2,-0.653220035837834,-0.757168135079666,yes
1484,DELAWARE,South,2023,33,0,0,0,0,0,0,0,3,-0.739447199280337,-0.673214556791863,yes
1485,DELAWARE,South,2023,34,0,0,0,0,0,0,0,4,-0.814964707119669,-0.579510591921625,yes
1486,DELAWARE,South,2023,35,0,0,0,0,0,0,0,4,-0.878678814593855,-0.477413385635487,yes
1487,DELAWARE,South,2023,36,2,0,0,0,0,0,0,2,-0.929666729448389,-0.368401645160191,yes
1488,DELAWARE,South,2023,37,1,2,0,0,2,2,1,1,-0.96718997703823,-0.254054223182352,yes
1489,DELAWARE,South,2023,38,1,1,2,0,3,3,2,0,-0.990705095897581,-0.136027250808674,no
1490,DELAWARE,South,2023,39,0,1,1,0,4,4,3,0,-0.999871508870024,-0.0160301512775393,no
1491,DELAWARE,South,2023,40,0,0,1,2,4,4,3,0,-0.994556455798857,0.104199118176771,no
1492,DELAWARE,South,2023,41,0,0,0,1,2,4,3,0,-0.97483691633585,0.222919237727053,no
1493,DELAWARE,South,2023,42,0,0,0,1,1,4,3,0,-0.940998495019784,0.338410745057692,no
1494,DELAWARE,South,2023,43,0,0,0,0,0,4,3,0,-0.893531284772509,0.449000938899674,no
1495,DELAWARE,South,2023,44,0,0,0,0,0,4,3,0,-0.833122768722891,0.553088105310089,no
1496,DELAWARE,South,2023,45,0,0,0,0,0,2,2,0,-0.760647863163829,0.649164715818952,no
1497,DELAWARE,South,2023,46,0,0,0,0,0,1,1,0,-0.677156245853474,0.735839261457031,no
1498,DELAWARE,South,2023,47,0,0,0,0,0,0,0,0,-0.583857153188981,0.811856406435312,no
1499,DELAWARE,South,2023,48,0,0,0,0,0,0,0,0,-0.48210186644033,0.876115169583743,no
1500,DELAWARE,South,2023,49,0,0,0,0,0,0,0,0,-0.373364140701786,0.927684870221573,no
1501,DELAWARE,South,2023,50,0,0,0,0,0,0,0,0,-0.25921886001492,0.965818607510005,no
1502,DELAWARE,South,2023,51,0,0,0,0,0,0,0,0,-0.141319227808016,0.989964078061293,no
1503,DELAWARE,South,2023,52,0,0,0,0,0,0,0,0,-0.0213728230101764,0.999771575129327,no
1504,DELAWARE,South,2024,1,0,0,0,0,0,0,0,0,0.120128619954843,0.992758336488667,no
1505,DELAWARE,South,2024,2,0,0,0,0,0,0,0,0,0.238517377822098,0.97113822933549,no
1506,DELAWARE,South,2024,3,0,0,0,0,0,0,0,0,0.353451610505767,0.935452809622634,no
1507,DELAWARE,South,2024,4,0,0,0,0,0,0,0,0,0.463266687927793,0.886218920953741,no
1508,DELAWARE,South,2024,5,0,0,0,0,0,0,0,0,0.566372122409852,0.824149633839001,no
1509,DELAWARE,South,2024,6,0,0,0,0,0,0,0,0,0.661274604226529,0.750143918061759,no
1510,DELAWARE,South,2024,7,0,0,0,0,0,0,0,0,0.746599629698408,0.665273622605165,no
1511,DELAWARE,South,2024,8,0,0,0,0,0,0,0,0,0.821111408578364,0.570767951712827,no
1512,DELAWARE,South,2024,9,0,0,0,0,0,0,0,0,0.883730762405837,0.467995661921774,no
1513,DELAWARE,South,2024,10,0,0,0,0,0,0,0,0,0.933550754601395,0.358445237913918,no
1514,DELAWARE,South,2024,11,0,0,0,0,0,0,0,0,0.969849825925805,0.243703334305638,no
1515,DELAWARE,South,2024,12,0,0,0,0,0,0,0,0,0.992102245058455,0.125431795610095,no
1516,DELAWARE,South,2024,13,0,0,0,0,0,0,0,0,0.999985722936002,0.00534358719969101,no
1517,DELAWARE,South,2024,14,0,0,0,0,0,0,0,0,0.99338608057027,-0.1148220141316,no
1518,DELAWARE,South,2024,15,0,0,0,0,0,0,0,0,0.972398902739873,-0.233324610682822,no
1519,DELAWARE,South,2024,16,0,0,0,0,0,0,0,0,0.937328153604613,-0.348447890595089,no
1520,DELAWARE,South,2024,17,0,0,0,0,0,0,0,0,0.888681774293145,-0.458524485757508,no
1521,DELAWARE,South,2024,18,0,0,0,0,0,0,0,0,0.827164326225506,-0.561960120844802,no
1522,DELAWARE,South,2024,19,0,0,0,0,0,0,0,0,0.75366678671966,-0.657256703728203,no
1523,DELAWARE,South,2024,20,0,0,0,0,0,0,0,0,0.66925364467563,-0.743034022833669,no
1524,DELAWARE,South,2024,21,0,0,0,0,0,0,0,0,0.575147483234652,-0.818049737197468,no
1525,DELAWARE,South,2024,22,0,0,0,0,0,0,0,0,0.472711272707723,-0.881217369696629,no
1526,DELAWARE,South,2024,23,0,0,0,0,0,0,0,0,0.363428630230867,-0.93162204285242,no
1527,DELAWARE,South,2024,24,0,0,0,0,0,0,0,0,0.248882332052978,-0.968533729300055,no
1528,DELAWARE,South,2024,25,0,0,0,0,0,0,0,0,0.130731389669801,-0.991417825013754,no
1529,DELAWARE,South,2024,26,0,0,0,0,0,0,0,0,0.0106870218179092,-0.999942892151679,no
1530,DELAWARE,South,2024,27,0,0,0,0,0,0,0,0,-0.109512129665869,-0.99398545937858,no
1531,DELAWARE,South,2024,28,0,0,0,0,0,0,0,0,-0.228125181162749,-0.973631810141525,no
1532,DELAWARE,South,2024,29,0,0,0,0,0,0,0,0,-0.343434221058743,-0.939176732998521,no
1533,DELAWARE,South,2024,30,0,0,0,0,0,0,0,0,-0.453769190820369,-0.891119252099419,no
1534,DELAWARE,South,2024,31,0,0,0,0,0,0,0,1,-0.557532072998533,-0.830155399655967,yes
1535,DELAWARE,South,2024,32,0,0,0,0,0,0,0,1,-0.653220035837834,-0.757168135079666,yes
1536,DELAWARE,South,2024,33,0,0,0,0,0,0,0,1,-0.739447199280337,-0.673214556791863,yes
1537,DELAWARE,South,2024,34,0,0,0,0,0,0,0,1,-0.814964707119669,-0.579510591921625,yes
1538,DELAWARE,South,2024,35,1,0,0,0,0,0,0,1,-0.878678814593855,-0.477413385635487,yes
1539,DELAWARE,South,2024,36,0,1,0,0,1,1,1,1,-0.929666729448389,-0.368401645160191,yes
1540,DELAWARE,South,2024,37,0,0,1,0,1,1,1,1,-0.96718997703823,-0.254054223182352,yes
1541,DELAWARE,South,2024,38,0,0,0,0,1,1,1,1,-0.990705095897581,-0.136027250808674,yes
1542,DELAWARE,South,2024,39,1,0,0,1,1,1,1,0,-0.999871508870024,-0.0160301512775393,no
1543,DELAWARE,South,2024,40,0,1,0,0,1,2,2,0,-0.994556455798857,0.104199118176771,no
1544,DELAWARE,South,2024,41,0,0,1,0,1,2,2,0,-0.97483691633585,0.222919237727053,no
1545,DELAWARE,South,2024,42,0,0,0,0,1,2,2,0,-0.940998495019784,0.338410745057692,no
1546,DELAWARE,South,2024,43,0,0,0,1,1,2,2,0,-0.893531284772509,0.449000938899674,no
1547,DELAWARE,South,2024,44,0,0,0,0,0,1,1,0,-0.833122768722891,0.553088105310089,no
1548,DELAWARE,South,2024,45,0,0,0,0,0,1,1,0,-0.760647863163829,0.649164715818952,no
1549,DELAWARE,South,2024,46,0,0,0,0,0,1,1,0,-0.677156245853474,0.735839261457031,no
1550,DELAWARE,South,2024,47,0,0,0,0,0,1,1,0,-0.583857153188981,0.811856406435312,no
1551,DELAWARE,South,2024,48,0,0,0,0,0,0,0,0,-0.48210186644033,0.876115169583743,no
1552,DELAWARE,South,2024,49,0,0,0,0,0,0,0,0,-0.373364140701786,0.927684870221573,no
1553,DELAWARE,South,2024,50,0,0,0,0,0,0,0,0,-0.25921886001492,0.965818607510005,no
1554,DELAWARE,South,2024,51,0,0,0,0,0,0,0,0,-0.141319227808016,0.989964078061293,no
1555,DELAWARE,South,2024,52,0,0,0,0,0,0,0,0,-0.0213728230101764,0.999771575129327,no
1556,DELAWARE,South,2025,1,0,0,0,0,0,0,0,0,0.120128619954843,0.992758336488667,no
1557,DELAWARE,South,2025,2,0,0,0,0,0,0,0,0,0.238517377822098,0.97113822933549,no
1558,DELAWARE,South,2025,3,0,0,0,0,0,0,0,0,0.353451610505767,0.935452809622634,no
1559,DELAWARE,South,2025,4,0,0,0,0,0,0,0,0,0.463266687927793,0.886218920953741,no
1560,DELAWARE,South,2025,5,0,0,0,0,0,0,0,0,0.566372122409852,0.824149633839001,no
1561,DELAWARE,South,2025,6,0,0,0,0,0,0,0,0,0.661274604226529,0.750143918061759,no
1562,DELAWARE,South,2025,7,0,0,0,0,0,0,0,0,0.746599629698408,0.665273622605165,no
1563,DELAWARE,South,2025,8,0,0,0,0,0,0,0,0,0.821111408578364,0.570767951712827,no
1564,DELAWARE,South,2025,9,0,0,0,0,0,0,0,0,0.883730762405837,0.467995661921774,no
1565,DELAWARE,South,2025,10,0,0,0,0,0,0,0,0,0.933550754601395,0.358445237913918,no
1566,DELAWARE,South,2025,11,0,0,0,0,0,0,0,0,0.969849825925805,0.243703334305638,no
1567,DELAWARE,South,2025,12,0,0,0,0,0,0,0,0,0.992102245058455,0.125431795610095,no
1568,DELAWARE,South,2025,13,0,0,0,0,0,0,0,0,0.999985722936002,0.00534358719969101,no
1569,DELAWARE,South,2025,14,0,0,0,0,0,0,0,0,0.99338608057027,-0.1148220141316,no
1570,DELAWARE,South,2025,15,0,0,0,0,0,0,0,0,0.972398902739873,-0.233324610682822,no
1571,DELAWARE,South,2025,16,0,0,0,0,0,0,0,0,0.937328153604613,-0.348447890595089,no
1572,DELAWARE,South,2025,17,0,0,0,0,0,0,0,0,0.888681774293145,-0.458524485757508,no
1573,DELAWARE,South,2025,18,0,0,0,0,0,0,0,0,0.827164326225506,-0.561960120844802,no
1574,DELAWARE,South,2025,19,0,0,0,0,0,0,0,0,0.75366678671966,-0.657256703728203,no
1575,DELAWARE,South,2025,20,0,0,0,0,0,0,0,0,0.66925364467563,-0.743034022833669,no
1576,DELAWARE,South,2025,21,0,0,0,0,0,0,0,0,0.575147483234652,-0.818049737197468,no
1577,DELAWARE,South,2025,22,0,0,0,0,0,0,0,0,0.472711272707723,-0.881217369696629,no
1578,DELAWARE,South,2025,23,0,0,0,0,0,0,0,0,0.363428630230867,-0.93162204285242,no
1579,DELAWARE,South,2025,24,0,0,0,0,0,0,0,0,0.248882332052978,-0.968533729300055,no
1580,DELAWARE,South,2025,25,0,0,0,0,0,0,0,0,0.130731389669801,-0.991417825013754,no
1581,DELAWARE,South,2025,26,0,0,0,0,0,0,0,0,0.0106870218179092,-0.999942892151679,no
1582,DELAWARE,South,2025,27,0,0,0,0,0,0,0,0,-0.109512129665869,-0.99398545937858,no
1583,DELAWARE,South,2025,28,0,0,0,0,0,0,0,0,-0.228125181162749,-0.973631810141525,no
1584,DELAWARE,South,2025,29,0,0,0,0,0,0,0,0,-0.343434221058743,-0.939176732998521,no
1585,DELAWARE,South,2025,30,0,0,0,0,0,0,0,0,-0.453769190820369,-0.891119252099419,no
1586,DELAWARE,South,2025,31,0,0,0,0,0,0,0,0,-0.557532072998533,-0.830155399655967,no
1587,DELAWARE,South,2025,32,0,0,0,0,0,0,0,0,-0.653220035837834,-0.757168135079666,no
1588,DELAWARE,South,2025,33,0,0,0,0,0,0,0,0,-0.739447199280337,-0.673214556791863,no
1589,DELAWARE,South,2025,34,0,0,0,0,0,0,0,0,-0.814964707119669,-0.579510591921625,no
1590,DELAWARE,South,2025,35,0,0,0,0,0,0,0,0,-0.878678814593855,-0.477413385635487,no
1591,DELAWARE,South,2025,36,0,0,0,0,0,0,0,0,-0.929666729448389,-0.368401645160191,no
1592,DELAWARE,South,2025,37,0,0,0,0,0,0,0,0,-0.96718997703823,-0.254054223182352,no
1593,DELAWARE,South,2025,38,0,0,0,0,0,0,0,0,-0.990705095897581,-0.136027250808674,no
1594,DELAWARE,South,2025,39,0,0,0,0,0,0,0,0,-0.999871508870024,-0.0160301512775393,no
1595,DELAWARE,South,2025,40,0,0,0,0,0,0,0,0,-0.994556455798857,0.104199118176771,no
1596,DELAWARE,South,2025,41,0,0,0,0,0,0,0,0,-0.97483691633585,0.222919237727053,no
1597,DELAWARE,South,2025,42,0,0,0,0,0,0,0,0,-0.940998495019784,0.338410745057692,no
1598,DELAWARE,South,2025,43,0,0,0,0,0,0,0,0,-0.893531284772509,0.449000938899674,no
1599,DELAWARE,South,2025,44,0,0,0,0,0,0,0,0,-0.833122768722891,0.553088105310089,no
1600,DELAWARE,South,2025,45,0,0,0,0,0,0,0,0,-0.760647863163829,0.649164715818952,no
1601,DELAWARE,South,2025,46,0,0,0,0,0,0,0,0,-0.677156245853474,0.735839261457031,no
1602,DELAWARE,South,2025,47,0,0,0,0,0,0,0,0,-0.583857153188981,0.811856406435312,no
1603,DELAWARE,South,2025,48,0,0,0,0,0,0,0,0,-0.48210186644033,0.876115169583743,no
1604,DELAWARE,South,2025,49,0,0,0,0,0,0,0,0,-0.373364140701786,0.927684870221573,no
1605,DELAWARE,South,2025,50,0,0,0,0,0,0,0,0,-0.25921886001492,0.965818607510005,no
1606,DELAWARE,South,2025,51,0,0,0,0,0,0,0,0,-0.141319227808016,0.989964078061293,no
1607,DELAWARE,South,2025,52,0,0,0,0,0,0,0,0,-0.0213728230101764,0.999771575129327,no
1608,DELAWARE,South,2025,53,0,0,0,0,0,0,0,0,0.0988831313727152,0.995099053526797,no
1609,DISTRICT OF COLUMBIA,South,2022,9,0,0,0,0,0,0,0,0,0.883730762405837,0.467995661921774,no
1610,DISTRICT OF COLUMBIA,South,2022,10,0,0,0,0,0,0,0,0,0.933550754601395,0.358445237913918,no
1611,DISTRICT OF COLUMBIA,South,2022,11,0,0,0,0,0,0,0,0,0.969849825925805,0.243703334305638,no
1612,DISTRICT OF COLUMBIA,South,2022,12,0,0,0,0,0,0,0,0,0.992102245058455,0.125431795610095,no
1613,DISTRICT OF COLUMBIA,South,2022,13,0,0,0,0,0,0,0,0,0.999985722936002,0.00534358719969101,no
1614,DISTRICT OF COLUMBIA,South,2022,14,0,0,0,0,0,0,0,0,0.99338608057027,-0.1148220141316,no
1615,DISTRICT OF COLUMBIA,South,2022,15,0,0,0,0,0,0,0,0,0.972398902739873,-0.233324610682822,no
1616,DISTRICT OF COLUMBIA,South,2022,16,0,0,0,0,0,0,0,0,0.937328153604613,-0.348447890595089,no
1617,DISTRICT OF COLUMBIA,South,2022,17,0,0,0,0,0,0,0,0,0.888681774293145,-0.458524485757508,no
1618,DISTRICT OF COLUMBIA,South,2022,18,0,0,0,0,0,0,0,0,0.827164326225506,-0.561960120844802,no
1619,DISTRICT OF COLUMBIA,South,2022,19,0,0,0,0,0,0,0,0,0.75366678671966,-0.657256703728203,no
1620,DISTRICT OF COLUMBIA,South,2022,20,0,0,0,0,0,0,0,0,0.66925364467563,-0.743034022833669,no
1621,DISTRICT OF COLUMBIA,South,2022,21,0,0,0,0,0,0,0,0,0.575147483234652,-0.818049737197468,no
1622,DISTRICT OF COLUMBIA,South,2022,22,0,0,0,0,0,0,0,0,0.472711272707723,-0.881217369696629,no
1623,DISTRICT OF COLUMBIA,South,2022,23,0,0,0,0,0,0,0,0,0.363428630230867,-0.93162204285242,no
1624,DISTRICT OF COLUMBIA,South,2022,24,0,0,0,0,0,0,0,0,0.248882332052978,-0.968533729300055,no
1625,DISTRICT OF COLUMBIA,South,2022,25,0,0,0,0,0,0,0,0,0.130731389669801,-0.991417825013754,no
1626,DISTRICT OF COLUMBIA,South,2022,26,0,0,0,0,0,0,0,0,0.0106870218179092,-0.999942892151679,no
1627,DISTRICT OF COLUMBIA,South,2022,27,0,0,0,0,0,0,0,0,-0.109512129665869,-0.99398545937858,no
1628,DISTRICT OF COLUMBIA,South,2022,28,0,0,0,0,0,0,0,0,-0.228125181162749,-0.973631810141525,no
1629,DISTRICT OF COLUMBIA,South,2022,29,0,0,0,0,0,0,0,0,-0.343434221058743,-0.939176732998521,no
1630,DISTRICT OF COLUMBIA,South,2022,30,0,0,0,0,0,0,0,0,-0.453769190820369,-0.891119252099419,no
1631,DISTRICT OF COLUMBIA,South,2022,31,0,0,0,0,0,0,0,0,-0.557532072998533,-0.830155399655967,no
1632,DISTRICT OF COLUMBIA,South,2022,32,0,0,0,0,0,0,0,0,-0.653220035837834,-0.757168135079666,no
1633,DISTRICT OF COLUMBIA,South,2022,33,0,0,0,0,0,0,0,0,-0.739447199280337,-0.673214556791863,no
1634,DISTRICT OF COLUMBIA,South,2022,34,0,0,0,0,0,0,0,0,-0.814964707119669,-0.579510591921625,no
1635,DISTRICT OF COLUMBIA,South,2022,35,0,0,0,0,0,0,0,0,-0.878678814593855,-0.477413385635487,no
1636,DISTRICT OF COLUMBIA,South,2022,36,0,0,0,0,0,0,0,0,-0.929666729448389,-0.368401645160191,no
1637,DISTRICT OF COLUMBIA,South,2022,37,0,0,0,0,0,0,0,0,-0.96718997703823,-0.254054223182352,no
1638,DISTRICT OF COLUMBIA,South,2022,38,0,0,0,0,0,0,0,0,-0.990705095897581,-0.136027250808674,no
1639,DISTRICT OF COLUMBIA,South,2022,39,0,0,0,0,0,0,0,0,-0.999871508870024,-0.0160301512775393,no
1640,DISTRICT OF COLUMBIA,South,2022,40,0,0,0,0,0,0,0,0,-0.994556455798857,0.104199118176771,no
1641,DISTRICT OF COLUMBIA,South,2022,41,0,0,0,0,0,0,0,0,-0.97483691633585,0.222919237727053,no
1642,DISTRICT OF COLUMBIA,South,2022,42,0,0,0,0,0,0,0,0,-0.940998495019784,0.338410745057692,no
1643,DISTRICT OF COLUMBIA,South,2022,43,0,0,0,0,0,0,0,0,-0.893531284772509,0.449000938899674,no
1644,DISTRICT OF COLUMBIA,South,2022,44,0,0,0,0,0,0,0,0,-0.833122768722891,0.553088105310089,no
1645,DISTRICT OF COLUMBIA,South,2022,45,0,0,0,0,0,0,0,0,-0.760647863163829,0.649164715818952,no
1646,DISTRICT OF COLUMBIA,South,2022,46,0,0,0,0,0,0,0,0,-0.677156245853474,0.735839261457031,no
1647,DISTRICT OF COLUMBIA,South,2022,47,0,0,0,0,0,0,0,0,-0.583857153188981,0.811856406435312,no
1648,DISTRICT OF COLUMBIA,South,2022,48,0,0,0,0,0,0,0,0,-0.48210186644033,0.876115169583743,no
1649,DISTRICT OF COLUMBIA,South,2022,49,0,0,0,0,0,0,0,0,-0.373364140701786,0.927684870221573,no
1650,DISTRICT OF COLUMBIA,South,2022,50,0,0,0,0,0,0,0,0,-0.25921886001492,0.965818607510005,no
1651,DISTRICT OF COLUMBIA,South,2022,51,0,0,0,0,0,0,0,0,-0.141319227808016,0.989964078061293,no
1652,DISTRICT OF COLUMBIA,South,2022,52,0,0,0,0,0,0,0,0,-0.0213728230101764,0.999771575129327,no
1653,DISTRICT OF COLUMBIA,South,2023,1,0,0,0,0,0,0,0,0,0.120128619954843,0.992758336488667,no
1654,DISTRICT OF COLUMBIA,South,2023,2,0,0,0,0,0,0,0,0,0.238517377822098,0.97113822933549,no
1655,DISTRICT OF COLUMBIA,South,2023,3,0,0,0,0,0,0,0,0,0.353451610505767,0.935452809622634,no
1656,DISTRICT OF COLUMBIA,South,2023,4,0,0,0,0,0,0,0,0,0.463266687927793,0.886218920953741,no
1657,DISTRICT OF COLUMBIA,South,2023,5,0,0,0,0,0,0,0,0,0.566372122409852,0.824149633839001,no
1658,DISTRICT OF COLUMBIA,South,2023,6,0,0,0,0,0,0,0,0,0.661274604226529,0.750143918061759,no
1659,DISTRICT OF COLUMBIA,South,2023,7,0,0,0,0,0,0,0,0,0.746599629698408,0.665273622605165,no
1660,DISTRICT OF COLUMBIA,South,2023,8,0,0,0,0,0,0,0,0,0.821111408578364,0.570767951712827,no
1661,DISTRICT OF COLUMBIA,South,2023,9,0,0,0,0,0,0,0,0,0.883730762405837,0.467995661921774,no
1662,DISTRICT OF COLUMBIA,South,2023,10,0,0,0,0,0,0,0,0,0.933550754601395,0.358445237913918,no
1663,DISTRICT OF COLUMBIA,South,2023,11,0,0,0,0,0,0,0,0,0.969849825925805,0.243703334305638,no
1664,DISTRICT OF COLUMBIA,South,2023,12,0,0,0,0,0,0,0,0,0.992102245058455,0.125431795610095,no
1665,DISTRICT OF COLUMBIA,South,2023,13,0,0,0,0,0,0,0,0,0.999985722936002,0.00534358719969101,no
1666,DISTRICT OF COLUMBIA,South,2023,14,0,0,0,0,0,0,0,0,0.99338608057027,-0.1148220141316,no
1667,DISTRICT OF COLUMBIA,South,2023,15,0,0,0,0,0,0,0,0,0.972398902739873,-0.233324610682822,no
1668,DISTRICT OF COLUMBIA,South,2023,16,0,0,0,0,0,0,0,0,0.937328153604613,-0.348447890595089,no
1669,DISTRICT OF COLUMBIA,South,2023,17,0,0,0,0,0,0,0,0,0.888681774293145,-0.458524485757508,no
1670,DISTRICT OF COLUMBIA,South,2023,18,0,0,0,0,0,0,0,0,0.827164326225506,-0.561960120844802,no
1671,DISTRICT OF COLUMBIA,South,2023,19,0,0,0,0,0,0,0,0,0.75366678671966,-0.657256703728203,no
1672,DISTRICT OF COLUMBIA,South,2023,20,0,0,0,0,0,0,0,0,0.66925364467563,-0.743034022833669,no
1673,DISTRICT OF COLUMBIA,South,2023,21,0,0,0,0,0,0,0,0,0.575147483234652,-0.818049737197468,no
1674,DISTRICT OF COLUMBIA,South,2023,22,0,0,0,0,0,0,0,0,0.472711272707723,-0.881217369696629,no
1675,DISTRICT OF COLUMBIA,South,2023,23,0,0,0,0,0,0,0,0,0.363428630230867,-0.93162204285242,no
1676,DISTRICT OF COLUMBIA,South,2023,24,0,0,0,0,0,0,0,0,0.248882332052978,-0.968533729300055,no
1677,DISTRICT OF COLUMBIA,South,2023,25,0,0,0,0,0,0,0,0,0.130731389669801,-0.991417825013754,no
1678,DISTRICT OF COLUMBIA,South,2023,26,0,0,0,0,0,0,0,0,0.0106870218179092,-0.999942892151679,no
1679,DISTRICT OF COLUMBIA,South,2023,27,0,0,0,0,0,0,0,0,-0.109512129665869,-0.99398545937858,no
1680,DISTRICT OF COLUMBIA,South,2023,28,0,0,0,0,0,0,0,0,-0.228125181162749,-0.973631810141525,no
1681,DISTRICT OF COLUMBIA,South,2023,29,0,0,0,0,0,0,0,0,-0.343434221058743,-0.939176732998521,no
1682,DISTRICT OF COLUMBIA,South,2023,30,0,0,0,0,0,0,0,0,-0.453769190820369,-0.891119252099419,no
1683,DISTRICT OF COLUMBIA,South,2023,31,0,0,0,0,0,0,0,0,-0.557532072998533,-0.830155399655967,no
1684,DISTRICT OF COLUMBIA,South,2023,32,0,0,0,0,0,0,0,0,-0.653220035837834,-0.757168135079666,no
1685,DISTRICT OF COLUMBIA,South,2023,33,0,0,0,0,0,0,0,0,-0.739447199280337,-0.673214556791863,no
1686,DISTRICT OF COLUMBIA,South,2023,34,0,0,0,0,0,0,0,0,-0.814964707119669,-0.579510591921625,no
1687,DISTRICT OF COLUMBIA,South,2023,35,0,0,0,0,0,0,0,0,-0.878678814593855,-0.477413385635487,no
1688,DISTRICT OF COLUMBIA,South,2023,36,0,0,0,0,0,0,0,0,-0.929666729448389,-0.368401645160191,no
1689,DISTRICT OF COLUMBIA,South,2023,37,0,0,0,0,0,0,0,0,-0.96718997703823,-0.254054223182352,no
1690,DISTRICT OF COLUMBIA,South,2023,38,0,0,0,0,0,0,0,0,-0.990705095897581,-0.136027250808674,no
1691,DISTRICT OF COLUMBIA,South,2023,39,0,0,0,0,0,0,0,0,-0.999871508870024,-0.0160301512775393,no
1692,DISTRICT OF COLUMBIA,South,2023,40,0,0,0,0,0,0,0,0,-0.994556455798857,0.104199118176771,no
1693,DISTRICT OF COLUMBIA,South,2023,41,0,0,0,0,0,0,0,0,-0.97483691633585,0.222919237727053,no
1694,DISTRICT OF COLUMBIA,South,2023,42,0,0,0,0,0,0,0,0,-0.940998495019784,0.338410745057692,no
1695,DISTRICT OF COLUMBIA,South,2023,43,0,0,0,0,0,0,0,0,-0.893531284772509,0.449000938899674,no
1696,DISTRICT OF COLUMBIA,South,2023,44,0,0,0,0,0,0,0,0,-0.833122768722891,0.553088105310089,no
1697,DISTRICT OF COLUMBIA,South,2023,45,0,0,0,0,0,0,0,0,-0.760647863163829,0.649164715818952,no
1698,DISTRICT OF COLUMBIA,South,2023,46,0,0,0,0,0,0,0,0,-0.677156245853474,0.735839261457031,no
1699,DISTRICT OF COLUMBIA,South,2023,47,0,0,0,0,0,0,0,0,-0.583857153188981,0.811856406435312,no
1700,DISTRICT OF COLUMBIA,South,2023,48,0,0,0,0,0,0,0,0,-0.48210186644033,0.876115169583743,no
1701,DISTRICT OF COLUMBIA,South,2023,49,0,0,0,0,0,0,0,0,-0.373364140701786,0.927684870221573,no
1702,DISTRICT OF COLUMBIA,South,2023,50,0,0,0,0,0,0,0,0,-0.25921886001492,0.965818607510005,no
1703,DISTRICT OF COLUMBIA,South,2023,51,0,0,0,0,0,0,0,0,-0.141319227808016,0.989964078061293,no
1704,DISTRICT OF COLUMBIA,South,2023,52,0,0,0,0,0,0,0,0,-0.0213728230101764,0.999771575129327,no
1705,DISTRICT OF COLUMBIA,South,2024,1,0,0,0,0,0,0,0,0,0.120128619954843,0.992758336488667,no
1706,DISTRICT OF COLUMBIA,South,2024,2,0,0,0,0,0,0,0,0,0.238517377822098,0.97113822933549,no
1707,DISTRICT OF COLUMBIA,South,2024,3,0,0,0,0,0,0,0,0,0.353451610505767,0.935452809622634,no
1708,DISTRICT OF COLUMBIA,South,2024,4,0,0,0,0,0,0,0,0,0.463266687927793,0.886218920953741,no
1709,DISTRICT OF COLUMBIA,South,2024,5,0,0,0,0,0,0,0,0,0.566372122409852,0.824149633839001,no
1710,DISTRICT OF COLUMBIA,South,2024,6,0,0,0,0,0,0,0,0,0.661274604226529,0.750143918061759,no
1711,DISTRICT OF COLUMBIA,South,2024,7,0,0,0,0,0,0,0,0,0.746599629698408,0.665273622605165,no
1712,DISTRICT OF COLUMBIA,South,2024,8,0,0,0,0,0,0,0,0,0.821111408578364,0.570767951712827,no
1713,DISTRICT OF COLUMBIA,South,2024,9,0,0,0,0,0,0,0,0,0.883730762405837,0.467995661921774,no
1714,DISTRICT OF COLUMBIA,South,2024,10,0,0,0,0,0,0,0,0,0.933550754601395,0.358445237913918,no
1715,DISTRICT OF COLUMBIA,South,2024,11,0,0,0,0,0,0,0,0,0.969849825925805,0.243703334305638,no
1716,DISTRICT OF COLUMBIA,South,2024,12,0,0,0,0,0,0,0,0,0.992102245058455,0.125431795610095,no
1717,DISTRICT OF COLUMBIA,South,2024,13,0,0,0,0,0,0,0,0,0.999985722936002,0.00534358719969101,no
1718,DISTRICT OF COLUMBIA,South,2024,14,0,0,0,0,0,0,0,0,0.99338608057027,-0.1148220141316,no
1719,DISTRICT OF COLUMBIA,South,2024,15,0,0,0,0,0,0,0,0,0.972398902739873,-0.233324610682822,no
1720,DISTRICT OF COLUMBIA,South,2024,16,0,0,0,0,0,0,0,0,0.937328153604613,-0.348447890595089,no
1721,DISTRICT OF COLUMBIA,South,2024,17,0,0,0,0,0,0,0,0,0.888681774293145,-0.458524485757508,no
1722,DISTRICT OF COLUMBIA,South,2024,18,0,0,0,0,0,0,0,0,0.827164326225506,-0.561960120844802,no
1723,DISTRICT OF COLUMBIA,South,2024,19,0,0,0,0,0,0,0,0,0.75366678671966,-0.657256703728203,no
1724,DISTRICT OF COLUMBIA,South,2024,20,0,0,0,0,0,0,0,0,0.66925364467563,-0.743034022833669,no
1725,DISTRICT OF COLUMBIA,South,2024,21,0,0,0,0,0,0,0,0,0.575147483234652,-0.818049737197468,no
1726,DISTRICT OF COLUMBIA,South,2024,22,0,0,0,0,0,0,0,0,0.472711272707723,-0.881217369696629,no
1727,DISTRICT OF COLUMBIA,South,2024,23,0,0,0,0,0,0,0,0,0.363428630230867,-0.93162204285242,no
1728,DISTRICT OF COLUMBIA,South,2024,24,0,0,0,0,0,0,0,0,0.248882332052978,-0.968533729300055,no
1729,DISTRICT OF COLUMBIA,South,2024,25,0,0,0,0,0,0,0,0,0.130731389669801,-0.991417825013754,no
1730,DISTRICT OF COLUMBIA,South,2024,26,0,0,0,0,0,0,0,0,0.0106870218179092,-0.999942892151679,no
1731,DISTRICT OF COLUMBIA,South,2024,27,0,0,0,0,0,0,0,0,-0.109512129665869,-0.99398545937858,no
1732,DISTRICT OF COLUMBIA,South,2024,28,0,0,0,0,0,0,0,0,-0.228125181162749,-0.973631810141525,no
1733,DISTRICT OF COLUMBIA,South,2024,29,0,0,0,0,0,0,0,0,-0.343434221058743,-0.939176732998521,no
1734,DISTRICT OF COLUMBIA,South,2024,30,0,0,0,0,0,0,0,0,-0.453769190820369,-0.891119252099419,no
1735,DISTRICT OF COLUMBIA,South,2024,31,0,0,0,0,0,0,0,0,-0.557532072998533,-0.830155399655967,no
1736,DISTRICT OF COLUMBIA,South,2024,32,0,0,0,0,0,0,0,0,-0.653220035837834,-0.757168135079666,no
1737,DISTRICT OF COLUMBIA,South,2024,33,0,0,0,0,0,0,0,0,-0.739447199280337,-0.673214556791863,no
1738,DISTRICT OF COLUMBIA,South,2024,34,0,0,0,0,0,0,0,0,-0.814964707119669,-0.579510591921625,no
1739,DISTRICT OF COLUMBIA,South,2024,35,0,0,0,0,0,0,0,0,-0.878678814593855,-0.477413385635487,no
1740,DISTRICT OF COLUMBIA,South,2024,36,0,0,0,0,0,0,0,0,-0.929666729448389,-0.368401645160191,no
1741,DISTRICT OF COLUMBIA,South,2024,37,0,0,0,0,0,0,0,0,-0.96718997703823,-0.254054223182352,no
1742,DISTRICT OF COLUMBIA,South,2024,38,0,0,0,0,0,0,0,0,-0.990705095897581,-0.136027250808674,no
1743,DISTRICT OF COLUMBIA,South,2024,39,0,0,0,0,0,0,0,0,-0.999871508870024,-0.0160301512775393,no
1744,DISTRICT OF COLUMBIA,South,2024,40,0,0,0,0,0,0,0,0,-0.994556455798857,0.104199118176771,no
1745,DISTRICT OF COLUMBIA,South,2024,41,0,0,0,0,0,0,0,0,-0.97483691633585,0.222919237727053,no
1746,DISTRICT OF COLUMBIA,South,2024,42,0,0,0,0,0,0,0,0,-0.940998495019784,0.338410745057692,no
1747,DISTRICT OF COLUMBIA,South,2024,43,0,0,0,0,0,0,0,0,-0.893531284772509,0.449000938899674,no
1748,DISTRICT OF COLUMBIA,South,2024,44,0,0,0,0,0,0,0,0,-0.833122768722891,0.553088105310089,no
1749,DISTRICT OF COLUMBIA,South,2024,45,0,0,0,0,0,0,0,0,-0.760647863163829,0.649164715818952,no
1750,DISTRICT OF COLUMBIA,South,2024,46,0,0,0,0,0,0,0,0,-0.677156245853474,0.735839261457031,no
1751,DISTRICT OF COLUMBIA,South,2024,47,0,0,0,0,0,0,0,0,-0.583857153188981,0.811856406435312,no
1752,DISTRICT OF COLUMBIA,South,2024,48,0,0,0,0,0,0,0,0,-0.48210186644033,0.876115169583743,no
1753,DISTRICT OF COLUMBIA,South,2024,49,0,0,0,0,0,0,0,0,-0.373364140701786,0.927684870221573,no
1754,DISTRICT OF COLUMBIA,South,2024,50,0,0,0,0,0,0,0,0,-0.25921886001492,0.965818607510005,no
1755,DISTRICT OF COLUMBIA,South,2024,51,0,0,0,0,0,0,0,0,-0.141319227808016,0.989964078061293,no
1756,DISTRICT OF COLUMBIA,South,2024,52,0,0,0,0,0,0,0,0,-0.0213728230101764,0.999771575129327,no
1757,DISTRICT OF COLUMBIA,South,2025,1,0,0,0,0,0,0,0,0,0.120128619954843,0.992758336488667,no
1758,DISTRICT OF COLUMBIA,South,2025,2,0,0,0,0,0,0,0,0,0.238517377822098,0.97113822933549,no
1759,DISTRICT OF COLUMBIA,South,2025,3,0,0,0,0,0,0,0,0,0.353451610505767,0.935452809622634,no
1760,DISTRICT OF COLUMBIA,South,2025,4,0,0,0,0,0,0,0,0,0.463266687927793,0.886218920953741,no
1761,DISTRICT OF COLUMBIA,South,2025,5,0,0,0,0,0,0,0,0,0.566372122409852,0.824149633839001,no
1762,DISTRICT OF COLUMBIA,South,2025,6,0,0,0,0,0,0,0,0,0.661274604226529,0.750143918061759,no
1763,DISTRICT OF COLUMBIA,South,2025,7,0,0,0,0,0,0,0,0,0.746599629698408,0.665273622605165,no
1764,DISTRICT OF COLUMBIA,South,2025,8,0,0,0,0,0,0,0,0,0.821111408578364,0.570767951712827,no
1765,DISTRICT OF COLUMBIA,South,2025,9,0,0,0,0,0,0,0,0,0.883730762405837,0.467995661921774,no
1766,DISTRICT OF COLUMBIA,South,2025,10,0,0,0,0,0,0,0,0,0.933550754601395,0.358445237913918,no
1767,DISTRICT OF COLUMBIA,South,2025,11,0,0,0,0,0,0,0,0,0.969849825925805,0.243703334305638,no
1768,DISTRICT OF COLUMBIA,South,2025,12,0,0,0,0,0,0,0,0,0.992102245058455,0.125431795610095,no
1769,DISTRICT OF COLUMBIA,South,2025,13,0,0,0,0,0,0,0,0,0.999985722936002,0.00534358719969101,no
1770,DISTRICT OF COLUMBIA,South,2025,14,0,0,0,0,0,0,0,0,0.99338608057027,-0.1148220141316,no
1771,DISTRICT OF COLUMBIA,South,2025,15,0,0,0,0,0,0,0,0,0.972398902739873,-0.233324610682822,no
1772,DISTRICT OF COLUMBIA,South,2025,16,0,0,0,0,0,0,0,0,0.937328153604613,-0.348447890595089,no
1773,DISTRICT OF COLUMBIA,South,2025,17,0,0,0,0,0,0,0,0,0.888681774293145,-0.458524485757508,no
1774,DISTRICT OF COLUMBIA,South,2025,18,0,0,0,0,0,0,0,0,0.827164326225506,-0.561960120844802,no
1775,DISTRICT OF COLUMBIA,South,2025,19,0,0,0,0,0,0,0,0,0.75366678671966,-0.657256703728203,no
1776,DISTRICT OF COLUMBIA,South,2025,20,0,0,0,0,0,0,0,0,0.66925364467563,-0.743034022833669,no
1777,DISTRICT OF COLUMBIA,South,2025,21,0,0,0,0,0,0,0,0,0.575147483234652,-0.818049737197468,no
1778,DISTRICT OF COLUMBIA,South,2025,22,0,0,0,0,0,0,0,0,0.472711272707723,-0.881217369696629,no
1779,DISTRICT OF COLUMBIA,South,2025,23,0,0,0,0,0,0,0,0,0.363428630230867,-0.93162204285242,no
1780,DISTRICT OF COLUMBIA,South,2025,24,0,0,0,0,0,0,0,0,0.248882332052978,-0.968533729300055,no
1781,DISTRICT OF COLUMBIA,South,2025,25,0,0,0,0,0,0,0,0,0.130731389669801,-0.991417825013754,no
1782,DISTRICT OF COLUMBIA,South,2025,26,0,0,0,0,0,0,0,0,0.0106870218179092,-0.999942892151679,no
1783,DISTRICT OF COLUMBIA,South,2025,27,0,0,0,0,0,0,0,0,-0.109512129665869,-0.99398545937858,no
1784,DISTRICT OF COLUMBIA,South,2025,28,0,0,0,0,0,0,0,0,-0.228125181162749,-0.973631810141525,no
1785,DISTRICT OF COLUMBIA,South,2025,29,0,0,0,0,0,0,0,0,-0.343434221058743,-0.939176732998521,no
1786,DISTRICT OF COLUMBIA,South,2025,30,0,0,0,0,0,0,0,0,-0.453769190820369,-0.891119252099419,no
1787,DISTRICT OF COLUMBIA,South,2025,31,0,0,0,0,0,0,0,0,-0.557532072998533,-0.830155399655967,no
1788,DISTRICT OF COLUMBIA,South,2025,32,0,0,0,0,0,0,0,0,-0.653220035837834,-0.757168135079666,no
1789,DISTRICT OF COLUMBIA,South,2025,33,0,0,0,0,0,0,0,0,-0.739447199280337,-0.673214556791863,no
1790,DISTRICT OF COLUMBIA,South,2025,34,0,0,0,0,0,0,0,0,-0.814964707119669,-0.579510591921625,no
1791,DISTRICT OF COLUMBIA,South,2025,35,0,0,0,0,0,0,0,0,-0.878678814593855,-0.477413385635487,no
1792,DISTRICT OF COLUMBIA,South,2025,36,0,0,0,0,0,0,0,0,-0.929666729448389,-0.368401645160191,no
1793,DISTRICT OF COLUMBIA,South,2025,37,0,0,0,0,0,0,0,0,-0.96718997703823,-0.254054223182352,no
1794,DISTRICT OF COLUMBIA,South,2025,38,0,0,0,0,0,0,0,0,-0.990705095897581,-0.136027250808674,no
1795,DISTRICT OF COLUMBIA,South,2025,39,0,0,0,0,0,0,0,0,-0.999871508870024,-0.0160301512775393,no
1796,DISTRICT OF COLUMBIA,South,2025,40,0,0,0,0,0,0,0,0,-0.994556455798857,0.104199118176771,no
1797,DISTRICT OF COLUMBIA,South,2025,41,0,0,0,0,0,0,0,0,-0.97483691633585,0.222919237727053,no
1798,DISTRICT OF COLUMBIA,South,2025,42,0,0,0,0,0,0,0,0,-0.940998495019784,0.338410745057692,no
1799,DISTRICT OF COLUMBIA,South,2025,43,0,0,0,0,0,0,0,0,-0.893531284772509,0.449000938899674,no
1800,DISTRICT OF COLUMBIA,South,2025,44,0,0,0,0,0,0,0,0,-0.833122768722891,0.553088105310089,no
1801,DISTRICT OF COLUMBIA,South,2025,45,0,0,0,0,0,0,0,0,-0.760647863163829,0.649164715818952,no
1802,DISTRICT OF COLUMBIA,South,2025,46,0,0,0,0,0,0,0,0,-0.677156245853474,0.735839261457031,no
1803,DISTRICT OF COLUMBIA,South,2025,47,0,0,0,0,0,0,0,0,-0.583857153188981,0.811856406435312,no
1804,DISTRICT OF COLUMBIA,South,2025,48,0,0,0,0,0,0,0,0,-0.48210186644033,0.876115169583743,no
1805,DISTRICT OF COLUMBIA,South,2025,49,0,0,0,0,0,0,0,0,-0.373364140701786,0.927684870221573,no
1806,DISTRICT OF COLUMBIA,South,2025,50,0,0,0,0,0,0,0,0,-0.25921886001492,0.965818607510005,no
1807,DISTRICT OF COLUMBIA,South,2025,51,0,0,0,0,0,0,0,0,-0.141319227808016,0.989964078061293,no
1808,DISTRICT OF COLUMBIA,South,2025,52,0,0,0,0,0,0,0,0,-0.0213728230101764,0.999771575129327,no
1809,DISTRICT OF COLUMBIA,South,2025,53,0,0,0,0,0,0,0,0,0.0988831313727152,0.995099053526797,no
1810,FLORIDA,South,2022,9,0,0,0,0,0,0,0,0,0.883730762405837,0.467995661921774,no
1811,FLORIDA,South,2022,10,0,0,0,0,0,0,0,0,0.933550754601395,0.358445237913918,no
1812,FLORIDA,South,2022,11,0,0,0,0,0,0,0,0,0.969849825925805,0.243703334305638,no
1813,FLORIDA,South,2022,12,0,0,0,0,0,0,0,0,0.992102245058455,0.125431795610095,no
1814,FLORIDA,South,2022,13,0,0,0,0,0,0,0,0,0.999985722936002,0.00534358719969101,no
1815,FLORIDA,South,2022,14,0,0,0,0,0,0,0,0,0.99338608057027,-0.1148220141316,no
1816,FLORIDA,South,2022,15,0,0,0,0,0,0,0,0,0.972398902739873,-0.233324610682822,no
1817,FLORIDA,South,2022,16,0,0,0,0,0,0,0,0,0.937328153604613,-0.348447890595089,no
1818,FLORIDA,South,2022,17,0,0,0,0,0,0,0,0,0.888681774293145,-0.458524485757508,no
1819,FLORIDA,South,2022,18,0,0,0,0,0,0,0,0,0.827164326225506,-0.561960120844802,no
1820,FLORIDA,South,2022,19,0,0,0,0,0,0,0,0,0.75366678671966,-0.657256703728203,no
1821,FLORIDA,South,2022,20,0,0,0,0,0,0,0,0,0.66925364467563,-0.743034022833669,no
1822,FLORIDA,South,2022,21,0,0,0,0,0,0,0,0,0.575147483234652,-0.818049737197468,no
1823,FLORIDA,South,2022,22,0,0,0,0,0,0,0,0,0.472711272707723,-0.881217369696629,no
1824,FLORIDA,South,2022,23,0,0,0,0,0,0,0,0,0.363428630230867,-0.93162204285242,no
1825,FLORIDA,South,2022,24,0,0,0,0,0,0,0,0,0.248882332052978,-0.968533729300055,no
1826,FLORIDA,South,2022,25,0,0,0,0,0,0,0,0,0.130731389669801,-0.991417825013754,no
1827,FLORIDA,South,2022,26,0,0,0,0,0,0,0,0,0.0106870218179092,-0.999942892151679,no
1828,FLORIDA,South,2022,27,0,0,0,0,0,0,0,0,-0.109512129665869,-0.99398545937858,no
1829,FLORIDA,South,2022,28,0,0,0,0,0,0,0,0,-0.228125181162749,-0.973631810141525,no
1830,FLORIDA,South,2022,29,0,0,0,0,0,0,0,0,-0.343434221058743,-0.939176732998521,no
1831,FLORIDA,South,2022,30,0,0,0,0,0,0,0,0,-0.453769190820369,-0.891119252099419,no
1832,FLORIDA,South,2022,31,0,0,0,0,0,0,0,0,-0.557532072998533,-0.830155399655967,no
1833,FLORIDA,South,2022,32,0,0,0,0,0,0,0,0,-0.653220035837834,-0.757168135079666,no
1834,FLORIDA,South,2022,33,0,0,0,0,0,0,0,0,-0.739447199280337,-0.673214556791863,no
1835,FLORIDA,South,2022,34,0,0,0,0,0,0,0,0,-0.814964707119669,-0.579510591921625,no
1836,FLORIDA,South,2022,35,0,0,0,0,0,0,0,0,-0.878678814593855,-0.477413385635487,no
1837,FLORIDA,South,2022,36,0,0,0,0,0,0,0,0,-0.929666729448389,-0.368401645160191,no
1838,FLORIDA,South,2022,37,0,0,0,0,0,0,0,0,-0.96718997703823,-0.254054223182352,no
1839,FLORIDA,South,2022,38,0,0,0,0,0,0,0,0,-0.990705095897581,-0.136027250808674,no
1840,FLORIDA,South,2022,39,0,0,0,0,0,0,0,0,-0.999871508870024,-0.0160301512775393,no
1841,FLORIDA,South,2022,40,0,0,0,0,0,0,0,1,-0.994556455798857,0.104199118176771,yes
1842,FLORIDA,South,2022,41,0,0,0,0,0,0,0,1,-0.97483691633585,0.222919237727053,yes
1843,FLORIDA,South,2022,42,0,0,0,0,0,0,0,1,-0.940998495019784,0.338410745057692,yes
1844,FLORIDA,South,2022,43,0,0,0,0,0,0,0,1,-0.893531284772509,0.449000938899674,yes
1845,FLORIDA,South,2022,44,1,0,0,0,0,0,0,0,-0.833122768722891,0.553088105310089,no
1846,FLORIDA,South,2022,45,0,1,0,0,1,1,1,0,-0.760647863163829,0.649164715818952,no
1847,FLORIDA,South,2022,46,0,0,1,0,1,1,1,0,-0.677156245853474,0.735839261457031,no
1848,FLORIDA,South,2022,47,0,0,0,0,1,1,1,0,-0.583857153188981,0.811856406435312,no
1849,FLORIDA,South,2022,48,0,0,0,1,1,1,1,0,-0.48210186644033,0.876115169583743,no
1850,FLORIDA,South,2022,49,0,0,0,0,0,1,1,0,-0.373364140701786,0.927684870221573,no
1851,FLORIDA,South,2022,50,0,0,0,0,0,1,1,0,-0.25921886001492,0.965818607510005,no
1852,FLORIDA,South,2022,51,0,0,0,0,0,1,1,0,-0.141319227808016,0.989964078061293,no
1853,FLORIDA,South,2022,52,0,0,0,0,0,1,1,0,-0.0213728230101764,0.999771575129327,no
1854,FLORIDA,South,2023,1,0,0,0,0,0,0,0,0,0.120128619954843,0.992758336488667,no
1855,FLORIDA,South,2023,2,0,0,0,0,0,0,0,0,0.238517377822098,0.97113822933549,no
1856,FLORIDA,South,2023,3,0,0,0,0,0,0,0,0,0.353451610505767,0.935452809622634,no
1857,FLORIDA,South,2023,4,0,0,0,0,0,0,0,0,0.463266687927793,0.886218920953741,no
1858,FLORIDA,South,2023,5,0,0,0,0,0,0,0,0,0.566372122409852,0.824149633839001,no
1859,FLORIDA,South,2023,6,0,0,0,0,0,0,0,0,0.661274604226529,0.750143918061759,no
1860,FLORIDA,South,2023,7,0,0,0,0,0,0,0,0,0.746599629698408,0.665273622605165,no
1861,FLORIDA,South,2023,8,0,0,0,0,0,0,0,0,0.821111408578364,0.570767951712827,no
1862,FLORIDA,South,2023,9,0,0,0,0,0,0,0,0,0.883730762405837,0.467995661921774,no
1863,FLORIDA,South,2023,10,0,0,0,0,0,0,0,0,0.933550754601395,0.358445237913918,no
1864,FLORIDA,South,2023,11,0,0,0,0,0,0,0,0,0.969849825925805,0.243703334305638,no
1865,FLORIDA,South,2023,12,0,0,0,0,0,0,0,0,0.992102245058455,0.125431795610095,no
1866,FLORIDA,South,2023,13,0,0,0,0,0,0,0,0,0.999985722936002,0.00534358719969101,no
1867,FLORIDA,South,2023,14,0,0,0,0,0,0,0,0,0.99338608057027,-0.1148220141316,no
1868,FLORIDA,South,2023,15,0,0,0,0,0,0,0,0,0.972398902739873,-0.233324610682822,no
1869,FLORIDA,South,2023,16,0,0,0,0,0,0,0,0,0.937328153604613,-0.348447890595089,no
1870,FLORIDA,South,2023,17,0,0,0,0,0,0,0,0,0.888681774293145,-0.458524485757508,no
1871,FLORIDA,South,2023,18,0,0,0,0,0,0,0,0,0.827164326225506,-0.561960120844802,no
1872,FLORIDA,South,2023,19,0,0,0,0,0,0,0,0,0.75366678671966,-0.657256703728203,no
1873,FLORIDA,South,2023,20,0,0,0,0,0,0,0,0,0.66925364467563,-0.743034022833669,no
1874,FLORIDA,South,2023,21,0,0,0,0,0,0,0,0,0.575147483234652,-0.818049737197468,no
1875,FLORIDA,South,2023,22,0,0,0,0,0,0,0,0,0.472711272707723,-0.881217369696629,no
1876,FLORIDA,South,2023,23,0,0,0,0,0,0,0,0,0.363428630230867,-0.93162204285242,no
1877,FLORIDA,South,2023,24,0,0,0,0,0,0,0,0,0.248882332052978,-0.968533729300055,no
1878,FLORIDA,South,2023,25,0,0,0,0,0,0,0,0,0.130731389669801,-0.991417825013754,no
1879,FLORIDA,South,2023,26,0,0,0,0,0,0,0,1,0.0106870218179092,-0.999942892151679,yes
1880,FLORIDA,South,2023,27,0,0,0,0,0,0,0,1,-0.109512129665869,-0.99398545937858,yes
1881,FLORIDA,South,2023,28,0,0,0,0,0,0,0,1,-0.228125181162749,-0.973631810141525,yes
1882,FLORIDA,South,2023,29,0,0,0,0,0,0,0,1,-0.343434221058743,-0.939176732998521,yes
1883,FLORIDA,South,2023,30,1,0,0,0,0,0,0,0,-0.453769190820369,-0.891119252099419,no
1884,FLORIDA,South,2023,31,0,1,0,0,1,1,1,0,-0.557532072998533,-0.830155399655967,no
1885,FLORIDA,South,2023,32,0,0,1,0,1,1,1,0,-0.653220035837834,-0.757168135079666,no
1886,FLORIDA,South,2023,33,0,0,0,0,1,1,1,0,-0.739447199280337,-0.673214556791863,no
1887,FLORIDA,South,2023,34,0,0,0,1,1,1,1,0,-0.814964707119669,-0.579510591921625,no
1888,FLORIDA,South,2023,35,0,0,0,0,0,1,1,0,-0.878678814593855,-0.477413385635487,no
1889,FLORIDA,South,2023,36,0,0,0,0,0,1,1,0,-0.929666729448389,-0.368401645160191,no
1890,FLORIDA,South,2023,37,0,0,0,0,0,1,1,0,-0.96718997703823,-0.254054223182352,no
1891,FLORIDA,South,2023,38,0,0,0,0,0,1,1,0,-0.990705095897581,-0.136027250808674,no
1892,FLORIDA,South,2023,39,0,0,0,0,0,0,0,0,-0.999871508870024,-0.0160301512775393,no
1893,FLORIDA,South,2023,40,0,0,0,0,0,0,0,0,-0.994556455798857,0.104199118176771,no
1894,FLORIDA,South,2023,41,0,0,0,0,0,0,0,0,-0.97483691633585,0.222919237727053,no
1895,FLORIDA,South,2023,42,0,0,0,0,0,0,0,0,-0.940998495019784,0.338410745057692,no
1896,FLORIDA,South,2023,43,0,0,0,0,0,0,0,0,-0.893531284772509,0.449000938899674,no
1897,FLORIDA,South,2023,44,0,0,0,0,0,0,0,0,-0.833122768722891,0.553088105310089,no
1898,FLORIDA,South,2023,45,0,0,0,0,0,0,0,0,-0.760647863163829,0.649164715818952,no
1899,FLORIDA,South,2023,46,0,0,0,0,0,0,0,0,-0.677156245853474,0.735839261457031,no
1900,FLORIDA,South,2023,47,0,0,0,0,0,0,0,0,-0.583857153188981,0.811856406435312,no
1901,FLORIDA,South,2023,48,0,0,0,0,0,0,0,0,-0.48210186644033,0.876115169583743,no
1902,FLORIDA,South,2023,49,0,0,0,0,0,0,0,0,-0.373364140701786,0.927684870221573,no
1903,FLORIDA,South,2023,50,0,0,0,0,0,0,0,0,-0.25921886001492,0.965818607510005,no
1904,FLORIDA,South,2023,51,0,0,0,0,0,0,0,0,-0.141319227808016,0.989964078061293,no
1905,FLORIDA,South,2023,52,0,0,0,0,0,0,0,0,-0.0213728230101764,0.999771575129327,no
1906,FLORIDA,South,2024,1,0,0,0,0,0,0,0,0,0.120128619954843,0.992758336488667,no
1907,FLORIDA,South,2024,2,0,0,0,0,0,0,0,0,0.238517377822098,0.97113822933549,no
1908,FLORIDA,South,2024,3,0,0,0,0,0,0,0,0,0.353451610505767,0.935452809622634,no
1909,FLORIDA,South,2024,4,0,0,0,0,0,0,0,0,0.463266687927793,0.886218920953741,no
1910,FLORIDA,South,2024,5,0,0,0,0,0,0,0,0,0.566372122409852,0.824149633839001,no
1911,FLORIDA,South,2024,6,0,0,0,0,0,0,0,0,0.661274604226529,0.750143918061759,no
1912,FLORIDA,South,2024,7,0,0,0,0,0,0,0,0,0.746599629698408,0.665273622605165,no
1913,FLORIDA,South,2024,8,0,0,0,0,0,0,0,0,0.821111408578364,0.570767951712827,no
1914,FLORIDA,South,2024,9,0,0,0,0,0,0,0,0,0.883730762405837,0.467995661921774,no
1915,FLORIDA,South,2024,10,0,0,0,0,0,0,0,0,0.933550754601395,0.358445237913918,no
1916,FLORIDA,South,2024,11,0,0,0,0,0,0,0,0,0.969849825925805,0.243703334305638,no
1917,FLORIDA,South,2024,12,0,0,0,0,0,0,0,0,0.992102245058455,0.125431795610095,no
1918,FLORIDA,South,2024,13,0,0,0,0,0,0,0,0,0.999985722936002,0.00534358719969101,no
1919,FLORIDA,South,2024,14,0,0,0,0,0,0,0,0,0.99338608057027,-0.1148220141316,no
1920,FLORIDA,South,2024,15,0,0,0,0,0,0,0,0,0.972398902739873,-0.233324610682822,no
1921,FLORIDA,South,2024,16,0,0,0,0,0,0,0,0,0.937328153604613,-0.348447890595089,no
1922,FLORIDA,South,2024,17,0,0,0,0,0,0,0,0,0.888681774293145,-0.458524485757508,no
1923,FLORIDA,South,2024,18,0,0,0,0,0,0,0,0,0.827164326225506,-0.561960120844802,no
1924,FLORIDA,South,2024,19,0,0,0,0,0,0,0,0,0.75366678671966,-0.657256703728203,no
1925,FLORIDA,South,2024,20,0,0,0,0,0,0,0,0,0.66925364467563,-0.743034022833669,no
1926,FLORIDA,South,2024,21,0,0,0,0,0,0,0,0,0.575147483234652,-0.818049737197468,no
1927,FLORIDA,South,2024,22,0,0,0,0,0,0,0,0,0.472711272707723,-0.881217369696629,no
1928,FLORIDA,South,2024,23,0,0,0,0,0,0,0,0,0.363428630230867,-0.93162204285242,no
1929,FLORIDA,South,2024,24,0,0,0,0,0,0,0,0,0.248882332052978,-0.968533729300055,no
1930,FLORIDA,South,2024,25,0,0,0,0,0,0,0,0,0.130731389669801,-0.991417825013754,no
1931,FLORIDA,South,2024,26,0,0,0,0,0,0,0,0,0.0106870218179092,-0.999942892151679,no
1932,FLORIDA,South,2024,27,0,0,0,0,0,0,0,0,-0.109512129665869,-0.99398545937858,no
1933,FLORIDA,South,2024,28,0,0,0,0,0,0,0,0,-0.228125181162749,-0.973631810141525,no
1934,FLORIDA,South,2024,29,0,0,0,0,0,0,0,0,-0.343434221058743,-0.939176732998521,no
1935,FLORIDA,South,2024,30,0,0,0,0,0,0,0,0,-0.453769190820369,-0.891119252099419,no
1936,FLORIDA,South,2024,31,0,0,0,0,0,0,0,0,-0.557532072998533,-0.830155399655967,no
1937,FLORIDA,South,2024,32,0,0,0,0,0,0,0,0,-0.653220035837834,-0.757168135079666,no
1938,FLORIDA,South,2024,33,0,0,0,0,0,0,0,0,-0.739447199280337,-0.673214556791863,no
1939,FLORIDA,South,2024,34,0,0,0,0,0,0,0,0,-0.814964707119669,-0.579510591921625,no
1940,FLORIDA,South,2024,35,0,0,0,0,0,0,0,0,-0.878678814593855,-0.477413385635487,no
1941,FLORIDA,South,2024,36,0,0,0,0,0,0,0,0,-0.929666729448389,-0.368401645160191,no
1942,FLORIDA,South,2024,37,0,0,0,0,0,0,0,0,-0.96718997703823,-0.254054223182352,no
1943,FLORIDA,South,2024,38,0,0,0,0,0,0,0,0,-0.990705095897581,-0.136027250808674,no
1944,FLORIDA,South,2024,39,0,0,0,0,0,0,0,0,-0.999871508870024,-0.0160301512775393,no
1945,FLORIDA,South,2024,40,0,0,0,0,0,0,0,0,-0.994556455798857,0.104199118176771,no
1946,FLORIDA,South,2024,41,0,0,0,0,0,0,0,0,-0.97483691633585,0.222919237727053,no
1947,FLORIDA,South,2024,42,0,0,0,0,0,0,0,0,-0.940998495019784,0.338410745057692,no
1948,FLORIDA,South,2024,43,0,0,0,0,0,0,0,0,-0.893531284772509,0.449000938899674,no
1949,FLORIDA,South,2024,44,0,0,0,0,0,0,0,0,-0.833122768722891,0.553088105310089,no
1950,FLORIDA,South,2024,45,0,0,0,0,0,0,0,0,-0.760647863163829,0.649164715818952,no
1951,FLORIDA,South,2024,46,0,0,0,0,0,0,0,1,-0.677156245853474,0.735839261457031,yes
1952,FLORIDA,South,2024,47,0,0,0,0,0,0,0,1,-0.583857153188981,0.811856406435312,yes
1953,FLORIDA,South,2024,48,0,0,0,0,0,0,0,1,-0.48210186644033,0.876115169583743,yes
1954,FLORIDA,South,2024,49,0,0,0,0,0,0,0,1,-0.373364140701786,0.927684870221573,yes
1955,FLORIDA,South,2024,50,1,0,0,0,0,0,0,0,-0.25921886001492,0.965818607510005,no
1956,FLORIDA,South,2024,51,0,1,0,0,1,1,1,0,-0.141319227808016,0.989964078061293,no
1957,FLORIDA,South,2024,52,0,0,1,0,1,1,1,0,-0.0213728230101764,0.999771575129327,no
1958,FLORIDA,South,2025,1,0,0,0,0,1,1,1,0,0.120128619954843,0.992758336488667,no
1959,FLORIDA,South,2025,2,0,0,0,1,1,1,1,0,0.238517377822098,0.97113822933549,no
1960,FLORIDA,South,2025,3,0,0,0,0,0,1,1,0,0.353451610505767,0.935452809622634,no
1961,FLORIDA,South,2025,4,0,0,0,0,0,1,1,0,0.463266687927793,0.886218920953741,no
1962,FLORIDA,South,2025,5,0,0,0,0,0,1,1,0,0.566372122409852,0.824149633839001,no
1963,FLORIDA,South,2025,6,0,0,0,0,0,1,1,0,0.661274604226529,0.750143918061759,no
1964,FLORIDA,South,2025,7,0,0,0,0,0,0,0,0,0.746599629698408,0.665273622605165,no
1965,FLORIDA,South,2025,8,0,0,0,0,0,0,0,0,0.821111408578364,0.570767951712827,no
1966,FLORIDA,South,2025,9,0,0,0,0,0,0,0,0,0.883730762405837,0.467995661921774,no
1967,FLORIDA,South,2025,10,0,0,0,0,0,0,0,0,0.933550754601395,0.358445237913918,no
1968,FLORIDA,South,2025,11,0,0,0,0,0,0,0,0,0.969849825925805,0.243703334305638,no
1969,FLORIDA,South,2025,12,0,0,0,0,0,0,0,0,0.992102245058455,0.125431795610095,no
1970,FLORIDA,South,2025,13,0,0,0,0,0,0,0,0,0.999985722936002,0.00534358719969101,no
1971,FLORIDA,South,2025,14,0,0,0,0,0,0,0,0,0.99338608057027,-0.1148220141316,no
1972,FLORIDA,South,2025,15,0,0,0,0,0,0,0,0,0.972398902739873,-0.233324610682822,no
1973,FLORIDA,South,2025,16,0,0,0,0,0,0,0,0,0.937328153604613,-0.348447890595089,no
1974,FLORIDA,South,2025,17,0,0,0,0,0,0,0,0,0.888681774293145,-0.458524485757508,no
1975,FLORIDA,South,2025,18,0,0,0,0,0,0,0,0,0.827164326225506,-0.561960120844802,no
1976,FLORIDA,South,2025,19,0,0,0,0,0,0,0,0,0.75366678671966,-0.657256703728203,no
1977,FLORIDA,South,2025,20,0,0,0,0,0,0,0,0,0.66925364467563,-0.743034022833669,no
1978,FLORIDA,South,2025,21,0,0,0,0,0,0,0,0,0.575147483234652,-0.818049737197468,no
1979,FLORIDA,South,2025,22,0,0,0,0,0,0,0,0,0.472711272707723,-0.881217369696629,no
1980,FLORIDA,South,2025,23,0,0,0,0,0,0,0,0,0.363428630230867,-0.93162204285242,no
1981,FLORIDA,South,2025,24,0,0,0,0,0,0,0,0,0.248882332052978,-0.968533729300055,no
1982,FLORIDA,South,2025,25,0,0,0,0,0,0,0,0,0.130731389669801,-0.991417825013754,no
1983,FLORIDA,South,2025,26,0,0,0,0,0,0,0,0,0.0106870218179092,-0.999942892151679,no
1984,FLORIDA,South,2025,27,0,0,0,0,0,0,0,0,-0.109512129665869,-0.99398545937858,no
1985,FLORIDA,South,2025,28,0,0,0,0,0,0,0,0,-0.228125181162749,-0.973631810141525,no
1986,FLORIDA,South,2025,29,0,0,0,0,0,0,0,0,-0.343434221058743,-0.939176732998521,no
1987,FLORIDA,South,2025,30,0,0,0,0,0,0,0,0,-0.453769190820369,-0.891119252099419,no
1988,FLORIDA,South,2025,31,0,0,0,0,0,0,0,0,-0.557532072998533,-0.830155399655967,no
1989,FLORIDA,South,2025,32,0,0,0,0,0,0,0,1,-0.653220035837834,-0.757168135079666,yes
1990,FLORIDA,South,2025,33,0,0,0,0,0,0,0,1,-0.739447199280337,-0.673214556791863,yes
1991,FLORIDA,South,2025,34,0,0,0,0,0,0,0,2,-0.814964707119669,-0.579510591921625,yes
1992,FLORIDA,South,2025,35,0,0,0,0,0,0,0,2,-0.878678814593855,-0.477413385635487,yes
1993,FLORIDA,South,2025,36,1,0,0,0,0,0,0,1,-0.929666729448389,-0.368401645160191,yes
1994,FLORIDA,South,2025,37,0,1,0,0,1,1,1,1,-0.96718997703823,-0.254054223182352,yes
1995,FLORIDA,South,2025,38,1,0,1,0,1,1,1,0,-0.990705095897581,-0.136027250808674,no
1996,FLORIDA,South,2025,39,0,1,0,0,2,2,2,0,-0.999871508870024,-0.0160301512775393,no
1997,FLORIDA,South,2025,40,0,0,1,1,2,2,2,0,-0.994556455798857,0.104199118176771,no
1998,FLORIDA,South,2025,41,0,0,0,0,1,2,2,0,-0.97483691633585,0.222919237727053,no
1999,FLORIDA,South,2025,42,0,0,0,1,1,2,2,0,-0.940998495019784,0.338410745057692,no
2000,FLORIDA,South,2025,43,0,0,0,0,0,2,2,0,-0.893531284772509,0.449000938899674,no
2001,FLORIDA,South,2025,44,0,0,0,0,0,2,2,0,-0.833122768722891,0.553088105310089,no
2002,FLORIDA,South,2025,45,0,0,0,0,0,1,1,0,-0.760647863163829,0.649164715818952,no
2003,FLORIDA,South,2025,46,0,0,0,0,0,1,1,0,-0.677156245853474,0.735839261457031,no
2004,FLORIDA,South,2025,47,0,0,0,0,0,0,0,0,-0.583857153188981,0.811856406435312,no
2005,FLORIDA,South,2025,48,0,0,0,0,0,0,0,0,-0.48210186644033,0.876115169583743,no
2006,FLORIDA,South,2025,49,0,0,0,0,0,0,0,0,-0.373364140701786,0.927684870221573,no
2007,FLORIDA,South,2025,50,0,0,0,0,0,0,0,0,-0.25921886001492,0.965818607510005,no
2008,FLORIDA,South,2025,51,0,0,0,0,0,0,0,0,-0.141319227808016,0.989964078061293,no
2009,FLORIDA,South,2025,52,0,0,0,0,0,0,0,0,-0.0213728230101764,0.999771575129327,no
2010,FLORIDA,South,2025,53,0,0,0,0,0,0,0,0,0.0988831313727152,0.995099053526797,no
2011,GEORGIA,South,2022,9,0,0,0,0,0,0,0,0,0.883730762405837,0.467995661921774,no
2012,GEORGIA,South,2022,10,0,0,0,0,0,0,0,0,0.933550754601395,0.358445237913918,no
2013,GEORGIA,South,2022,11,0,0,0,0,0,0,0,0,0.969849825925805,0.243703334305638,no
2014,GEORGIA,South,2022,12,0,0,0,0,0,0,0,0,0.992102245058455,0.125431795610095,no
2015,GEORGIA,South,2022,13,0,0,0,0,0,0,0,0,0.999985722936002,0.00534358719969101,no
2016,GEORGIA,South,2022,14,0,0,0,0,0,0,0,0,0.99338608057027,-0.1148220141316,no
2017,GEORGIA,South,2022,15,0,0,0,0,0,0,0,0,0.972398902739873,-0.233324610682822,no
2018,GEORGIA,South,2022,16,0,0,0,0,0,0,0,0,0.937328153604613,-0.348447890595089,no
2019,GEORGIA,South,2022,17,0,0,0,0,0,0,0,0,0.888681774293145,-0.458524485757508,no
2020,GEORGIA,South,2022,18,0,0,0,0,0,0,0,0,0.827164326225506,-0.561960120844802,no
2021,GEORGIA,South,2022,19,0,0,0,0,0,0,0,0,0.75366678671966,-0.657256703728203,no
2022,GEORGIA,South,2022,20,0,0,0,0,0,0,0,0,0.66925364467563,-0.743034022833669,no
2023,GEORGIA,South,2022,21,0,0,0,0,0,0,0,0,0.575147483234652,-0.818049737197468,no
2024,GEORGIA,South,2022,22,0,0,0,0,0,0,0,0,0.472711272707723,-0.881217369696629,no
2025,GEORGIA,South,2022,23,0,0,0,0,0,0,0,0,0.363428630230867,-0.93162204285242,no
2026,GEORGIA,South,2022,24,0,0,0,0,0,0,0,0,0.248882332052978,-0.968533729300055,no
2027,GEORGIA,South,2022,25,0,0,0,0,0,0,0,0,0.130731389669801,-0.991417825013754,no
2028,GEORGIA,South,2022,26,0,0,0,0,0,0,0,0,0.0106870218179092,-0.999942892151679,no
2029,GEORGIA,South,2022,27,0,0,0,0,0,0,0,0,-0.109512129665869,-0.99398545937858,no
2030,GEORGIA,South,2022,28,0,0,0,0,0,0,0,0,-0.228125181162749,-0.973631810141525,no
2031,GEORGIA,South,2022,29,0,0,0,0,0,0,0,0,-0.343434221058743,-0.939176732998521,no
2032,GEORGIA,South,2022,30,0,0,0,0,0,0,0,0,-0.453769190820369,-0.891119252099419,no
2033,GEORGIA,South,2022,31,0,0,0,0,0,0,0,0,-0.557532072998533,-0.830155399655967,no
2034,GEORGIA,South,2022,32,0,0,0,0,0,0,0,0,-0.653220035837834,-0.757168135079666,no
2035,GEORGIA,South,2022,33,0,0,0,0,0,0,0,0,-0.739447199280337,-0.673214556791863,no
2036,GEORGIA,South,2022,34,0,0,0,0,0,0,0,0,-0.814964707119669,-0.579510591921625,no
2037,GEORGIA,South,2022,35,0,0,0,0,0,0,0,0,-0.878678814593855,-0.477413385635487,no
2038,GEORGIA,South,2022,36,0,0,0,0,0,0,0,0,-0.929666729448389,-0.368401645160191,no
2039,GEORGIA,South,2022,37,0,0,0,0,0,0,0,0,-0.96718997703823,-0.254054223182352,no
2040,GEORGIA,South,2022,38,0,0,0,0,0,0,0,0,-0.990705095897581,-0.136027250808674,no
2041,GEORGIA,South,2022,39,0,0,0,0,0,0,0,0,-0.999871508870024,-0.0160301512775393,no
2042,GEORGIA,South,2022,40,0,0,0,0,0,0,0,0,-0.994556455798857,0.104199118176771,no
2043,GEORGIA,South,2022,41,0,0,0,0,0,0,0,0,-0.97483691633585,0.222919237727053,no
2044,GEORGIA,South,2022,42,0,0,0,0,0,0,0,0,-0.940998495019784,0.338410745057692,no
2045,GEORGIA,South,2022,43,0,0,0,0,0,0,0,0,-0.893531284772509,0.449000938899674,no
2046,GEORGIA,South,2022,44,0,0,0,0,0,0,0,0,-0.833122768722891,0.553088105310089,no
2047,GEORGIA,South,2022,45,0,0,0,0,0,0,0,0,-0.760647863163829,0.649164715818952,no
2048,GEORGIA,South,2022,46,0,0,0,0,0,0,0,0,-0.677156245853474,0.735839261457031,no
2049,GEORGIA,South,2022,47,0,0,0,0,0,0,0,0,-0.583857153188981,0.811856406435312,no
2050,GEORGIA,South,2022,48,0,0,0,0,0,0,0,0,-0.48210186644033,0.876115169583743,no
2051,GEORGIA,South,2022,49,0,0,0,0,0,0,0,0,-0.373364140701786,0.927684870221573,no
2052,GEORGIA,South,2022,50,0,0,0,0,0,0,0,0,-0.25921886001492,0.965818607510005,no
2053,GEORGIA,South,2022,51,0,0,0,0,0,0,0,0,-0.141319227808016,0.989964078061293,no
2054,GEORGIA,South,2022,52,0,0,0,0,0,0,0,0,-0.0213728230101764,0.999771575129327,no
2055,GEORGIA,South,2023,1,0,0,0,0,0,0,0,0,0.120128619954843,0.992758336488667,no
2056,GEORGIA,South,2023,2,0,0,0,0,0,0,0,0,0.238517377822098,0.97113822933549,no
2057,GEORGIA,South,2023,3,0,0,0,0,0,0,0,0,0.353451610505767,0.935452809622634,no
2058,GEORGIA,South,2023,4,0,0,0,0,0,0,0,0,0.463266687927793,0.886218920953741,no
2059,GEORGIA,South,2023,5,0,0,0,0,0,0,0,0,0.566372122409852,0.824149633839001,no
2060,GEORGIA,South,2023,6,0,0,0,0,0,0,0,0,0.661274604226529,0.750143918061759,no
2061,GEORGIA,South,2023,7,0,0,0,0,0,0,0,0,0.746599629698408,0.665273622605165,no
2062,GEORGIA,South,2023,8,0,0,0,0,0,0,0,0,0.821111408578364,0.570767951712827,no
2063,GEORGIA,South,2023,9,0,0,0,0,0,0,0,0,0.883730762405837,0.467995661921774,no
2064,GEORGIA,South,2023,10,0,0,0,0,0,0,0,0,0.933550754601395,0.358445237913918,no
2065,GEORGIA,South,2023,11,0,0,0,0,0,0,0,0,0.969849825925805,0.243703334305638,no
2066,GEORGIA,South,2023,12,0,0,0,0,0,0,0,0,0.992102245058455,0.125431795610095,no
2067,GEORGIA,South,2023,13,0,0,0,0,0,0,0,0,0.999985722936002,0.00534358719969101,no
2068,GEORGIA,South,2023,14,0,0,0,0,0,0,0,0,0.99338608057027,-0.1148220141316,no
2069,GEORGIA,South,2023,15,0,0,0,0,0,0,0,0,0.972398902739873,-0.233324610682822,no
2070,GEORGIA,South,2023,16,0,0,0,0,0,0,0,0,0.937328153604613,-0.348447890595089,no
2071,GEORGIA,South,2023,17,0,0,0,0,0,0,0,0,0.888681774293145,-0.458524485757508,no
2072,GEORGIA,South,2023,18,0,0,0,0,0,0,0,0,0.827164326225506,-0.561960120844802,no
2073,GEORGIA,South,2023,19,0,0,0,0,0,0,0,0,0.75366678671966,-0.657256703728203,no
2074,GEORGIA,South,2023,20,0,0,0,0,0,0,0,0,0.66925364467563,-0.743034022833669,no
2075,GEORGIA,South,2023,21,0,0,0,0,0,0,0,0,0.575147483234652,-0.818049737197468,no
2076,GEORGIA,South,2023,22,0,0,0,0,0,0,0,0,0.472711272707723,-0.881217369696629,no
2077,GEORGIA,South,2023,23,0,0,0,0,0,0,0,0,0.363428630230867,-0.93162204285242,no
2078,GEORGIA,South,2023,24,0,0,0,0,0,0,0,0,0.248882332052978,-0.968533729300055,no
2079,GEORGIA,South,2023,25,0,0,0,0,0,0,0,0,0.130731389669801,-0.991417825013754,no
2080,GEORGIA,South,2023,26,0,0,0,0,0,0,0,0,0.0106870218179092,-0.999942892151679,no
2081,GEORGIA,South,2023,27,0,0,0,0,0,0,0,0,-0.109512129665869,-0.99398545937858,no
2082,GEORGIA,South,2023,28,0,0,0,0,0,0,0,0,-0.228125181162749,-0.973631810141525,no
2083,GEORGIA,South,2023,29,0,0,0,0,0,0,0,0,-0.343434221058743,-0.939176732998521,no
2084,GEORGIA,South,2023,30,0,0,0,0,0,0,0,0,-0.453769190820369,-0.891119252099419,no
2085,GEORGIA,South,2023,31,0,0,0,0,0,0,0,0,-0.557532072998533,-0.830155399655967,no
2086,GEORGIA,South,2023,32,0,0,0,0,0,0,0,1,-0.653220035837834,-0.757168135079666,yes
2087,GEORGIA,South,2023,33,0,0,0,0,0,0,0,1,-0.739447199280337,-0.673214556791863,yes
2088,GEORGIA,South,2023,34,0,0,0,0,0,0,0,1,-0.814964707119669,-0.579510591921625,yes
2089,GEORGIA,South,2023,35,0,0,0,0,0,0,0,1,-0.878678814593855,-0.477413385635487,yes
2090,GEORGIA,South,2023,36,1,0,0,0,0,0,0,0,-0.929666729448389,-0.368401645160191,no
2091,GEORGIA,South,2023,37,0,1,0,0,1,1,1,0,-0.96718997703823,-0.254054223182352,no
2092,GEORGIA,South,2023,38,0,0,1,0,1,1,1,0,-0.990705095897581,-0.136027250808674,no
2093,GEORGIA,South,2023,39,0,0,0,0,1,1,1,0,-0.999871508870024,-0.0160301512775393,no
2094,GEORGIA,South,2023,40,0,0,0,1,1,1,1,0,-0.994556455798857,0.104199118176771,no
2095,GEORGIA,South,2023,41,0,0,0,0,0,1,1,0,-0.97483691633585,0.222919237727053,no
2096,GEORGIA,South,2023,42,0,0,0,0,0,1,1,0,-0.940998495019784,0.338410745057692,no
2097,GEORGIA,South,2023,43,0,0,0,0,0,1,1,0,-0.893531284772509,0.449000938899674,no
2098,GEORGIA,South,2023,44,0,0,0,0,0,1,1,0,-0.833122768722891,0.553088105310089,no
2099,GEORGIA,South,2023,45,0,0,0,0,0,0,0,0,-0.760647863163829,0.649164715818952,no
2100,GEORGIA,South,2023,46,0,0,0,0,0,0,0,0,-0.677156245853474,0.735839261457031,no
2101,GEORGIA,South,2023,47,0,0,0,0,0,0,0,0,-0.583857153188981,0.811856406435312,no
2102,GEORGIA,South,2023,48,0,0,0,0,0,0,0,0,-0.48210186644033,0.876115169583743,no
2103,GEORGIA,South,2023,49,0,0,0,0,0,0,0,0,-0.373364140701786,0.927684870221573,no
2104,GEORGIA,South,2023,50,0,0,0,0,0,0,0,0,-0.25921886001492,0.965818607510005,no
2105,GEORGIA,South,2023,51,0,0,0,0,0,0,0,0,-0.141319227808016,0.989964078061293,no
2106,GEORGIA,South,2023,52,0,0,0,0,0,0,0,0,-0.0213728230101764,0.999771575129327,no
2107,GEORGIA,South,2024,1,0,0,0,0,0,0,0,0,0.120128619954843,0.992758336488667,no
2108,GEORGIA,South,2024,2,0,0,0,0,0,0,0,0,0.238517377822098,0.97113822933549,no
2109,GEORGIA,South,2024,3,0,0,0,0,0,0,0,0,0.353451610505767,0.935452809622634,no
2110,GEORGIA,South,2024,4,0,0,0,0,0,0,0,0,0.463266687927793,0.886218920953741,no
2111,GEORGIA,South,2024,5,0,0,0,0,0,0,0,0,0.566372122409852,0.824149633839001,no
2112,GEORGIA,South,2024,6,0,0,0,0,0,0,0,0,0.661274604226529,0.750143918061759,no
2113,GEORGIA,South,2024,7,0,0,0,0,0,0,0,0,0.746599629698408,0.665273622605165,no
2114,GEORGIA,South,2024,8,0,0,0,0,0,0,0,0,0.821111408578364,0.570767951712827,no
2115,GEORGIA,South,2024,9,0,0,0,0,0,0,0,0,0.883730762405837,0.467995661921774,no
2116,GEORGIA,South,2024,10,0,0,0,0,0,0,0,0,0.933550754601395,0.358445237913918,no
2117,GEORGIA,South,2024,11,0,0,0,0,0,0,0,0,0.969849825925805,0.243703334305638,no
2118,GEORGIA,South,2024,12,0,0,0,0,0,0,0,0,0.992102245058455,0.125431795610095,no
2119,GEORGIA,South,2024,13,0,0,0,0,0,0,0,0,0.999985722936002,0.00534358719969101,no
2120,GEORGIA,South,2024,14,0,0,0,0,0,0,0,0,0.99338608057027,-0.1148220141316,no
2121,GEORGIA,South,2024,15,0,0,0,0,0,0,0,0,0.972398902739873,-0.233324610682822,no
2122,GEORGIA,South,2024,16,0,0,0,0,0,0,0,0,0.937328153604613,-0.348447890595089,no
2123,GEORGIA,South,2024,17,0,0,0,0,0,0,0,0,0.888681774293145,-0.458524485757508,no
2124,GEORGIA,South,2024,18,0,0,0,0,0,0,0,0,0.827164326225506,-0.561960120844802,no
2125,GEORGIA,South,2024,19,0,0,0,0,0,0,0,0,0.75366678671966,-0.657256703728203,no
2126,GEORGIA,South,2024,20,0,0,0,0,0,0,0,0,0.66925364467563,-0.743034022833669,no
2127,GEORGIA,South,2024,21,0,0,0,0,0,0,0,0,0.575147483234652,-0.818049737197468,no
2128,GEORGIA,South,2024,22,0,0,0,0,0,0,0,0,0.472711272707723,-0.881217369696629,no
2129,GEORGIA,South,2024,23,0,0,0,0,0,0,0,0,0.363428630230867,-0.93162204285242,no
2130,GEORGIA,South,2024,24,0,0,0,0,0,0,0,0,0.248882332052978,-0.968533729300055,no
2131,GEORGIA,South,2024,25,0,0,0,0,0,0,0,0,0.130731389669801,-0.991417825013754,no
2132,GEORGIA,South,2024,26,0,0,0,0,0,0,0,0,0.0106870218179092,-0.999942892151679,no
2133,GEORGIA,South,2024,27,0,0,0,0,0,0,0,0,-0.109512129665869,-0.99398545937858,no
2134,GEORGIA,South,2024,28,0,0,0,0,0,0,0,0,-0.228125181162749,-0.973631810141525,no
2135,GEORGIA,South,2024,29,0,0,0,0,0,0,0,0,-0.343434221058743,-0.939176732998521,no
2136,GEORGIA,South,2024,30,0,0,0,0,0,0,0,0,-0.453769190820369,-0.891119252099419,no
2137,GEORGIA,South,2024,31,0,0,0,0,0,0,0,0,-0.557532072998533,-0.830155399655967,no
2138,GEORGIA,South,2024,32,0,0,0,0,0,0,0,0,-0.653220035837834,-0.757168135079666,no
2139,GEORGIA,South,2024,33,0,0,0,0,0,0,0,0,-0.739447199280337,-0.673214556791863,no
2140,GEORGIA,South,2024,34,0,0,0,0,0,0,0,0,-0.814964707119669,-0.579510591921625,no
2141,GEORGIA,South,2024,35,0,0,0,0,0,0,0,0,-0.878678814593855,-0.477413385635487,no
2142,GEORGIA,South,2024,36,0,0,0,0,0,0,0,0,-0.929666729448389,-0.368401645160191,no
2143,GEORGIA,South,2024,37,0,0,0,0,0,0,0,0,-0.96718997703823,-0.254054223182352,no
2144,GEORGIA,South,2024,38,0,0,0,0,0,0,0,0,-0.990705095897581,-0.136027250808674,no
2145,GEORGIA,South,2024,39,0,0,0,0,0,0,0,0,-0.999871508870024,-0.0160301512775393,no
2146,GEORGIA,South,2024,40,0,0,0,0,0,0,0,0,-0.994556455798857,0.104199118176771,no
2147,GEORGIA,South,2024,41,0,0,0,0,0,0,0,0,-0.97483691633585,0.222919237727053,no
2148,GEORGIA,South,2024,42,0,0,0,0,0,0,0,0,-0.940998495019784,0.338410745057692,no
2149,GEORGIA,South,2024,43,0,0,0,0,0,0,0,0,-0.893531284772509,0.449000938899674,no
2150,GEORGIA,South,2024,44,0,0,0,0,0,0,0,0,-0.833122768722891,0.553088105310089,no
2151,GEORGIA,South,2024,45,0,0,0,0,0,0,0,0,-0.760647863163829,0.649164715818952,no
2152,GEORGIA,South,2024,46,0,0,0,0,0,0,0,0,-0.677156245853474,0.735839261457031,no
2153,GEORGIA,South,2024,47,0,0,0,0,0,0,0,0,-0.583857153188981,0.811856406435312,no
2154,GEORGIA,South,2024,48,0,0,0,0,0,0,0,0,-0.48210186644033,0.876115169583743,no
2155,GEORGIA,South,2024,49,0,0,0,0,0,0,0,0,-0.373364140701786,0.927684870221573,no
2156,GEORGIA,South,2024,50,0,0,0,0,0,0,0,0,-0.25921886001492,0.965818607510005,no
2157,GEORGIA,South,2024,51,0,0,0,0,0,0,0,0,-0.141319227808016,0.989964078061293,no
2158,GEORGIA,South,2024,52,0,0,0,0,0,0,0,0,-0.0213728230101764,0.999771575129327,no
2159,GEORGIA,South,2025,1,0,0,0,0,0,0,0,0,0.120128619954843,0.992758336488667,no
2160,GEORGIA,South,2025,2,0,0,0,0,0,0,0,0,0.238517377822098,0.97113822933549,no
2161,GEORGIA,South,2025,3,0,0,0,0,0,0,0,0,0.353451610505767,0.935452809622634,no
2162,GEORGIA,South,2025,4,0,0,0,0,0,0,0,0,0.463266687927793,0.886218920953741,no
2163,GEORGIA,South,2025,5,0,0,0,0,0,0,0,0,0.566372122409852,0.824149633839001,no
2164,GEORGIA,South,2025,6,0,0,0,0,0,0,0,0,0.661274604226529,0.750143918061759,no
2165,GEORGIA,South,2025,7,0,0,0,0,0,0,0,0,0.746599629698408,0.665273622605165,no
2166,GEORGIA,South,2025,8,0,0,0,0,0,0,0,0,0.821111408578364,0.570767951712827,no
2167,GEORGIA,South,2025,9,0,0,0,0,0,0,0,0,0.883730762405837,0.467995661921774,no
2168,GEORGIA,South,2025,10,0,0,0,0,0,0,0,0,0.933550754601395,0.358445237913918,no
2169,GEORGIA,South,2025,11,0,0,0,0,0,0,0,0,0.969849825925805,0.243703334305638,no
2170,GEORGIA,South,2025,12,0,0,0,0,0,0,0,0,0.992102245058455,0.125431795610095,no
2171,GEORGIA,South,2025,13,0,0,0,0,0,0,0,0,0.999985722936002,0.00534358719969101,no
2172,GEORGIA,South,2025,14,0,0,0,0,0,0,0,0,0.99338608057027,-0.1148220141316,no
2173,GEORGIA,South,2025,15,0,0,0,0,0,0,0,0,0.972398902739873,-0.233324610682822,no
2174,GEORGIA,South,2025,16,0,0,0,0,0,0,0,0,0.937328153604613,-0.348447890595089,no
2175,GEORGIA,South,2025,17,0,0,0,0,0,0,0,0,0.888681774293145,-0.458524485757508,no
2176,GEORGIA,South,2025,18,0,0,0,0,0,0,0,0,0.827164326225506,-0.561960120844802,no
2177,GEORGIA,South,2025,19,0,0,0,0,0,0,0,0,0.75366678671966,-0.657256703728203,no
2178,GEORGIA,South,2025,20,0,0,0,0,0,0,0,0,0.66925364467563,-0.743034022833669,no
2179,GEORGIA,South,2025,21,0,0,0,0,0,0,0,0,0.575147483234652,-0.818049737197468,no
2180,GEORGIA,South,2025,22,0,0,0,0,0,0,0,0,0.472711272707723,-0.881217369696629,no
2181,GEORGIA,South,2025,23,0,0,0,0,0,0,0,0,0.363428630230867,-0.93162204285242,no
2182,GEORGIA,South,2025,24,0,0,0,0,0,0,0,0,0.248882332052978,-0.968533729300055,no
2183,GEORGIA,South,2025,25,0,0,0,0,0,0,0,0,0.130731389669801,-0.991417825013754,no
2184,GEORGIA,South,2025,26,0,0,0,0,0,0,0,0,0.0106870218179092,-0.999942892151679,no
2185,GEORGIA,South,2025,27,0,0,0,0,0,0,0,0,-0.109512129665869,-0.99398545937858,no
2186,GEORGIA,South,2025,28,0,0,0,0,0,0,0,0,-0.228125181162749,-0.973631810141525,no
2187,GEORGIA,South,2025,29,0,0,0,0,0,0,0,0,-0.343434221058743,-0.939176732998521,no
2188,GEORGIA,South,2025,30,0,0,0,0,0,0,0,0,-0.453769190820369,-0.891119252099419,no
2189,GEORGIA,South,2025,31,0,0,0,0,0,0,0,0,-0.557532072998533,-0.830155399655967,no
2190,GEORGIA,South,2025,32,0,0,0,0,0,0,0,0,-0.653220035837834,-0.757168135079666,no
2191,GEORGIA,South,2025,33,0,0,0,0,0,0,0,0,-0.739447199280337,-0.673214556791863,no
2192,GEORGIA,South,2025,34,0,0,0,0,0,0,0,0,-0.814964707119669,-0.579510591921625,no
2193,GEORGIA,South,2025,35,0,0,0,0,0,0,0,0,-0.878678814593855,-0.477413385635487,no
2194,GEORGIA,South,2025,36,0,0,0,0,0,0,0,0,-0.929666729448389,-0.368401645160191,no
2195,GEORGIA,South,2025,37,0,0,0,0,0,0,0,0,-0.96718997703823,-0.254054223182352,no
2196,GEORGIA,South,2025,38,0,0,0,0,0,0,0,0,-0.990705095897581,-0.136027250808674,no
2197,GEORGIA,South,2025,39,0,0,0,0,0,0,0,0,-0.999871508870024,-0.0160301512775393,no
2198,GEORGIA,South,2025,40,0,0,0,0,0,0,0,0,-0.994556455798857,0.104199118176771,no
2199,GEORGIA,South,2025,41,0,0,0,0,0,0,0,0,-0.97483691633585,0.222919237727053,no
2200,GEORGIA,South,2025,42,0,0,0,0,0,0,0,0,-0.940998495019784,0.338410745057692,no
2201,GEORGIA,South,2025,43,0,0,0,0,0,0,0,0,-0.893531284772509,0.449000938899674,no
2202,GEORGIA,South,2025,44,0,0,0,0,0,0,0,0,-0.833122768722891,0.553088105310089,no
2203,GEORGIA,South,2025,45,0,0,0,0,0,0,0,0,-0.760647863163829,0.649164715818952,no
2204,GEORGIA,South,2025,46,0,0,0,0,0,0,0,0,-0.677156245853474,0.735839261457031,no
2205,GEORGIA,South,2025,47,0,0,0,0,0,0,0,0,-0.583857153188981,0.811856406435312,no
2206,GEORGIA,South,2025,48,0,0,0,0,0,0,0,0,-0.48210186644033,0.876115169583743,no
2207,GEORGIA,South,2025,49,0,0,0,0,0,0,0,0,-0.373364140701786,0.927684870221573,no
2208,GEORGIA,South,2025,50,0,0,0,0,0,0,0,0,-0.25921886001492,0.965818607510005,no
2209,GEORGIA,South,2025,51,0,0,0,0,0,0,0,0,-0.141319227808016,0.989964078061293,no
2210,GEORGIA,South,2025,52,0,0,0,0,0,0,0,0,-0.0213728230101764,0.999771575129327,no
2211,GEORGIA,South,2025,53,0,0,0,0,0,0,0,0,0.0988831313727152,0.995099053526797,no
2212,HAWAII,West,2022,9,0,0,0,0,0,0,0,0,0.883730762405837,0.467995661921774,no
2213,HAWAII,West,2022,10,0,0,0,0,0,0,0,0,0.933550754601395,0.358445237913918,no
2214,HAWAII,West,2022,11,0,0,0,0,0,0,0,0,0.969849825925805,0.243703334305638,no
2215,HAWAII,West,2022,12,0,0,0,0,0,0,0,0,0.992102245058455,0.125431795610095,no
2216,HAWAII,West,2022,13,0,0,0,0,0,0,0,0,0.999985722936002,0.00534358719969101,no
2217,HAWAII,West,2022,14,0,0,0,0,0,0,0,0,0.99338608057027,-0.1148220141316,no
2218,HAWAII,West,2022,15,0,0,0,0,0,0,0,0,0.972398902739873,-0.233324610682822,no
2219,HAWAII,West,2022,16,0,0,0,0,0,0,0,0,0.937328153604613,-0.348447890595089,no
2220,HAWAII,West,2022,17,0,0,0,0,0,0,0,0,0.888681774293145,-0.458524485757508,no
2221,HAWAII,West,2022,18,0,0,0,0,0,0,0,0,0.827164326225506,-0.561960120844802,no
2222,HAWAII,West,2022,19,0,0,0,0,0,0,0,0,0.75366678671966,-0.657256703728203,no
2223,HAWAII,West,2022,20,0,0,0,0,0,0,0,0,0.66925364467563,-0.743034022833669,no
2224,HAWAII,West,2022,21,0,0,0,0,0,0,0,0,0.575147483234652,-0.818049737197468,no
2225,HAWAII,West,2022,22,0,0,0,0,0,0,0,0,0.472711272707723,-0.881217369696629,no
2226,HAWAII,West,2022,23,0,0,0,0,0,0,0,0,0.363428630230867,-0.93162204285242,no
2227,HAWAII,West,2022,24,0,0,0,0,0,0,0,0,0.248882332052978,-0.968533729300055,no
2228,HAWAII,West,2022,25,0,0,0,0,0,0,0,0,0.130731389669801,-0.991417825013754,no
2229,HAWAII,West,2022,26,0,0,0,0,0,0,0,0,0.0106870218179092,-0.999942892151679,no
2230,HAWAII,West,2022,27,0,0,0,0,0,0,0,0,-0.109512129665869,-0.99398545937858,no
2231,HAWAII,West,2022,28,0,0,0,0,0,0,0,0,-0.228125181162749,-0.973631810141525,no
2232,HAWAII,West,2022,29,0,0,0,0,0,0,0,0,-0.343434221058743,-0.939176732998521,no
2233,HAWAII,West,2022,30,0,0,0,0,0,0,0,0,-0.453769190820369,-0.891119252099419,no
2234,HAWAII,West,2022,31,0,0,0,0,0,0,0,0,-0.557532072998533,-0.830155399655967,no
2235,HAWAII,West,2022,32,0,0,0,0,0,0,0,0,-0.653220035837834,-0.757168135079666,no
2236,HAWAII,West,2022,33,0,0,0,0,0,0,0,0,-0.739447199280337,-0.673214556791863,no
2237,HAWAII,West,2022,34,0,0,0,0,0,0,0,0,-0.814964707119669,-0.579510591921625,no
2238,HAWAII,West,2022,35,0,0,0,0,0,0,0,0,-0.878678814593855,-0.477413385635487,no
2239,HAWAII,West,2022,36,0,0,0,0,0,0,0,0,-0.929666729448389,-0.368401645160191,no
2240,HAWAII,West,2022,37,0,0,0,0,0,0,0,0,-0.96718997703823,-0.254054223182352,no
2241,HAWAII,West,2022,38,0,0,0,0,0,0,0,0,-0.990705095897581,-0.136027250808674,no
2242,HAWAII,West,2022,39,0,0,0,0,0,0,0,0,-0.999871508870024,-0.0160301512775393,no
2243,HAWAII,West,2022,40,0,0,0,0,0,0,0,0,-0.994556455798857,0.104199118176771,no
2244,HAWAII,West,2022,41,0,0,0,0,0,0,0,0,-0.97483691633585,0.222919237727053,no
2245,HAWAII,West,2022,42,0,0,0,0,0,0,0,0,-0.940998495019784,0.338410745057692,no
2246,HAWAII,West,2022,43,0,0,0,0,0,0,0,0,-0.893531284772509,0.449000938899674,no
2247,HAWAII,West,2022,44,0,0,0,0,0,0,0,0,-0.833122768722891,0.553088105310089,no
2248,HAWAII,West,2022,45,0,0,0,0,0,0,0,0,-0.760647863163829,0.649164715818952,no
2249,HAWAII,West,2022,46,0,0,0,0,0,0,0,0,-0.677156245853474,0.735839261457031,no
2250,HAWAII,West,2022,47,0,0,0,0,0,0,0,0,-0.583857153188981,0.811856406435312,no
2251,HAWAII,West,2022,48,0,0,0,0,0,0,0,0,-0.48210186644033,0.876115169583743,no
2252,HAWAII,West,2022,49,0,0,0,0,0,0,0,0,-0.373364140701786,0.927684870221573,no
2253,HAWAII,West,2022,50,0,0,0,0,0,0,0,0,-0.25921886001492,0.965818607510005,no
2254,HAWAII,West,2022,51,0,0,0,0,0,0,0,0,-0.141319227808016,0.989964078061293,no
2255,HAWAII,West,2022,52,0,0,0,0,0,0,0,0,-0.0213728230101764,0.999771575129327,no
2256,HAWAII,West,2023,1,0,0,0,0,0,0,0,0,0.120128619954843,0.992758336488667,no
2257,HAWAII,West,2023,2,0,0,0,0,0,0,0,0,0.238517377822098,0.97113822933549,no
2258,HAWAII,West,2023,3,0,0,0,0,0,0,0,0,0.353451610505767,0.935452809622634,no
2259,HAWAII,West,2023,4,0,0,0,0,0,0,0,0,0.463266687927793,0.886218920953741,no
2260,HAWAII,West,2023,5,0,0,0,0,0,0,0,0,0.566372122409852,0.824149633839001,no
2261,HAWAII,West,2023,6,0,0,0,0,0,0,0,0,0.661274604226529,0.750143918061759,no
2262,HAWAII,West,2023,7,0,0,0,0,0,0,0,0,0.746599629698408,0.665273622605165,no
2263,HAWAII,West,2023,8,0,0,0,0,0,0,0,0,0.821111408578364,0.570767951712827,no
2264,HAWAII,West,2023,9,0,0,0,0,0,0,0,0,0.883730762405837,0.467995661921774,no
2265,HAWAII,West,2023,10,0,0,0,0,0,0,0,0,0.933550754601395,0.358445237913918,no
2266,HAWAII,West,2023,11,0,0,0,0,0,0,0,0,0.969849825925805,0.243703334305638,no
2267,HAWAII,West,2023,12,0,0,0,0,0,0,0,0,0.992102245058455,0.125431795610095,no
2268,HAWAII,West,2023,13,0,0,0,0,0,0,0,0,0.999985722936002,0.00534358719969101,no
2269,HAWAII,West,2023,14,0,0,0,0,0,0,0,0,0.99338608057027,-0.1148220141316,no
2270,HAWAII,West,2023,15,0,0,0,0,0,0,0,0,0.972398902739873,-0.233324610682822,no
2271,HAWAII,West,2023,16,0,0,0,0,0,0,0,0,0.937328153604613,-0.348447890595089,no
2272,HAWAII,West,2023,17,0,0,0,0,0,0,0,0,0.888681774293145,-0.458524485757508,no
2273,HAWAII,West,2023,18,0,0,0,0,0,0,0,0,0.827164326225506,-0.561960120844802,no
2274,HAWAII,West,2023,19,0,0,0,0,0,0,0,0,0.75366678671966,-0.657256703728203,no
2275,HAWAII,West,2023,20,0,0,0,0,0,0,0,0,0.66925364467563,-0.743034022833669,no
2276,HAWAII,West,2023,21,0,0,0,0,0,0,0,0,0.575147483234652,-0.818049737197468,no
2277,HAWAII,West,2023,22,0,0,0,0,0,0,0,0,0.472711272707723,-0.881217369696629,no
2278,HAWAII,West,2023,23,0,0,0,0,0,0,0,0,0.363428630230867,-0.93162204285242,no
2279,HAWAII,West,2023,24,0,0,0,0,0,0,0,0,0.248882332052978,-0.968533729300055,no
2280,HAWAII,West,2023,25,0,0,0,0,0,0,0,0,0.130731389669801,-0.991417825013754,no
2281,HAWAII,West,2023,26,0,0,0,0,0,0,0,0,0.0106870218179092,-0.999942892151679,no
2282,HAWAII,West,2023,27,0,0,0,0,0,0,0,0,-0.109512129665869,-0.99398545937858,no
2283,HAWAII,West,2023,28,0,0,0,0,0,0,0,0,-0.228125181162749,-0.973631810141525,no
2284,HAWAII,West,2023,29,0,0,0,0,0,0,0,0,-0.343434221058743,-0.939176732998521,no
2285,HAWAII,West,2023,30,0,0,0,0,0,0,0,0,-0.453769190820369,-0.891119252099419,no
2286,HAWAII,West,2023,31,0,0,0,0,0,0,0,0,-0.557532072998533,-0.830155399655967,no
2287,HAWAII,West,2023,32,0,0,0,0,0,0,0,0,-0.653220035837834,-0.757168135079666,no
2288,HAWAII,West,2023,33,0,0,0,0,0,0,0,0,-0.739447199280337,-0.673214556791863,no
2289,HAWAII,West,2023,34,0,0,0,0,0,0,0,0,-0.814964707119669,-0.579510591921625,no
2290,HAWAII,West,2023,35,0,0,0,0,0,0,0,0,-0.878678814593855,-0.477413385635487,no
2291,HAWAII,West,2023,36,0,0,0,0,0,0,0,0,-0.929666729448389,-0.368401645160191,no
2292,HAWAII,West,2023,37,0,0,0,0,0,0,0,0,-0.96718997703823,-0.254054223182352,no
2293,HAWAII,West,2023,38,0,0,0,0,0,0,0,0,-0.990705095897581,-0.136027250808674,no
2294,HAWAII,West,2023,39,0,0,0,0,0,0,0,0,-0.999871508870024,-0.0160301512775393,no
2295,HAWAII,West,2023,40,0,0,0,0,0,0,0,0,-0.994556455798857,0.104199118176771,no
2296,HAWAII,West,2023,41,0,0,0,0,0,0,0,0,-0.97483691633585,0.222919237727053,no
2297,HAWAII,West,2023,42,0,0,0,0,0,0,0,0,-0.940998495019784,0.338410745057692,no
2298,HAWAII,West,2023,43,0,0,0,0,0,0,0,0,-0.893531284772509,0.449000938899674,no
2299,HAWAII,West,2023,44,0,0,0,0,0,0,0,0,-0.833122768722891,0.553088105310089,no
2300,HAWAII,West,2023,45,0,0,0,0,0,0,0,0,-0.760647863163829,0.649164715818952,no
2301,HAWAII,West,2023,46,0,0,0,0,0,0,0,0,-0.677156245853474,0.735839261457031,no
2302,HAWAII,West,2023,47,0,0,0,0,0,0,0,0,-0.583857153188981,0.811856406435312,no
2303,HAWAII,West,2023,48,0,0,0,0,0,0,0,0,-0.48210186644033,0.876115169583743,no
2304,HAWAII,West,2023,49,0,0,0,0,0,0,0,0,-0.373364140701786,0.927684870221573,no
2305,HAWAII,West,2023,50,0,0,0,0,0,0,0,0,-0.25921886001492,0.965818607510005,no
2306,HAWAII,West,2023,51,0,0,0,0,0,0,0,0,-0.141319227808016,0.989964078061293,no
2307,HAWAII,West,2023,52,0,0,0,0,0,0,0,0,-0.0213728230101764,0.999771575129327,no
2308,HAWAII,West,2024,1,0,0,0,0,0,0,0,0,0.120128619954843,0.992758336488667,no
2309,HAWAII,West,2024,2,0,0,0,0,0,0,0,0,0.238517377822098,0.97113822933549,no
2310,HAWAII,West,2024,3,0,0,0,0,0,0,0,0,0.353451610505767,0.935452809622634,no
2311,HAWAII,West,2024,4,0,0,0,0,0,0,0,0,0.463266687927793,0.886218920953741,no
2312,HAWAII,West,2024,5,0,0,0,0,0,0,0,0,0.566372122409852,0.824149633839001,no
2313,HAWAII,West,2024,6,0,0,0,0,0,0,0,0,0.661274604226529,0.750143918061759,no
2314,HAWAII,West,2024,7,0,0,0,0,0,0,0,0,0.746599629698408,0.665273622605165,no
2315,HAWAII,West,2024,8,0,0,0,0,0,0,0,0,0.821111408578364,0.570767951712827,no
2316,HAWAII,West,2024,9,0,0,0,0,0,0,0,0,0.883730762405837,0.467995661921774,no
2317,HAWAII,West,2024,10,0,0,0,0,0,0,0,0,0.933550754601395,0.358445237913918,no
2318,HAWAII,West,2024,11,0,0,0,0,0,0,0,0,0.969849825925805,0.243703334305638,no
2319,HAWAII,West,2024,12,0,0,0,0,0,0,0,0,0.992102245058455,0.125431795610095,no
2320,HAWAII,West,2024,13,0,0,0,0,0,0,0,0,0.999985722936002,0.00534358719969101,no
2321,HAWAII,West,2024,14,0,0,0,0,0,0,0,0,0.99338608057027,-0.1148220141316,no
2322,HAWAII,West,2024,15,0,0,0,0,0,0,0,0,0.972398902739873,-0.233324610682822,no
2323,HAWAII,West,2024,16,0,0,0,0,0,0,0,0,0.937328153604613,-0.348447890595089,no
2324,HAWAII,West,2024,17,0,0,0,0,0,0,0,0,0.888681774293145,-0.458524485757508,no
2325,HAWAII,West,2024,18,0,0,0,0,0,0,0,0,0.827164326225506,-0.561960120844802,no
2326,HAWAII,West,2024,19,0,0,0,0,0,0,0,0,0.75366678671966,-0.657256703728203,no
2327,HAWAII,West,2024,20,0,0,0,0,0,0,0,0,0.66925364467563,-0.743034022833669,no
2328,HAWAII,West,2024,21,0,0,0,0,0,0,0,0,0.575147483234652,-0.818049737197468,no
2329,HAWAII,West,2024,22,0,0,0,0,0,0,0,0,0.472711272707723,-0.881217369696629,no
2330,HAWAII,West,2024,23,0,0,0,0,0,0,0,0,0.363428630230867,-0.93162204285242,no
2331,HAWAII,West,2024,24,0,0,0,0,0,0,0,0,0.248882332052978,-0.968533729300055,no
2332,HAWAII,West,2024,25,0,0,0,0,0,0,0,0,0.130731389669801,-0.991417825013754,no
2333,HAWAII,West,2024,26,0,0,0,0,0,0,0,0,0.0106870218179092,-0.999942892151679,no
2334,HAWAII,West,2024,27,0,0,0,0,0,0,0,0,-0.109512129665869,-0.99398545937858,no
2335,HAWAII,West,2024,28,0,0,0,0,0,0,0,0,-0.228125181162749,-0.973631810141525,no
2336,HAWAII,West,2024,29,0,0,0,0,0,0,0,0,-0.343434221058743,-0.939176732998521,no
2337,HAWAII,West,2024,30,0,0,0,0,0,0,0,0,-0.453769190820369,-0.891119252099419,no
2338,HAWAII,West,2024,31,0,0,0,0,0,0,0,0,-0.557532072998533,-0.830155399655967,no
2339,HAWAII,West,2024,32,0,0,0,0,0,0,0,0,-0.653220035837834,-0.757168135079666,no
2340,HAWAII,West,2024,33,0,0,0,0,0,0,0,0,-0.739447199280337,-0.673214556791863,no
2341,HAWAII,West,2024,34,0,0,0,0,0,0,0,0,-0.814964707119669,-0.579510591921625,no
2342,HAWAII,West,2024,35,0,0,0,0,0,0,0,0,-0.878678814593855,-0.477413385635487,no
2343,HAWAII,West,2024,36,0,0,0,0,0,0,0,0,-0.929666729448389,-0.368401645160191,no
2344,HAWAII,West,2024,37,0,0,0,0,0,0,0,0,-0.96718997703823,-0.254054223182352,no
2345,HAWAII,West,2024,38,0,0,0,0,0,0,0,0,-0.990705095897581,-0.136027250808674,no
2346,HAWAII,West,2024,39,0,0,0,0,0,0,0,0,-0.999871508870024,-0.0160301512775393,no
2347,HAWAII,West,2024,40,0,0,0,0,0,0,0,0,-0.994556455798857,0.104199118176771,no
2348,HAWAII,West,2024,41,0,0,0,0,0,0,0,0,-0.97483691633585,0.222919237727053,no
2349,HAWAII,West,2024,42,0,0,0,0,0,0,0,0,-0.940998495019784,0.338410745057692,no
2350,HAWAII,West,2024,43,0,0,0,0,0,0,0,0,-0.893531284772509,0.449000938899674,no
2351,HAWAII,West,2024,44,0,0,0,0,0,0,0,0,-0.833122768722891,0.553088105310089,no
2352,HAWAII,West,2024,45,0,0,0,0,0,0,0,0,-0.760647863163829,0.649164715818952,no
2353,HAWAII,West,2024,46,0,0,0,0,0,0,0,0,-0.677156245853474,0.735839261457031,no
2354,HAWAII,West,2024,47,0,0,0,0,0,0,0,0,-0.583857153188981,0.811856406435312,no
2355,HAWAII,West,2024,48,0,0,0,0,0,0,0,0,-0.48210186644033,0.876115169583743,no
2356,HAWAII,West,2024,49,0,0,0,0,0,0,0,0,-0.373364140701786,0.927684870221573,no
2357,HAWAII,West,2024,50,0,0,0,0,0,0,0,0,-0.25921886001492,0.965818607510005,no
2358,HAWAII,West,2024,51,0,0,0,0,0,0,0,0,-0.141319227808016,0.989964078061293,no
2359,HAWAII,West,2024,52,0,0,0,0,0,0,0,0,-0.0213728230101764,0.999771575129327,no
2360,HAWAII,West,2025,1,0,0,0,0,0,0,0,0,0.120128619954843,0.992758336488667,no
2361,HAWAII,West,2025,2,0,0,0,0,0,0,0,0,0.238517377822098,0.97113822933549,no
2362,HAWAII,West,2025,3,0,0,0,0,0,0,0,0,0.353451610505767,0.935452809622634,no
2363,HAWAII,West,2025,4,0,0,0,0,0,0,0,0,0.463266687927793,0.886218920953741,no
2364,HAWAII,West,2025,5,0,0,0,0,0,0,0,0,0.566372122409852,0.824149633839001,no
2365,HAWAII,West,2025,6,0,0,0,0,0,0,0,0,0.661274604226529,0.750143918061759,no
2366,HAWAII,West,2025,7,0,0,0,0,0,0,0,0,0.746599629698408,0.665273622605165,no
2367,HAWAII,West,2025,8,0,0,0,0,0,0,0,0,0.821111408578364,0.570767951712827,no
2368,HAWAII,West,2025,9,0,0,0,0,0,0,0,0,0.883730762405837,0.467995661921774,no
2369,HAWAII,West,2025,10,0,0,0,0,0,0,0,0,0.933550754601395,0.358445237913918,no
2370,HAWAII,West,2025,11,0,0,0,0,0,0,0,0,0.969849825925805,0.243703334305638,no
2371,HAWAII,West,2025,12,0,0,0,0,0,0,0,0,0.992102245058455,0.125431795610095,no
2372,HAWAII,West,2025,13,0,0,0,0,0,0,0,0,0.999985722936002,0.00534358719969101,no
2373,HAWAII,West,2025,14,0,0,0,0,0,0,0,0,0.99338608057027,-0.1148220141316,no
2374,HAWAII,West,2025,15,0,0,0,0,0,0,0,0,0.972398902739873,-0.233324610682822,no
2375,HAWAII,West,2025,16,0,0,0,0,0,0,0,0,0.937328153604613,-0.348447890595089,no
2376,HAWAII,West,2025,17,0,0,0,0,0,0,0,0,0.888681774293145,-0.458524485757508,no
2377,HAWAII,West,2025,18,0,0,0,0,0,0,0,0,0.827164326225506,-0.561960120844802,no
2378,HAWAII,West,2025,19,0,0,0,0,0,0,0,0,0.75366678671966,-0.657256703728203,no
2379,HAWAII,West,2025,20,0,0,0,0,0,0,0,0,0.66925364467563,-0.743034022833669,no
2380,HAWAII,West,2025,21,0,0,0,0,0,0,0,0,0.575147483234652,-0.818049737197468,no
2381,HAWAII,West,2025,22,0,0,0,0,0,0,0,0,0.472711272707723,-0.881217369696629,no
2382,HAWAII,West,2025,23,0,0,0,0,0,0,0,0,0.363428630230867,-0.93162204285242,no
2383,HAWAII,West,2025,24,0,0,0,0,0,0,0,0,0.248882332052978,-0.968533729300055,no
2384,HAWAII,West,2025,25,0,0,0,0,0,0,0,0,0.130731389669801,-0.991417825013754,no
2385,HAWAII,West,2025,26,0,0,0,0,0,0,0,0,0.0106870218179092,-0.999942892151679,no
2386,HAWAII,West,2025,27,0,0,0,0,0,0,0,0,-0.109512129665869,-0.99398545937858,no
2387,HAWAII,West,2025,28,0,0,0,0,0,0,0,0,-0.228125181162749,-0.973631810141525,no
2388,HAWAII,West,2025,29,0,0,0,0,0,0,0,0,-0.343434221058743,-0.939176732998521,no
2389,HAWAII,West,2025,30,0,0,0,0,0,0,0,0,-0.453769190820369,-0.891119252099419,no
2390,HAWAII,West,2025,31,0,0,0,0,0,0,0,0,-0.557532072998533,-0.830155399655967,no
2391,HAWAII,West,2025,32,0,0,0,0,0,0,0,0,-0.653220035837834,-0.757168135079666,no
2392,HAWAII,West,2025,33,0,0,0,0,0,0,0,0,-0.739447199280337,-0.673214556791863,no
2393,HAWAII,West,2025,34,0,0,0,0,0,0,0,0,-0.814964707119669,-0.579510591921625,no
2394,HAWAII,West,2025,35,0,0,0,0,0,0,0,0,-0.878678814593855,-0.477413385635487,no
2395,HAWAII,West,2025,36,0,0,0,0,0,0,0,0,-0.929666729448389,-0.368401645160191,no
2396,HAWAII,West,2025,37,0,0,0,0,0,0,0,0,-0.96718997703823,-0.254054223182352,no
2397,HAWAII,West,2025,38,0,0,0,0,0,0,0,0,-0.990705095897581,-0.136027250808674,no
2398,HAWAII,West,2025,39,0,0,0,0,0,0,0,0,-0.999871508870024,-0.0160301512775393,no
2399,HAWAII,West,2025,40,0,0,0,0,0,0,0,0,-0.994556455798857,0.104199118176771,no
2400,HAWAII,West,2025,41,0,0,0,0,0,0,0,0,-0.97483691633585,0.222919237727053,no
2401,HAWAII,West,2025,42,0,0,0,0,0,0,0,0,-0.940998495019784,0.338410745057692,no
2402,HAWAII,West,2025,43,0,0,0,0,0,0,0,0,-0.893531284772509,0.449000938899674,no
2403,HAWAII,West,2025,44,0,0,0,0,0,0,0,0,-0.833122768722891,0.553088105310089,no
2404,HAWAII,West,2025,45,0,0,0,0,0,0,0,0,-0.760647863163829,0.649164715818952,no
2405,HAWAII,West,2025,46,0,0,0,0,0,0,0,0,-0.677156245853474,0.735839261457031,no
2406,HAWAII,West,2025,47,0,0,0,0,0,0,0,0,-0.583857153188981,0.811856406435312,no
2407,HAWAII,West,2025,48,0,0,0,0,0,0,0,0,-0.48210186644033,0.876115169583743,no
2408,HAWAII,West,2025,49,0,0,0,0,0,0,0,0,-0.373364140701786,0.927684870221573,no
2409,HAWAII,West,2025,50,0,0,0,0,0,0,0,0,-0.25921886001492,0.965818607510005,no
2410,HAWAII,West,2025,51,0,0,0,0,0,0,0,0,-0.141319227808016,0.989964078061293,no
2411,HAWAII,West,2025,52,0,0,0,0,0,0,0,0,-0.0213728230101764,0.999771575129327,no
2412,HAWAII,West,2025,53,0,0,0,0,0,0,0,0,0.0988831313727152,0.995099053526797,no
2413,IDAHO,West,2022,9,0,0,0,0,0,0,0,0,0.883730762405837,0.467995661921774,no
2414,IDAHO,West,2022,10,0,0,0,0,0,0,0,0,0.933550754601395,0.358445237913918,no
2415,IDAHO,West,2022,11,0,0,0,0,0,0,0,0,0.969849825925805,0.243703334305638,no
2416,IDAHO,West,2022,12,0,0,0,0,0,0,0,0,0.992102245058455,0.125431795610095,no
2417,IDAHO,West,2022,13,0,0,0,0,0,0,0,0,0.999985722936002,0.00534358719969101,no
2418,IDAHO,West,2022,14,0,0,0,0,0,0,0,0,0.99338608057027,-0.1148220141316,no
2419,IDAHO,West,2022,15,0,0,0,0,0,0,0,0,0.972398902739873,-0.233324610682822,no
2420,IDAHO,West,2022,16,0,0,0,0,0,0,0,0,0.937328153604613,-0.348447890595089,no
2421,IDAHO,West,2022,17,0,0,0,0,0,0,0,0,0.888681774293145,-0.458524485757508,no
2422,IDAHO,West,2022,18,0,0,0,0,0,0,0,0,0.827164326225506,-0.561960120844802,no
2423,IDAHO,West,2022,19,0,0,0,0,0,0,0,0,0.75366678671966,-0.657256703728203,no
2424,IDAHO,West,2022,20,0,0,0,0,0,0,0,0,0.66925364467563,-0.743034022833669,no
2425,IDAHO,West,2022,21,0,0,0,0,0,0,0,0,0.575147483234652,-0.818049737197468,no
2426,IDAHO,West,2022,22,0,0,0,0,0,0,0,0,0.472711272707723,-0.881217369696629,no
2427,IDAHO,West,2022,23,0,0,0,0,0,0,0,0,0.363428630230867,-0.93162204285242,no
2428,IDAHO,West,2022,24,0,0,0,0,0,0,0,0,0.248882332052978,-0.968533729300055,no
2429,IDAHO,West,2022,25,0,0,0,0,0,0,0,0,0.130731389669801,-0.991417825013754,no
2430,IDAHO,West,2022,26,0,0,0,0,0,0,0,0,0.0106870218179092,-0.999942892151679,no
2431,IDAHO,West,2022,27,0,0,0,0,0,0,0,0,-0.109512129665869,-0.99398545937858,no
2432,IDAHO,West,2022,28,0,0,0,0,0,0,0,0,-0.228125181162749,-0.973631810141525,no
2433,IDAHO,West,2022,29,0,0,0,0,0,0,0,0,-0.343434221058743,-0.939176732998521,no
2434,IDAHO,West,2022,30,0,0,0,0,0,0,0,0,-0.453769190820369,-0.891119252099419,no
2435,IDAHO,West,2022,31,0,0,0,0,0,0,0,0,-0.557532072998533,-0.830155399655967,no
2436,IDAHO,West,2022,32,0,0,0,0,0,0,0,1,-0.653220035837834,-0.757168135079666,yes
2437,IDAHO,West,2022,33,0,0,0,0,0,0,0,1,-0.739447199280337,-0.673214556791863,yes
2438,IDAHO,West,2022,34,0,0,0,0,0,0,0,2,-0.814964707119669,-0.579510591921625,yes
2439,IDAHO,West,2022,35,0,0,0,0,0,0,0,2,-0.878678814593855,-0.477413385635487,yes
2440,IDAHO,West,2022,36,1,0,0,0,0,0,0,1,-0.929666729448389,-0.368401645160191,yes
2441,IDAHO,West,2022,37,0,1,0,0,1,1,1,1,-0.96718997703823,-0.254054223182352,yes
2442,IDAHO,West,2022,38,1,0,1,0,1,1,1,0,-0.990705095897581,-0.136027250808674,no
2443,IDAHO,West,2022,39,0,1,0,0,2,2,2,0,-0.999871508870024,-0.0160301512775393,no
2444,IDAHO,West,2022,40,0,0,1,1,2,2,2,0,-0.994556455798857,0.104199118176771,no
2445,IDAHO,West,2022,41,0,0,0,0,1,2,2,0,-0.97483691633585,0.222919237727053,no
2446,IDAHO,West,2022,42,0,0,0,1,1,2,2,0,-0.940998495019784,0.338410745057692,no
2447,IDAHO,West,2022,43,0,0,0,0,0,2,2,0,-0.893531284772509,0.449000938899674,no
2448,IDAHO,West,2022,44,0,0,0,0,0,2,2,0,-0.833122768722891,0.553088105310089,no
2449,IDAHO,West,2022,45,0,0,0,0,0,1,1,0,-0.760647863163829,0.649164715818952,no
2450,IDAHO,West,2022,46,0,0,0,0,0,1,1,0,-0.677156245853474,0.735839261457031,no
2451,IDAHO,West,2022,47,0,0,0,0,0,0,0,0,-0.583857153188981,0.811856406435312,no
2452,IDAHO,West,2022,48,0,0,0,0,0,0,0,0,-0.48210186644033,0.876115169583743,no
2453,IDAHO,West,2022,49,0,0,0,0,0,0,0,0,-0.373364140701786,0.927684870221573,no
2454,IDAHO,West,2022,50,0,0,0,0,0,0,0,0,-0.25921886001492,0.965818607510005,no
2455,IDAHO,West,2022,51,0,0,0,0,0,0,0,0,-0.141319227808016,0.989964078061293,no
2456,IDAHO,West,2022,52,0,0,0,0,0,0,0,0,-0.0213728230101764,0.999771575129327,no
2457,IDAHO,West,2023,1,0,0,0,0,0,0,0,0,0.120128619954843,0.992758336488667,no
2458,IDAHO,West,2023,2,0,0,0,0,0,0,0,0,0.238517377822098,0.97113822933549,no
2459,IDAHO,West,2023,3,0,0,0,0,0,0,0,0,0.353451610505767,0.935452809622634,no
2460,IDAHO,West,2023,4,0,0,0,0,0,0,0,0,0.463266687927793,0.886218920953741,no
2461,IDAHO,West,2023,5,0,0,0,0,0,0,0,0,0.566372122409852,0.824149633839001,no
2462,IDAHO,West,2023,6,0,0,0,0,0,0,0,0,0.661274604226529,0.750143918061759,no
2463,IDAHO,West,2023,7,0,0,0,0,0,0,0,0,0.746599629698408,0.665273622605165,no
2464,IDAHO,West,2023,8,0,0,0,0,0,0,0,0,0.821111408578364,0.570767951712827,no
2465,IDAHO,West,2023,9,0,0,0,0,0,0,0,0,0.883730762405837,0.467995661921774,no
2466,IDAHO,West,2023,10,0,0,0,0,0,0,0,0,0.933550754601395,0.358445237913918,no
2467,IDAHO,West,2023,11,0,0,0,0,0,0,0,0,0.969849825925805,0.243703334305638,no
2468,IDAHO,West,2023,12,0,0,0,0,0,0,0,0,0.992102245058455,0.125431795610095,no
2469,IDAHO,West,2023,13,0,0,0,0,0,0,0,0,0.999985722936002,0.00534358719969101,no
2470,IDAHO,West,2023,14,0,0,0,0,0,0,0,0,0.99338608057027,-0.1148220141316,no
2471,IDAHO,West,2023,15,0,0,0,0,0,0,0,0,0.972398902739873,-0.233324610682822,no
2472,IDAHO,West,2023,16,0,0,0,0,0,0,0,0,0.937328153604613,-0.348447890595089,no
2473,IDAHO,West,2023,17,0,0,0,0,0,0,0,0,0.888681774293145,-0.458524485757508,no
2474,IDAHO,West,2023,18,0,0,0,0,0,0,0,0,0.827164326225506,-0.561960120844802,no
2475,IDAHO,West,2023,19,0,0,0,0,0,0,0,0,0.75366678671966,-0.657256703728203,no
2476,IDAHO,West,2023,20,0,0,0,0,0,0,0,0,0.66925364467563,-0.743034022833669,no
2477,IDAHO,West,2023,21,0,0,0,0,0,0,0,0,0.575147483234652,-0.818049737197468,no
2478,IDAHO,West,2023,22,0,0,0,0,0,0,0,0,0.472711272707723,-0.881217369696629,no
2479,IDAHO,West,2023,23,0,0,0,0,0,0,0,0,0.363428630230867,-0.93162204285242,no
2480,IDAHO,West,2023,24,0,0,0,0,0,0,0,0,0.248882332052978,-0.968533729300055,no
2481,IDAHO,West,2023,25,0,0,0,0,0,0,0,0,0.130731389669801,-0.991417825013754,no
2482,IDAHO,West,2023,26,0,0,0,0,0,0,0,0,0.0106870218179092,-0.999942892151679,no
2483,IDAHO,West,2023,27,0,0,0,0,0,0,0,0,-0.109512129665869,-0.99398545937858,no
2484,IDAHO,West,2023,28,0,0,0,0,0,0,0,0,-0.228125181162749,-0.973631810141525,no
2485,IDAHO,West,2023,29,0,0,0,0,0,0,0,0,-0.343434221058743,-0.939176732998521,no
2486,IDAHO,West,2023,30,0,0,0,0,0,0,0,0,-0.453769190820369,-0.891119252099419,no
2487,IDAHO,West,2023,31,0,0,0,0,0,0,0,0,-0.557532072998533,-0.830155399655967,no
2488,IDAHO,West,2023,32,0,0,0,0,0,0,0,2,-0.653220035837834,-0.757168135079666,yes
2489,IDAHO,West,2023,33,0,0,0,0,0,0,0,6,-0.739447199280337,-0.673214556791863,yes
2490,IDAHO,West,2023,34,0,0,0,0,0,0,0,10,-0.814964707119669,-0.579510591921625,yes
2491,IDAHO,West,2023,35,0,0,0,0,0,0,0,10,-0.878678814593855,-0.477413385635487,yes
2492,IDAHO,West,2023,36,2,0,0,0,0,0,0,8,-0.929666729448389,-0.368401645160191,yes
2493,IDAHO,West,2023,37,4,2,0,0,2,2,1,4,-0.96718997703823,-0.254054223182352,yes
2494,IDAHO,West,2023,38,4,4,2,0,6,6,2,0,-0.990705095897581,-0.136027250808674,no
2495,IDAHO,West,2023,39,0,4,4,0,10,10,3,0,-0.999871508870024,-0.0160301512775393,no
2496,IDAHO,West,2023,40,0,0,4,2,10,10,3,0,-0.994556455798857,0.104199118176771,no
2497,IDAHO,West,2023,41,0,0,0,4,8,10,3,0,-0.97483691633585,0.222919237727053,no
2498,IDAHO,West,2023,42,0,0,0,4,4,10,3,1,-0.940998495019784,0.338410745057692,yes
2499,IDAHO,West,2023,43,0,0,0,0,0,10,3,1,-0.893531284772509,0.449000938899674,yes
2500,IDAHO,West,2023,44,0,0,0,0,0,10,3,1,-0.833122768722891,0.553088105310089,yes
2501,IDAHO,West,2023,45,0,0,0,0,0,8,2,1,-0.760647863163829,0.649164715818952,yes
2502,IDAHO,West,2023,46,1,0,0,0,0,4,1,0,-0.677156245853474,0.735839261457031,no
2503,IDAHO,West,2023,47,0,1,0,0,1,1,1,0,-0.583857153188981,0.811856406435312,no
2504,IDAHO,West,2023,48,0,0,1,0,1,1,1,0,-0.48210186644033,0.876115169583743,no
2505,IDAHO,West,2023,49,0,0,0,0,1,1,1,0,-0.373364140701786,0.927684870221573,no
2506,IDAHO,West,2023,50,0,0,0,1,1,1,1,0,-0.25921886001492,0.965818607510005,no
2507,IDAHO,West,2023,51,0,0,0,0,0,1,1,0,-0.141319227808016,0.989964078061293,no
2508,IDAHO,West,2023,52,0,0,0,0,0,1,1,0,-0.0213728230101764,0.999771575129327,no
2509,IDAHO,West,2024,1,0,0,0,0,0,1,1,0,0.120128619954843,0.992758336488667,no
2510,IDAHO,West,2024,2,0,0,0,0,0,1,1,0,0.238517377822098,0.97113822933549,no
2511,IDAHO,West,2024,3,0,0,0,0,0,0,0,0,0.353451610505767,0.935452809622634,no
2512,IDAHO,West,2024,4,0,0,0,0,0,0,0,0,0.463266687927793,0.886218920953741,no
2513,IDAHO,West,2024,5,0,0,0,0,0,0,0,0,0.566372122409852,0.824149633839001,no
2514,IDAHO,West,2024,6,0,0,0,0,0,0,0,0,0.661274604226529,0.750143918061759,no
2515,IDAHO,West,2024,7,0,0,0,0,0,0,0,0,0.746599629698408,0.665273622605165,no
2516,IDAHO,West,2024,8,0,0,0,0,0,0,0,0,0.821111408578364,0.570767951712827,no
2517,IDAHO,West,2024,9,0,0,0,0,0,0,0,0,0.883730762405837,0.467995661921774,no
2518,IDAHO,West,2024,10,0,0,0,0,0,0,0,0,0.933550754601395,0.358445237913918,no
2519,IDAHO,West,2024,11,0,0,0,0,0,0,0,0,0.969849825925805,0.243703334305638,no
2520,IDAHO,West,2024,12,0,0,0,0,0,0,0,0,0.992102245058455,0.125431795610095,no
2521,IDAHO,West,2024,13,0,0,0,0,0,0,0,0,0.999985722936002,0.00534358719969101,no
2522,IDAHO,West,2024,14,0,0,0,0,0,0,0,0,0.99338608057027,-0.1148220141316,no
2523,IDAHO,West,2024,15,0,0,0,0,0,0,0,0,0.972398902739873,-0.233324610682822,no
2524,IDAHO,West,2024,16,0,0,0,0,0,0,0,0,0.937328153604613,-0.348447890595089,no
2525,IDAHO,West,2024,17,0,0,0,0,0,0,0,0,0.888681774293145,-0.458524485757508,no
2526,IDAHO,West,2024,18,0,0,0,0,0,0,0,0,0.827164326225506,-0.561960120844802,no
2527,IDAHO,West,2024,19,0,0,0,0,0,0,0,0,0.75366678671966,-0.657256703728203,no
2528,IDAHO,West,2024,20,0,0,0,0,0,0,0,0,0.66925364467563,-0.743034022833669,no
2529,IDAHO,West,2024,21,0,0,0,0,0,0,0,0,0.575147483234652,-0.818049737197468,no
2530,IDAHO,West,2024,22,0,0,0,0,0,0,0,0,0.472711272707723,-0.881217369696629,no
2531,IDAHO,West,2024,23,0,0,0,0,0,0,0,0,0.363428630230867,-0.93162204285242,no
2532,IDAHO,West,2024,24,0,0,0,0,0,0,0,0,0.248882332052978,-0.968533729300055,no
2533,IDAHO,West,2024,25,0,0,0,0,0,0,0,0,0.130731389669801,-0.991417825013754,no
2534,IDAHO,West,2024,26,0,0,0,0,0,0,0,0,0.0106870218179092,-0.999942892151679,no
2535,IDAHO,West,2024,27,0,0,0,0,0,0,0,0,-0.109512129665869,-0.99398545937858,no
2536,IDAHO,West,2024,28,0,0,0,0,0,0,0,0,-0.228125181162749,-0.973631810141525,no
2537,IDAHO,West,2024,29,0,0,0,0,0,0,0,0,-0.343434221058743,-0.939176732998521,no
2538,IDAHO,West,2024,30,0,0,0,0,0,0,0,0,-0.453769190820369,-0.891119252099419,no
2539,IDAHO,West,2024,31,0,0,0,0,0,0,0,1,-0.557532072998533,-0.830155399655967,yes
2540,IDAHO,West,2024,32,0,0,0,0,0,0,0,1,-0.653220035837834,-0.757168135079666,yes
2541,IDAHO,West,2024,33,0,0,0,0,0,0,0,1,-0.739447199280337,-0.673214556791863,yes
2542,IDAHO,West,2024,34,0,0,0,0,0,0,0,1,-0.814964707119669,-0.579510591921625,yes
2543,IDAHO,West,2024,35,1,0,0,0,0,0,0,0,-0.878678814593855,-0.477413385635487,no
2544,IDAHO,West,2024,36,0,1,0,0,1,1,1,0,-0.929666729448389,-0.368401645160191,no
2545,IDAHO,West,2024,37,0,0,1,0,1,1,1,0,-0.96718997703823,-0.254054223182352,no
2546,IDAHO,West,2024,38,0,0,0,0,1,1,1,0,-0.990705095897581,-0.136027250808674,no
2547,IDAHO,West,2024,39,0,0,0,1,1,1,1,0,-0.999871508870024,-0.0160301512775393,no
2548,IDAHO,West,2024,40,0,0,0,0,0,1,1,0,-0.994556455798857,0.104199118176771,no
2549,IDAHO,West,2024,41,0,0,0,0,0,1,1,0,-0.97483691633585,0.222919237727053,no
2550,IDAHO,West,2024,42,0,0,0,0,0,1,1,0,-0.940998495019784,0.338410745057692,no
2551,IDAHO,West,2024,43,0,0,0,0,0,1,1,0,-0.893531284772509,0.449000938899674,no
2552,IDAHO,West,2024,44,0,0,0,0,0,0,0,0,-0.833122768722891,0.553088105310089,no
2553,IDAHO,West,2024,45,0,0,0,0,0,0,0,0,-0.760647863163829,0.649164715818952,no
2554,IDAHO,West,2024,46,0,0,0,0,0,0,0,0,-0.677156245853474,0.735839261457031,no
2555,IDAHO,West,2024,47,0,0,0,0,0,0,0,0,-0.583857153188981,0.811856406435312,no
2556,IDAHO,West,2024,48,0,0,0,0,0,0,0,0,-0.48210186644033,0.876115169583743,no
2557,IDAHO,West,2024,49,0,0,0,0,0,0,0,0,-0.373364140701786,0.927684870221573,no
2558,IDAHO,West,2024,50,0,0,0,0,0,0,0,0,-0.25921886001492,0.965818607510005,no
2559,IDAHO,West,2024,51,0,0,0,0,0,0,0,0,-0.141319227808016,0.989964078061293,no
2560,IDAHO,West,2024,52,0,0,0,0,0,0,0,0,-0.0213728230101764,0.999771575129327,no
2561,IDAHO,West,2025,1,0,0,0,0,0,0,0,0,0.120128619954843,0.992758336488667,no
2562,IDAHO,West,2025,2,0,0,0,0,0,0,0,0,0.238517377822098,0.97113822933549,no
2563,IDAHO,West,2025,3,0,0,0,0,0,0,0,0,0.353451610505767,0.935452809622634,no
2564,IDAHO,West,2025,4,0,0,0,0,0,0,0,0,0.463266687927793,0.886218920953741,no
2565,IDAHO,West,2025,5,0,0,0,0,0,0,0,0,0.566372122409852,0.824149633839001,no
2566,IDAHO,West,2025,6,0,0,0,0,0,0,0,0,0.661274604226529,0.750143918061759,no
2567,IDAHO,West,2025,7,0,0,0,0,0,0,0,0,0.746599629698408,0.665273622605165,no
2568,IDAHO,West,2025,8,0,0,0,0,0,0,0,0,0.821111408578364,0.570767951712827,no
2569,IDAHO,West,2025,9,0,0,0,0,0,0,0,0,0.883730762405837,0.467995661921774,no
2570,IDAHO,West,2025,10,0,0,0,0,0,0,0,0,0.933550754601395,0.358445237913918,no
2571,IDAHO,West,2025,11,0,0,0,0,0,0,0,0,0.969849825925805,0.243703334305638,no
2572,IDAHO,West,2025,12,0,0,0,0,0,0,0,0,0.992102245058455,0.125431795610095,no
2573,IDAHO,West,2025,13,0,0,0,0,0,0,0,0,0.999985722936002,0.00534358719969101,no
2574,IDAHO,West,2025,14,0,0,0,0,0,0,0,0,0.99338608057027,-0.1148220141316,no
2575,IDAHO,West,2025,15,0,0,0,0,0,0,0,0,0.972398902739873,-0.233324610682822,no
2576,IDAHO,West,2025,16,0,0,0,0,0,0,0,0,0.937328153604613,-0.348447890595089,no
2577,IDAHO,West,2025,17,0,0,0,0,0,0,0,0,0.888681774293145,-0.458524485757508,no
2578,IDAHO,West,2025,18,0,0,0,0,0,0,0,0,0.827164326225506,-0.561960120844802,no
2579,IDAHO,West,2025,19,0,0,0,0,0,0,0,0,0.75366678671966,-0.657256703728203,no
2580,IDAHO,West,2025,20,0,0,0,0,0,0,0,0,0.66925364467563,-0.743034022833669,no
2581,IDAHO,West,2025,21,0,0,0,0,0,0,0,0,0.575147483234652,-0.818049737197468,no
2582,IDAHO,West,2025,22,0,0,0,0,0,0,0,0,0.472711272707723,-0.881217369696629,no
2583,IDAHO,West,2025,23,0,0,0,0,0,0,0,0,0.363428630230867,-0.93162204285242,no
2584,IDAHO,West,2025,24,0,0,0,0,0,0,0,0,0.248882332052978,-0.968533729300055,no
2585,IDAHO,West,2025,25,0,0,0,0,0,0,0,0,0.130731389669801,-0.991417825013754,no
2586,IDAHO,West,2025,26,0,0,0,0,0,0,0,0,0.0106870218179092,-0.999942892151679,no
2587,IDAHO,West,2025,27,0,0,0,0,0,0,0,0,-0.109512129665869,-0.99398545937858,no
2588,IDAHO,West,2025,28,0,0,0,0,0,0,0,0,-0.228125181162749,-0.973631810141525,no
2589,IDAHO,West,2025,29,0,0,0,0,0,0,0,1,-0.343434221058743,-0.939176732998521,yes
2590,IDAHO,West,2025,30,0,0,0,0,0,0,0,1,-0.453769190820369,-0.891119252099419,yes
2591,IDAHO,West,2025,31,0,0,0,0,0,0,0,1,-0.557532072998533,-0.830155399655967,yes
2592,IDAHO,West,2025,32,0,0,0,0,0,0,0,1,-0.653220035837834,-0.757168135079666,yes
2593,IDAHO,West,2025,33,1,0,0,0,0,0,0,1,-0.739447199280337,-0.673214556791863,yes
2594,IDAHO,West,2025,34,0,1,0,0,1,1,1,1,-0.814964707119669,-0.579510591921625,yes
2595,IDAHO,West,2025,35,0,0,1,0,1,1,1,1,-0.878678814593855,-0.477413385635487,yes
2596,IDAHO,West,2025,36,0,0,0,0,1,1,1,2,-0.929666729448389,-0.368401645160191,yes
2597,IDAHO,West,2025,37,1,0,0,1,1,1,1,1,-0.96718997703823,-0.254054223182352,yes
2598,IDAHO,West,2025,38,0,1,0,0,1,2,2,1,-0.990705095897581,-0.136027250808674,yes
2599,IDAHO,West,2025,39,0,0,1,0,1,2,2,1,-0.999871508870024,-0.0160301512775393,yes
2600,IDAHO,West,2025,40,1,0,0,0,1,2,2,0,-0.994556455798857,0.104199118176771,no
2601,IDAHO,West,2025,41,0,1,0,1,2,3,3,0,-0.97483691633585,0.222919237727053,no
2602,IDAHO,West,2025,42,0,0,1,0,1,2,2,0,-0.940998495019784,0.338410745057692,no
2603,IDAHO,West,2025,43,0,0,0,0,1,2,2,0,-0.893531284772509,0.449000938899674,no
2604,IDAHO,West,2025,44,0,0,0,1,1,2,2,0,-0.833122768722891,0.553088105310089,no
2605,IDAHO,West,2025,45,0,0,0,0,0,2,2,0,-0.760647863163829,0.649164715818952,no
2606,IDAHO,West,2025,46,0,0,0,0,0,1,1,0,-0.677156245853474,0.735839261457031,no
2607,IDAHO,West,2025,47,0,0,0,0,0,1,1,0,-0.583857153188981,0.811856406435312,no
2608,IDAHO,West,2025,48,0,0,0,0,0,1,1,0,-0.48210186644033,0.876115169583743,no
2609,IDAHO,West,2025,49,0,0,0,0,0,0,0,0,-0.373364140701786,0.927684870221573,no
2610,IDAHO,West,2025,50,0,0,0,0,0,0,0,0,-0.25921886001492,0.965818607510005,no
2611,IDAHO,West,2025,51,0,0,0,0,0,0,0,0,-0.141319227808016,0.989964078061293,no
2612,IDAHO,West,2025,52,0,0,0,0,0,0,0,0,-0.0213728230101764,0.999771575129327,no
2613,IDAHO,West,2025,53,0,0,0,0,0,0,0,0,0.0988831313727152,0.995099053526797,no
2614,ILLINOIS,North Central,2022,9,0,0,0,0,0,0,0,0,0.883730762405837,0.467995661921774,no
2615,ILLINOIS,North Central,2022,10,0,0,0,0,0,0,0,0,0.933550754601395,0.358445237913918,no
2616,ILLINOIS,North Central,2022,11,0,0,0,0,0,0,0,0,0.969849825925805,0.243703334305638,no
2617,ILLINOIS,North Central,2022,12,0,0,0,0,0,0,0,0,0.992102245058455,0.125431795610095,no
2618,ILLINOIS,North Central,2022,13,0,0,0,0,0,0,0,0,0.999985722936002,0.00534358719969101,no
2619,ILLINOIS,North Central,2022,14,0,0,0,0,0,0,0,0,0.99338608057027,-0.1148220141316,no
2620,ILLINOIS,North Central,2022,15,0,0,0,0,0,0,0,0,0.972398902739873,-0.233324610682822,no
2621,ILLINOIS,North Central,2022,16,0,0,0,0,0,0,0,0,0.937328153604613,-0.348447890595089,no
2622,ILLINOIS,North Central,2022,17,0,0,0,0,0,0,0,0,0.888681774293145,-0.458524485757508,no
2623,ILLINOIS,North Central,2022,18,0,0,0,0,0,0,0,0,0.827164326225506,-0.561960120844802,no
2624,ILLINOIS,North Central,2022,19,0,0,0,0,0,0,0,0,0.75366678671966,-0.657256703728203,no
2625,ILLINOIS,North Central,2022,20,0,0,0,0,0,0,0,0,0.66925364467563,-0.743034022833669,no
2626,ILLINOIS,North Central,2022,21,0,0,0,0,0,0,0,0,0.575147483234652,-0.818049737197468,no
2627,ILLINOIS,North Central,2022,22,0,0,0,0,0,0,0,0,0.472711272707723,-0.881217369696629,no
2628,ILLINOIS,North Central,2022,23,0,0,0,0,0,0,0,0,0.363428630230867,-0.93162204285242,no
2629,ILLINOIS,North Central,2022,24,0,0,0,0,0,0,0,0,0.248882332052978,-0.968533729300055,no
2630,ILLINOIS,North Central,2022,25,0,0,0,0,0,0,0,0,0.130731389669801,-0.991417825013754,no
2631,ILLINOIS,North Central,2022,26,0,0,0,0,0,0,0,0,0.0106870218179092,-0.999942892151679,no
2632,ILLINOIS,North Central,2022,27,0,0,0,0,0,0,0,0,-0.109512129665869,-0.99398545937858,no
2633,ILLINOIS,North Central,2022,28,0,0,0,0,0,0,0,0,-0.228125181162749,-0.973631810141525,no
2634,ILLINOIS,North Central,2022,29,0,0,0,0,0,0,0,0,-0.343434221058743,-0.939176732998521,no
2635,ILLINOIS,North Central,2022,30,0,0,0,0,0,0,0,0,-0.453769190820369,-0.891119252099419,no
2636,ILLINOIS,North Central,2022,31,0,0,0,0,0,0,0,0,-0.557532072998533,-0.830155399655967,no
2637,ILLINOIS,North Central,2022,32,0,0,0,0,0,0,0,0,-0.653220035837834,-0.757168135079666,no
2638,ILLINOIS,North Central,2022,33,0,0,0,0,0,0,0,0,-0.739447199280337,-0.673214556791863,no
2639,ILLINOIS,North Central,2022,34,0,0,0,0,0,0,0,0,-0.814964707119669,-0.579510591921625,no
2640,ILLINOIS,North Central,2022,35,0,0,0,0,0,0,0,0,-0.878678814593855,-0.477413385635487,no
2641,ILLINOIS,North Central,2022,36,0,0,0,0,0,0,0,0,-0.929666729448389,-0.368401645160191,no
2642,ILLINOIS,North Central,2022,37,0,0,0,0,0,0,0,0,-0.96718997703823,-0.254054223182352,no
2643,ILLINOIS,North Central,2022,38,0,0,0,0,0,0,0,0,-0.990705095897581,-0.136027250808674,no
2644,ILLINOIS,North Central,2022,39,0,0,0,0,0,0,0,0,-0.999871508870024,-0.0160301512775393,no
2645,ILLINOIS,North Central,2022,40,0,0,0,0,0,0,0,0,-0.994556455798857,0.104199118176771,no
2646,ILLINOIS,North Central,2022,41,0,0,0,0,0,0,0,0,-0.97483691633585,0.222919237727053,no
2647,ILLINOIS,North Central,2022,42,0,0,0,0,0,0,0,0,-0.940998495019784,0.338410745057692,no
2648,ILLINOIS,North Central,2022,43,0,0,0,0,0,0,0,0,-0.893531284772509,0.449000938899674,no
2649,ILLINOIS,North Central,2022,44,0,0,0,0,0,0,0,0,-0.833122768722891,0.553088105310089,no
2650,ILLINOIS,North Central,2022,45,0,0,0,0,0,0,0,0,-0.760647863163829,0.649164715818952,no
2651,ILLINOIS,North Central,2022,46,0,0,0,0,0,0,0,0,-0.677156245853474,0.735839261457031,no
2652,ILLINOIS,North Central,2022,47,0,0,0,0,0,0,0,0,-0.583857153188981,0.811856406435312,no
2653,ILLINOIS,North Central,2022,48,0,0,0,0,0,0,0,0,-0.48210186644033,0.876115169583743,no
2654,ILLINOIS,North Central,2022,49,0,0,0,0,0,0,0,0,-0.373364140701786,0.927684870221573,no
2655,ILLINOIS,North Central,2022,50,0,0,0,0,0,0,0,0,-0.25921886001492,0.965818607510005,no
2656,ILLINOIS,North Central,2022,51,0,0,0,0,0,0,0,0,-0.141319227808016,0.989964078061293,no
2657,ILLINOIS,North Central,2022,52,0,0,0,0,0,0,0,0,-0.0213728230101764,0.999771575129327,no
2658,ILLINOIS,North Central,2023,1,0,0,0,0,0,0,0,0,0.120128619954843,0.992758336488667,no
2659,ILLINOIS,North Central,2023,2,0,0,0,0,0,0,0,0,0.238517377822098,0.97113822933549,no
2660,ILLINOIS,North Central,2023,3,0,0,0,0,0,0,0,0,0.353451610505767,0.935452809622634,no
2661,ILLINOIS,North Central,2023,4,0,0,0,0,0,0,0,0,0.463266687927793,0.886218920953741,no
2662,ILLINOIS,North Central,2023,5,0,0,0,0,0,0,0,0,0.566372122409852,0.824149633839001,no
2663,ILLINOIS,North Central,2023,6,0,0,0,0,0,0,0,0,0.661274604226529,0.750143918061759,no
2664,ILLINOIS,North Central,2023,7,0,0,0,0,0,0,0,0,0.746599629698408,0.665273622605165,no
2665,ILLINOIS,North Central,2023,8,0,0,0,0,0,0,0,0,0.821111408578364,0.570767951712827,no
2666,ILLINOIS,North Central,2023,9,0,0,0,0,0,0,0,0,0.883730762405837,0.467995661921774,no
2667,ILLINOIS,North Central,2023,10,0,0,0,0,0,0,0,0,0.933550754601395,0.358445237913918,no
2668,ILLINOIS,North Central,2023,11,0,0,0,0,0,0,0,0,0.969849825925805,0.243703334305638,no
2669,ILLINOIS,North Central,2023,12,0,0,0,0,0,0,0,0,0.992102245058455,0.125431795610095,no
2670,ILLINOIS,North Central,2023,13,0,0,0,0,0,0,0,0,0.999985722936002,0.00534358719969101,no
2671,ILLINOIS,North Central,2023,14,0,0,0,0,0,0,0,0,0.99338608057027,-0.1148220141316,no
2672,ILLINOIS,North Central,2023,15,0,0,0,0,0,0,0,0,0.972398902739873,-0.233324610682822,no
2673,ILLINOIS,North Central,2023,16,0,0,0,0,0,0,0,0,0.937328153604613,-0.348447890595089,no
2674,ILLINOIS,North Central,2023,17,0,0,0,0,0,0,0,0,0.888681774293145,-0.458524485757508,no
2675,ILLINOIS,North Central,2023,18,0,0,0,0,0,0,0,0,0.827164326225506,-0.561960120844802,no
2676,ILLINOIS,North Central,2023,19,0,0,0,0,0,0,0,0,0.75366678671966,-0.657256703728203,no
2677,ILLINOIS,North Central,2023,20,0,0,0,0,0,0,0,0,0.66925364467563,-0.743034022833669,no
2678,ILLINOIS,North Central,2023,21,0,0,0,0,0,0,0,0,0.575147483234652,-0.818049737197468,no
2679,ILLINOIS,North Central,2023,22,0,0,0,0,0,0,0,0,0.472711272707723,-0.881217369696629,no
2680,ILLINOIS,North Central,2023,23,0,0,0,0,0,0,0,0,0.363428630230867,-0.93162204285242,no
2681,ILLINOIS,North Central,2023,24,0,0,0,0,0,0,0,0,0.248882332052978,-0.968533729300055,no
2682,ILLINOIS,North Central,2023,25,0,0,0,0,0,0,0,0,0.130731389669801,-0.991417825013754,no
2683,ILLINOIS,North Central,2023,26,0,0,0,0,0,0,0,0,0.0106870218179092,-0.999942892151679,no
2684,ILLINOIS,North Central,2023,27,0,0,0,0,0,0,0,0,-0.109512129665869,-0.99398545937858,no
2685,ILLINOIS,North Central,2023,28,0,0,0,0,0,0,0,0,-0.228125181162749,-0.973631810141525,no
2686,ILLINOIS,North Central,2023,29,0,0,0,0,0,0,0,0,-0.343434221058743,-0.939176732998521,no
2687,ILLINOIS,North Central,2023,30,0,0,0,0,0,0,0,0,-0.453769190820369,-0.891119252099419,no
2688,ILLINOIS,North Central,2023,31,0,0,0,0,0,0,0,0,-0.557532072998533,-0.830155399655967,no
2689,ILLINOIS,North Central,2023,32,0,0,0,0,0,0,0,0,-0.653220035837834,-0.757168135079666,no
2690,ILLINOIS,North Central,2023,33,0,0,0,0,0,0,0,0,-0.739447199280337,-0.673214556791863,no
2691,ILLINOIS,North Central,2023,34,0,0,0,0,0,0,0,0,-0.814964707119669,-0.579510591921625,no
2692,ILLINOIS,North Central,2023,35,0,0,0,0,0,0,0,0,-0.878678814593855,-0.477413385635487,no
2693,ILLINOIS,North Central,2023,36,0,0,0,0,0,0,0,0,-0.929666729448389,-0.368401645160191,no
2694,ILLINOIS,North Central,2023,37,0,0,0,0,0,0,0,0,-0.96718997703823,-0.254054223182352,no
2695,ILLINOIS,North Central,2023,38,0,0,0,0,0,0,0,0,-0.990705095897581,-0.136027250808674,no
2696,ILLINOIS,North Central,2023,39,0,0,0,0,0,0,0,0,-0.999871508870024,-0.0160301512775393,no
2697,ILLINOIS,North Central,2023,40,0,0,0,0,0,0,0,0,-0.994556455798857,0.104199118176771,no
2698,ILLINOIS,North Central,2023,41,0,0,0,0,0,0,0,0,-0.97483691633585,0.222919237727053,no
2699,ILLINOIS,North Central,2023,42,0,0,0,0,0,0,0,0,-0.940998495019784,0.338410745057692,no
2700,ILLINOIS,North Central,2023,43,0,0,0,0,0,0,0,0,-0.893531284772509,0.449000938899674,no
2701,ILLINOIS,North Central,2023,44,0,0,0,0,0,0,0,0,-0.833122768722891,0.553088105310089,no
2702,ILLINOIS,North Central,2023,45,0,0,0,0,0,0,0,0,-0.760647863163829,0.649164715818952,no
2703,ILLINOIS,North Central,2023,46,0,0,0,0,0,0,0,0,-0.677156245853474,0.735839261457031,no
2704,ILLINOIS,North Central,2023,47,0,0,0,0,0,0,0,0,-0.583857153188981,0.811856406435312,no
2705,ILLINOIS,North Central,2023,48,0,0,0,0,0,0,0,0,-0.48210186644033,0.876115169583743,no
2706,ILLINOIS,North Central,2023,49,0,0,0,0,0,0,0,0,-0.373364140701786,0.927684870221573,no
2707,ILLINOIS,North Central,2023,50,0,0,0,0,0,0,0,0,-0.25921886001492,0.965818607510005,no
2708,ILLINOIS,North Central,2023,51,0,0,0,0,0,0,0,0,-0.141319227808016,0.989964078061293,no
2709,ILLINOIS,North Central,2023,52,0,0,0,0,0,0,0,0,-0.0213728230101764,0.999771575129327,no
2710,ILLINOIS,North Central,2024,1,0,0,0,0,0,0,0,0,0.120128619954843,0.992758336488667,no
2711,ILLINOIS,North Central,2024,2,0,0,0,0,0,0,0,0,0.238517377822098,0.97113822933549,no
2712,ILLINOIS,North Central,2024,3,0,0,0,0,0,0,0,0,0.353451610505767,0.935452809622634,no
2713,ILLINOIS,North Central,2024,4,0,0,0,0,0,0,0,0,0.463266687927793,0.886218920953741,no
2714,ILLINOIS,North Central,2024,5,0,0,0,0,0,0,0,0,0.566372122409852,0.824149633839001,no
2715,ILLINOIS,North Central,2024,6,0,0,0,0,0,0,0,0,0.661274604226529,0.750143918061759,no
2716,ILLINOIS,North Central,2024,7,0,0,0,0,0,0,0,0,0.746599629698408,0.665273622605165,no
2717,ILLINOIS,North Central,2024,8,0,0,0,0,0,0,0,0,0.821111408578364,0.570767951712827,no
2718,ILLINOIS,North Central,2024,9,0,0,0,0,0,0,0,0,0.883730762405837,0.467995661921774,no
2719,ILLINOIS,North Central,2024,10,0,0,0,0,0,0,0,0,0.933550754601395,0.358445237913918,no
2720,ILLINOIS,North Central,2024,11,0,0,0,0,0,0,0,0,0.969849825925805,0.243703334305638,no
2721,ILLINOIS,North Central,2024,12,0,0,0,0,0,0,0,0,0.992102245058455,0.125431795610095,no
2722,ILLINOIS,North Central,2024,13,0,0,0,0,0,0,0,0,0.999985722936002,0.00534358719969101,no
2723,ILLINOIS,North Central,2024,14,0,0,0,0,0,0,0,0,0.99338608057027,-0.1148220141316,no
2724,ILLINOIS,North Central,2024,15,0,0,0,0,0,0,0,0,0.972398902739873,-0.233324610682822,no
2725,ILLINOIS,North Central,2024,16,0,0,0,0,0,0,0,0,0.937328153604613,-0.348447890595089,no
2726,ILLINOIS,North Central,2024,17,0,0,0,0,0,0,0,0,0.888681774293145,-0.458524485757508,no
2727,ILLINOIS,North Central,2024,18,0,0,0,0,0,0,0,0,0.827164326225506,-0.561960120844802,no
2728,ILLINOIS,North Central,2024,19,0,0,0,0,0,0,0,0,0.75366678671966,-0.657256703728203,no
2729,ILLINOIS,North Central,2024,20,0,0,0,0,0,0,0,0,0.66925364467563,-0.743034022833669,no
2730,ILLINOIS,North Central,2024,21,0,0,0,0,0,0,0,0,0.575147483234652,-0.818049737197468,no
2731,ILLINOIS,North Central,2024,22,0,0,0,0,0,0,0,0,0.472711272707723,-0.881217369696629,no
2732,ILLINOIS,North Central,2024,23,0,0,0,0,0,0,0,0,0.363428630230867,-0.93162204285242,no
2733,ILLINOIS,North Central,2024,24,0,0,0,0,0,0,0,0,0.248882332052978,-0.968533729300055,no
2734,ILLINOIS,North Central,2024,25,0,0,0,0,0,0,0,0,0.130731389669801,-0.991417825013754,no
2735,ILLINOIS,North Central,2024,26,0,0,0,0,0,0,0,0,0.0106870218179092,-0.999942892151679,no
2736,ILLINOIS,North Central,2024,27,0,0,0,0,0,0,0,0,-0.109512129665869,-0.99398545937858,no
2737,ILLINOIS,North Central,2024,28,0,0,0,0,0,0,0,0,-0.228125181162749,-0.973631810141525,no
2738,ILLINOIS,North Central,2024,29,0,0,0,0,0,0,0,0,-0.343434221058743,-0.939176732998521,no
2739,ILLINOIS,North Central,2024,30,0,0,0,0,0,0,0,0,-0.453769190820369,-0.891119252099419,no
2740,ILLINOIS,North Central,2024,31,0,0,0,0,0,0,0,0,-0.557532072998533,-0.830155399655967,no
2741,ILLINOIS,North Central,2024,32,0,0,0,0,0,0,0,0,-0.653220035837834,-0.757168135079666,no
2742,ILLINOIS,North Central,2024,33,0,0,0,0,0,0,0,0,-0.739447199280337,-0.673214556791863,no
2743,ILLINOIS,North Central,2024,34,0,0,0,0,0,0,0,0,-0.814964707119669,-0.579510591921625,no
2744,ILLINOIS,North Central,2024,35,0,0,0,0,0,0,0,0,-0.878678814593855,-0.477413385635487,no
2745,ILLINOIS,North Central,2024,36,0,0,0,0,0,0,0,0,-0.929666729448389,-0.368401645160191,no
2746,ILLINOIS,North Central,2024,37,0,0,0,0,0,0,0,0,-0.96718997703823,-0.254054223182352,no
2747,ILLINOIS,North Central,2024,38,0,0,0,0,0,0,0,0,-0.990705095897581,-0.136027250808674,no
2748,ILLINOIS,North Central,2024,39,0,0,0,0,0,0,0,0,-0.999871508870024,-0.0160301512775393,no
2749,ILLINOIS,North Central,2024,40,0,0,0,0,0,0,0,0,-0.994556455798857,0.104199118176771,no
2750,ILLINOIS,North Central,2024,41,0,0,0,0,0,0,0,0,-0.97483691633585,0.222919237727053,no
2751,ILLINOIS,North Central,2024,42,0,0,0,0,0,0,0,0,-0.940998495019784,0.338410745057692,no
2752,ILLINOIS,North Central,2024,43,0,0,0,0,0,0,0,0,-0.893531284772509,0.449000938899674,no
2753,ILLINOIS,North Central,2024,44,0,0,0,0,0,0,0,0,-0.833122768722891,0.553088105310089,no
2754,ILLINOIS,North Central,2024,45,0,0,0,0,0,0,0,0,-0.760647863163829,0.649164715818952,no
2755,ILLINOIS,North Central,2024,46,0,0,0,0,0,0,0,0,-0.677156245853474,0.735839261457031,no
2756,ILLINOIS,North Central,2024,47,0,0,0,0,0,0,0,0,-0.583857153188981,0.811856406435312,no
2757,ILLINOIS,North Central,2024,48,0,0,0,0,0,0,0,0,-0.48210186644033,0.876115169583743,no
2758,ILLINOIS,North Central,2024,49,0,0,0,0,0,0,0,0,-0.373364140701786,0.927684870221573,no
2759,ILLINOIS,North Central,2024,50,0,0,0,0,0,0,0,0,-0.25921886001492,0.965818607510005,no
2760,ILLINOIS,North Central,2024,51,0,0,0,0,0,0,0,0,-0.141319227808016,0.989964078061293,no
2761,ILLINOIS,North Central,2024,52,0,0,0,0,0,0,0,0,-0.0213728230101764,0.999771575129327,no
2762,ILLINOIS,North Central,2025,1,0,0,0,0,0,0,0,0,0.120128619954843,0.992758336488667,no
2763,ILLINOIS,North Central,2025,2,0,0,0,0,0,0,0,0,0.238517377822098,0.97113822933549,no
2764,ILLINOIS,North Central,2025,3,0,0,0,0,0,0,0,0,0.353451610505767,0.935452809622634,no
2765,ILLINOIS,North Central,2025,4,0,0,0,0,0,0,0,0,0.463266687927793,0.886218920953741,no
2766,ILLINOIS,North Central,2025,5,0,0,0,0,0,0,0,0,0.566372122409852,0.824149633839001,no
2767,ILLINOIS,North Central,2025,6,0,0,0,0,0,0,0,0,0.661274604226529,0.750143918061759,no
2768,ILLINOIS,North Central,2025,7,0,0,0,0,0,0,0,0,0.746599629698408,0.665273622605165,no
2769,ILLINOIS,North Central,2025,8,0,0,0,0,0,0,0,0,0.821111408578364,0.570767951712827,no
2770,ILLINOIS,North Central,2025,9,0,0,0,0,0,0,0,0,0.883730762405837,0.467995661921774,no
2771,ILLINOIS,North Central,2025,10,0,0,0,0,0,0,0,0,0.933550754601395,0.358445237913918,no
2772,ILLINOIS,North Central,2025,11,0,0,0,0,0,0,0,0,0.969849825925805,0.243703334305638,no
2773,ILLINOIS,North Central,2025,12,0,0,0,0,0,0,0,0,0.992102245058455,0.125431795610095,no
2774,ILLINOIS,North Central,2025,13,0,0,0,0,0,0,0,0,0.999985722936002,0.00534358719969101,no
2775,ILLINOIS,North Central,2025,14,0,0,0,0,0,0,0,0,0.99338608057027,-0.1148220141316,no
2776,ILLINOIS,North Central,2025,15,0,0,0,0,0,0,0,0,0.972398902739873,-0.233324610682822,no
2777,ILLINOIS,North Central,2025,16,0,0,0,0,0,0,0,0,0.937328153604613,-0.348447890595089,no
2778,ILLINOIS,North Central,2025,17,0,0,0,0,0,0,0,0,0.888681774293145,-0.458524485757508,no
2779,ILLINOIS,North Central,2025,18,0,0,0,0,0,0,0,0,0.827164326225506,-0.561960120844802,no
2780,ILLINOIS,North Central,2025,19,0,0,0,0,0,0,0,0,0.75366678671966,-0.657256703728203,no
2781,ILLINOIS,North Central,2025,20,0,0,0,0,0,0,0,0,0.66925364467563,-0.743034022833669,no
2782,ILLINOIS,North Central,2025,21,0,0,0,0,0,0,0,0,0.575147483234652,-0.818049737197468,no
2783,ILLINOIS,North Central,2025,22,0,0,0,0,0,0,0,0,0.472711272707723,-0.881217369696629,no
2784,ILLINOIS,North Central,2025,23,0,0,0,0,0,0,0,0,0.363428630230867,-0.93162204285242,no
2785,ILLINOIS,North Central,2025,24,0,0,0,0,0,0,0,0,0.248882332052978,-0.968533729300055,no
2786,ILLINOIS,North Central,2025,25,0,0,0,0,0,0,0,0,0.130731389669801,-0.991417825013754,no
2787,ILLINOIS,North Central,2025,26,0,0,0,0,0,0,0,0,0.0106870218179092,-0.999942892151679,no
2788,ILLINOIS,North Central,2025,27,0,0,0,0,0,0,0,0,-0.109512129665869,-0.99398545937858,no
2789,ILLINOIS,North Central,2025,28,0,0,0,0,0,0,0,0,-0.228125181162749,-0.973631810141525,no
2790,ILLINOIS,North Central,2025,29,0,0,0,0,0,0,0,0,-0.343434221058743,-0.939176732998521,no
2791,ILLINOIS,North Central,2025,30,0,0,0,0,0,0,0,0,-0.453769190820369,-0.891119252099419,no
2792,ILLINOIS,North Central,2025,31,0,0,0,0,0,0,0,0,-0.557532072998533,-0.830155399655967,no
2793,ILLINOIS,North Central,2025,32,0,0,0,0,0,0,0,0,-0.653220035837834,-0.757168135079666,no
2794,ILLINOIS,North Central,2025,33,0,0,0,0,0,0,0,0,-0.739447199280337,-0.673214556791863,no
2795,ILLINOIS,North Central,2025,34,0,0,0,0,0,0,0,0,-0.814964707119669,-0.579510591921625,no
2796,ILLINOIS,North Central,2025,35,0,0,0,0,0,0,0,0,-0.878678814593855,-0.477413385635487,no
2797,ILLINOIS,North Central,2025,36,0,0,0,0,0,0,0,0,-0.929666729448389,-0.368401645160191,no
2798,ILLINOIS,North Central,2025,37,0,0,0,0,0,0,0,0,-0.96718997703823,-0.254054223182352,no
2799,ILLINOIS,North Central,2025,38,0,0,0,0,0,0,0,0,-0.990705095897581,-0.136027250808674,no
2800,ILLINOIS,North Central,2025,39,0,0,0,0,0,0,0,0,-0.999871508870024,-0.0160301512775393,no
2801,ILLINOIS,North Central,2025,40,0,0,0,0,0,0,0,0,-0.994556455798857,0.104199118176771,no
2802,ILLINOIS,North Central,2025,41,0,0,0,0,0,0,0,0,-0.97483691633585,0.222919237727053,no
2803,ILLINOIS,North Central,2025,42,0,0,0,0,0,0,0,0,-0.940998495019784,0.338410745057692,no
2804,ILLINOIS,North Central,2025,43,0,0,0,0,0,0,0,0,-0.893531284772509,0.449000938899674,no
2805,ILLINOIS,North Central,2025,44,0,0,0,0,0,0,0,0,-0.833122768722891,0.553088105310089,no
2806,ILLINOIS,North Central,2025,45,0,0,0,0,0,0,0,0,-0.760647863163829,0.649164715818952,no
2807,ILLINOIS,North Central,2025,46,0,0,0,0,0,0,0,0,-0.677156245853474,0.735839261457031,no
2808,ILLINOIS,North Central,2025,47,0,0,0,0,0,0,0,0,-0.583857153188981,0.811856406435312,no
2809,ILLINOIS,North Central,2025,48,0,0,0,0,0,0,0,0,-0.48210186644033,0.876115169583743,no
2810,ILLINOIS,North Central,2025,49,0,0,0,0,0,0,0,0,-0.373364140701786,0.927684870221573,no
2811,ILLINOIS,North Central,2025,50,0,0,0,0,0,0,0,0,-0.25921886001492,0.965818607510005,no
2812,ILLINOIS,North Central,2025,51,0,0,0,0,0,0,0,0,-0.141319227808016,0.989964078061293,no
2813,ILLINOIS,North Central,2025,52,0,0,0,0,0,0,0,0,-0.0213728230101764,0.999771575129327,no
2814,ILLINOIS,North Central,2025,53,0,0,0,0,0,0,0,0,0.0988831313727152,0.995099053526797,no
2815,INDIANA,North Central,2022,9,0,0,0,0,0,0,0,0,0.883730762405837,0.467995661921774,no
2816,INDIANA,North Central,2022,10,0,0,0,0,0,0,0,0,0.933550754601395,0.358445237913918,no
2817,INDIANA,North Central,2022,11,0,0,0,0,0,0,0,0,0.969849825925805,0.243703334305638,no
2818,INDIANA,North Central,2022,12,0,0,0,0,0,0,0,0,0.992102245058455,0.125431795610095,no
2819,INDIANA,North Central,2022,13,0,0,0,0,0,0,0,0,0.999985722936002,0.00534358719969101,no
2820,INDIANA,North Central,2022,14,0,0,0,0,0,0,0,0,0.99338608057027,-0.1148220141316,no
2821,INDIANA,North Central,2022,15,0,0,0,0,0,0,0,0,0.972398902739873,-0.233324610682822,no
2822,INDIANA,North Central,2022,16,0,0,0,0,0,0,0,0,0.937328153604613,-0.348447890595089,no
2823,INDIANA,North Central,2022,17,0,0,0,0,0,0,0,0,0.888681774293145,-0.458524485757508,no
2824,INDIANA,North Central,2022,18,0,0,0,0,0,0,0,0,0.827164326225506,-0.561960120844802,no
2825,INDIANA,North Central,2022,19,0,0,0,0,0,0,0,0,0.75366678671966,-0.657256703728203,no
2826,INDIANA,North Central,2022,20,0,0,0,0,0,0,0,0,0.66925364467563,-0.743034022833669,no
2827,INDIANA,North Central,2022,21,0,0,0,0,0,0,0,0,0.575147483234652,-0.818049737197468,no
2828,INDIANA,North Central,2022,22,0,0,0,0,0,0,0,0,0.472711272707723,-0.881217369696629,no
2829,INDIANA,North Central,2022,23,0,0,0,0,0,0,0,0,0.363428630230867,-0.93162204285242,no
2830,INDIANA,North Central,2022,24,0,0,0,0,0,0,0,0,0.248882332052978,-0.968533729300055,no
2831,INDIANA,North Central,2022,25,0,0,0,0,0,0,0,0,0.130731389669801,-0.991417825013754,no
2832,INDIANA,North Central,2022,26,0,0,0,0,0,0,0,0,0.0106870218179092,-0.999942892151679,no
2833,INDIANA,North Central,2022,27,0,0,0,0,0,0,0,0,-0.109512129665869,-0.99398545937858,no
2834,INDIANA,North Central,2022,28,0,0,0,0,0,0,0,0,-0.228125181162749,-0.973631810141525,no
2835,INDIANA,North Central,2022,29,0,0,0,0,0,0,0,0,-0.343434221058743,-0.939176732998521,no
2836,INDIANA,North Central,2022,30,0,0,0,0,0,0,0,0,-0.453769190820369,-0.891119252099419,no
2837,INDIANA,North Central,2022,31,0,0,0,0,0,0,0,0,-0.557532072998533,-0.830155399655967,no
2838,INDIANA,North Central,2022,32,0,0,0,0,0,0,0,0,-0.653220035837834,-0.757168135079666,no
2839,INDIANA,North Central,2022,33,0,0,0,0,0,0,0,0,-0.739447199280337,-0.673214556791863,no
2840,INDIANA,North Central,2022,34,0,0,0,0,0,0,0,0,-0.814964707119669,-0.579510591921625,no
2841,INDIANA,North Central,2022,35,0,0,0,0,0,0,0,0,-0.878678814593855,-0.477413385635487,no
2842,INDIANA,North Central,2022,36,0,0,0,0,0,0,0,0,-0.929666729448389,-0.368401645160191,no
2843,INDIANA,North Central,2022,37,0,0,0,0,0,0,0,0,-0.96718997703823,-0.254054223182352,no
2844,INDIANA,North Central,2022,38,0,0,0,0,0,0,0,0,-0.990705095897581,-0.136027250808674,no
2845,INDIANA,North Central,2022,39,0,0,0,0,0,0,0,0,-0.999871508870024,-0.0160301512775393,no
2846,INDIANA,North Central,2022,40,0,0,0,0,0,0,0,0,-0.994556455798857,0.104199118176771,no
2847,INDIANA,North Central,2022,41,0,0,0,0,0,0,0,0,-0.97483691633585,0.222919237727053,no
2848,INDIANA,North Central,2022,42,0,0,0,0,0,0,0,0,-0.940998495019784,0.338410745057692,no
2849,INDIANA,North Central,2022,43,0,0,0,0,0,0,0,0,-0.893531284772509,0.449000938899674,no
2850,INDIANA,North Central,2022,44,0,0,0,0,0,0,0,0,-0.833122768722891,0.553088105310089,no
2851,INDIANA,North Central,2022,45,0,0,0,0,0,0,0,0,-0.760647863163829,0.649164715818952,no
2852,INDIANA,North Central,2022,46,0,0,0,0,0,0,0,0,-0.677156245853474,0.735839261457031,no
2853,INDIANA,North Central,2022,47,0,0,0,0,0,0,0,0,-0.583857153188981,0.811856406435312,no
2854,INDIANA,North Central,2022,48,0,0,0,0,0,0,0,0,-0.48210186644033,0.876115169583743,no
2855,INDIANA,North Central,2022,49,0,0,0,0,0,0,0,0,-0.373364140701786,0.927684870221573,no
2856,INDIANA,North Central,2022,50,0,0,0,0,0,0,0,0,-0.25921886001492,0.965818607510005,no
2857,INDIANA,North Central,2022,51,0,0,0,0,0,0,0,0,-0.141319227808016,0.989964078061293,no
2858,INDIANA,North Central,2022,52,0,0,0,0,0,0,0,0,-0.0213728230101764,0.999771575129327,no
2859,INDIANA,North Central,2023,1,0,0,0,0,0,0,0,0,0.120128619954843,0.992758336488667,no
2860,INDIANA,North Central,2023,2,0,0,0,0,0,0,0,0,0.238517377822098,0.97113822933549,no
2861,INDIANA,North Central,2023,3,0,0,0,0,0,0,0,0,0.353451610505767,0.935452809622634,no
2862,INDIANA,North Central,2023,4,0,0,0,0,0,0,0,0,0.463266687927793,0.886218920953741,no
2863,INDIANA,North Central,2023,5,0,0,0,0,0,0,0,0,0.566372122409852,0.824149633839001,no
2864,INDIANA,North Central,2023,6,0,0,0,0,0,0,0,0,0.661274604226529,0.750143918061759,no
2865,INDIANA,North Central,2023,7,0,0,0,0,0,0,0,0,0.746599629698408,0.665273622605165,no
2866,INDIANA,North Central,2023,8,0,0,0,0,0,0,0,0,0.821111408578364,0.570767951712827,no
2867,INDIANA,North Central,2023,9,0,0,0,0,0,0,0,0,0.883730762405837,0.467995661921774,no
2868,INDIANA,North Central,2023,10,0,0,0,0,0,0,0,0,0.933550754601395,0.358445237913918,no
2869,INDIANA,North Central,2023,11,0,0,0,0,0,0,0,0,0.969849825925805,0.243703334305638,no
2870,INDIANA,North Central,2023,12,0,0,0,0,0,0,0,0,0.992102245058455,0.125431795610095,no
2871,INDIANA,North Central,2023,13,0,0,0,0,0,0,0,0,0.999985722936002,0.00534358719969101,no
2872,INDIANA,North Central,2023,14,0,0,0,0,0,0,0,0,0.99338608057027,-0.1148220141316,no
2873,INDIANA,North Central,2023,15,0,0,0,0,0,0,0,0,0.972398902739873,-0.233324610682822,no
2874,INDIANA,North Central,2023,16,0,0,0,0,0,0,0,0,0.937328153604613,-0.348447890595089,no
2875,INDIANA,North Central,2023,17,0,0,0,0,0,0,0,0,0.888681774293145,-0.458524485757508,no
2876,INDIANA,North Central,2023,18,0,0,0,0,0,0,0,0,0.827164326225506,-0.561960120844802,no
2877,INDIANA,North Central,2023,19,0,0,0,0,0,0,0,0,0.75366678671966,-0.657256703728203,no
2878,INDIANA,North Central,2023,20,0,0,0,0,0,0,0,0,0.66925364467563,-0.743034022833669,no
2879,INDIANA,North Central,2023,21,0,0,0,0,0,0,0,0,0.575147483234652,-0.818049737197468,no
2880,INDIANA,North Central,2023,22,0,0,0,0,0,0,0,0,0.472711272707723,-0.881217369696629,no
2881,INDIANA,North Central,2023,23,0,0,0,0,0,0,0,0,0.363428630230867,-0.93162204285242,no
2882,INDIANA,North Central,2023,24,0,0,0,0,0,0,0,0,0.248882332052978,-0.968533729300055,no
2883,INDIANA,North Central,2023,25,0,0,0,0,0,0,0,0,0.130731389669801,-0.991417825013754,no
2884,INDIANA,North Central,2023,26,0,0,0,0,0,0,0,0,0.0106870218179092,-0.999942892151679,no
2885,INDIANA,North Central,2023,27,0,0,0,0,0,0,0,0,-0.109512129665869,-0.99398545937858,no
2886,INDIANA,North Central,2023,28,0,0,0,0,0,0,0,0,-0.228125181162749,-0.973631810141525,no
2887,INDIANA,North Central,2023,29,0,0,0,0,0,0,0,0,-0.343434221058743,-0.939176732998521,no
2888,INDIANA,North Central,2023,30,0,0,0,0,0,0,0,0,-0.453769190820369,-0.891119252099419,no
2889,INDIANA,North Central,2023,31,0,0,0,0,0,0,0,1,-0.557532072998533,-0.830155399655967,yes
2890,INDIANA,North Central,2023,32,0,0,0,0,0,0,0,1,-0.653220035837834,-0.757168135079666,yes
2891,INDIANA,North Central,2023,33,0,0,0,0,0,0,0,1,-0.739447199280337,-0.673214556791863,yes
2892,INDIANA,North Central,2023,34,0,0,0,0,0,0,0,1,-0.814964707119669,-0.579510591921625,yes
2893,INDIANA,North Central,2023,35,1,0,0,0,0,0,0,0,-0.878678814593855,-0.477413385635487,no
2894,INDIANA,North Central,2023,36,0,1,0,0,1,1,1,0,-0.929666729448389,-0.368401645160191,no
2895,INDIANA,North Central,2023,37,0,0,1,0,1,1,1,0,-0.96718997703823,-0.254054223182352,no
2896,INDIANA,North Central,2023,38,0,0,0,0,1,1,1,0,-0.990705095897581,-0.136027250808674,no
2897,INDIANA,North Central,2023,39,0,0,0,1,1,1,1,0,-0.999871508870024,-0.0160301512775393,no
2898,INDIANA,North Central,2023,40,0,0,0,0,0,1,1,0,-0.994556455798857,0.104199118176771,no
2899,INDIANA,North Central,2023,41,0,0,0,0,0,1,1,0,-0.97483691633585,0.222919237727053,no
2900,INDIANA,North Central,2023,42,0,0,0,0,0,1,1,0,-0.940998495019784,0.338410745057692,no
2901,INDIANA,North Central,2023,43,0,0,0,0,0,1,1,0,-0.893531284772509,0.449000938899674,no
2902,INDIANA,North Central,2023,44,0,0,0,0,0,0,0,0,-0.833122768722891,0.553088105310089,no
2903,INDIANA,North Central,2023,45,0,0,0,0,0,0,0,0,-0.760647863163829,0.649164715818952,no
2904,INDIANA,North Central,2023,46,0,0,0,0,0,0,0,0,-0.677156245853474,0.735839261457031,no
2905,INDIANA,North Central,2023,47,0,0,0,0,0,0,0,0,-0.583857153188981,0.811856406435312,no
2906,INDIANA,North Central,2023,48,0,0,0,0,0,0,0,0,-0.48210186644033,0.876115169583743,no
2907,INDIANA,North Central,2023,49,0,0,0,0,0,0,0,0,-0.373364140701786,0.927684870221573,no
2908,INDIANA,North Central,2023,50,0,0,0,0,0,0,0,0,-0.25921886001492,0.965818607510005,no
2909,INDIANA,North Central,2023,51,0,0,0,0,0,0,0,0,-0.141319227808016,0.989964078061293,no
2910,INDIANA,North Central,2023,52,0,0,0,0,0,0,0,0,-0.0213728230101764,0.999771575129327,no
2911,INDIANA,North Central,2024,1,0,0,0,0,0,0,0,0,0.120128619954843,0.992758336488667,no
2912,INDIANA,North Central,2024,2,0,0,0,0,0,0,0,0,0.238517377822098,0.97113822933549,no
2913,INDIANA,North Central,2024,3,0,0,0,0,0,0,0,0,0.353451610505767,0.935452809622634,no
2914,INDIANA,North Central,2024,4,0,0,0,0,0,0,0,0,0.463266687927793,0.886218920953741,no
2915,INDIANA,North Central,2024,5,0,0,0,0,0,0,0,0,0.566372122409852,0.824149633839001,no
2916,INDIANA,North Central,2024,6,0,0,0,0,0,0,0,0,0.661274604226529,0.750143918061759,no
2917,INDIANA,North Central,2024,7,0,0,0,0,0,0,0,0,0.746599629698408,0.665273622605165,no
2918,INDIANA,North Central,2024,8,0,0,0,0,0,0,0,0,0.821111408578364,0.570767951712827,no
2919,INDIANA,North Central,2024,9,0,0,0,0,0,0,0,0,0.883730762405837,0.467995661921774,no
2920,INDIANA,North Central,2024,10,0,0,0,0,0,0,0,0,0.933550754601395,0.358445237913918,no
2921,INDIANA,North Central,2024,11,0,0,0,0,0,0,0,0,0.969849825925805,0.243703334305638,no
2922,INDIANA,North Central,2024,12,0,0,0,0,0,0,0,0,0.992102245058455,0.125431795610095,no
2923,INDIANA,North Central,2024,13,0,0,0,0,0,0,0,0,0.999985722936002,0.00534358719969101,no
2924,INDIANA,North Central,2024,14,0,0,0,0,0,0,0,0,0.99338608057027,-0.1148220141316,no
2925,INDIANA,North Central,2024,15,0,0,0,0,0,0,0,0,0.972398902739873,-0.233324610682822,no
2926,INDIANA,North Central,2024,16,0,0,0,0,0,0,0,0,0.937328153604613,-0.348447890595089,no
2927,INDIANA,North Central,2024,17,0,0,0,0,0,0,0,0,0.888681774293145,-0.458524485757508,no
2928,INDIANA,North Central,2024,18,0,0,0,0,0,0,0,0,0.827164326225506,-0.561960120844802,no
2929,INDIANA,North Central,2024,19,0,0,0,0,0,0,0,0,0.75366678671966,-0.657256703728203,no
2930,INDIANA,North Central,2024,20,0,0,0,0,0,0,0,0,0.66925364467563,-0.743034022833669,no
2931,INDIANA,North Central,2024,21,0,0,0,0,0,0,0,0,0.575147483234652,-0.818049737197468,no
2932,INDIANA,North Central,2024,22,0,0,0,0,0,0,0,0,0.472711272707723,-0.881217369696629,no
2933,INDIANA,North Central,2024,23,0,0,0,0,0,0,0,0,0.363428630230867,-0.93162204285242,no
2934,INDIANA,North Central,2024,24,0,0,0,0,0,0,0,0,0.248882332052978,-0.968533729300055,no
2935,INDIANA,North Central,2024,25,0,0,0,0,0,0,0,0,0.130731389669801,-0.991417825013754,no
2936,INDIANA,North Central,2024,26,0,0,0,0,0,0,0,0,0.0106870218179092,-0.999942892151679,no
2937,INDIANA,North Central,2024,27,0,0,0,0,0,0,0,0,-0.109512129665869,-0.99398545937858,no
2938,INDIANA,North Central,2024,28,0,0,0,0,0,0,0,0,-0.228125181162749,-0.973631810141525,no
2939,INDIANA,North Central,2024,29,0,0,0,0,0,0,0,0,-0.343434221058743,-0.939176732998521,no
2940,INDIANA,North Central,2024,30,0,0,0,0,0,0,0,0,-0.453769190820369,-0.891119252099419,no
2941,INDIANA,North Central,2024,31,0,0,0,0,0,0,0,0,-0.557532072998533,-0.830155399655967,no
2942,INDIANA,North Central,2024,32,0,0,0,0,0,0,0,0,-0.653220035837834,-0.757168135079666,no
2943,INDIANA,North Central,2024,33,0,0,0,0,0,0,0,0,-0.739447199280337,-0.673214556791863,no
2944,INDIANA,North Central,2024,34,0,0,0,0,0,0,0,0,-0.814964707119669,-0.579510591921625,no
2945,INDIANA,North Central,2024,35,0,0,0,0,0,0,0,0,-0.878678814593855,-0.477413385635487,no
2946,INDIANA,North Central,2024,36,0,0,0,0,0,0,0,0,-0.929666729448389,-0.368401645160191,no
2947,INDIANA,North Central,2024,37,0,0,0,0,0,0,0,0,-0.96718997703823,-0.254054223182352,no
2948,INDIANA,North Central,2024,38,0,0,0,0,0,0,0,0,-0.990705095897581,-0.136027250808674,no
2949,INDIANA,North Central,2024,39,0,0,0,0,0,0,0,0,-0.999871508870024,-0.0160301512775393,no
2950,INDIANA,North Central,2024,40,0,0,0,0,0,0,0,0,-0.994556455798857,0.104199118176771,no
2951,INDIANA,North Central,2024,41,0,0,0,0,0,0,0,0,-0.97483691633585,0.222919237727053,no
2952,INDIANA,North Central,2024,42,0,0,0,0,0,0,0,0,-0.940998495019784,0.338410745057692,no
2953,INDIANA,North Central,2024,43,0,0,0,0,0,0,0,0,-0.893531284772509,0.449000938899674,no
2954,INDIANA,North Central,2024,44,0,0,0,0,0,0,0,0,-0.833122768722891,0.553088105310089,no
2955,INDIANA,North Central,2024,45,0,0,0,0,0,0,0,0,-0.760647863163829,0.649164715818952,no
2956,INDIANA,North Central,2024,46,0,0,0,0,0,0,0,0,-0.677156245853474,0.735839261457031,no
2957,INDIANA,North Central,2024,47,0,0,0,0,0,0,0,0,-0.583857153188981,0.811856406435312,no
2958,INDIANA,North Central,2024,48,0,0,0,0,0,0,0,0,-0.48210186644033,0.876115169583743,no
2959,INDIANA,North Central,2024,49,0,0,0,0,0,0,0,0,-0.373364140701786,0.927684870221573,no
2960,INDIANA,North Central,2024,50,0,0,0,0,0,0,0,0,-0.25921886001492,0.965818607510005,no
2961,INDIANA,North Central,2024,51,0,0,0,0,0,0,0,0,-0.141319227808016,0.989964078061293,no
2962,INDIANA,North Central,2024,52,0,0,0,0,0,0,0,0,-0.0213728230101764,0.999771575129327,no
2963,INDIANA,North Central,2025,1,0,0,0,0,0,0,0,0,0.120128619954843,0.992758336488667,no
2964,INDIANA,North Central,2025,2,0,0,0,0,0,0,0,0,0.238517377822098,0.97113822933549,no
2965,INDIANA,North Central,2025,3,0,0,0,0,0,0,0,0,0.353451610505767,0.935452809622634,no
2966,INDIANA,North Central,2025,4,0,0,0,0,0,0,0,0,0.463266687927793,0.886218920953741,no
2967,INDIANA,North Central,2025,5,0,0,0,0,0,0,0,0,0.566372122409852,0.824149633839001,no
2968,INDIANA,North Central,2025,6,0,0,0,0,0,0,0,0,0.661274604226529,0.750143918061759,no
2969,INDIANA,North Central,2025,7,0,0,0,0,0,0,0,0,0.746599629698408,0.665273622605165,no
2970,INDIANA,North Central,2025,8,0,0,0,0,0,0,0,0,0.821111408578364,0.570767951712827,no
2971,INDIANA,North Central,2025,9,0,0,0,0,0,0,0,0,0.883730762405837,0.467995661921774,no
2972,INDIANA,North Central,2025,10,0,0,0,0,0,0,0,0,0.933550754601395,0.358445237913918,no
2973,INDIANA,North Central,2025,11,0,0,0,0,0,0,0,0,0.969849825925805,0.243703334305638,no
2974,INDIANA,North Central,2025,12,0,0,0,0,0,0,0,0,0.992102245058455,0.125431795610095,no
2975,INDIANA,North Central,2025,13,0,0,0,0,0,0,0,0,0.999985722936002,0.00534358719969101,no
2976,INDIANA,North Central,2025,14,0,0,0,0,0,0,0,0,0.99338608057027,-0.1148220141316,no
2977,INDIANA,North Central,2025,15,0,0,0,0,0,0,0,0,0.972398902739873,-0.233324610682822,no
2978,INDIANA,North Central,2025,16,0,0,0,0,0,0,0,0,0.937328153604613,-0.348447890595089,no
2979,INDIANA,North Central,2025,17,0,0,0,0,0,0,0,0,0.888681774293145,-0.458524485757508,no
2980,INDIANA,North Central,2025,18,0,0,0,0,0,0,0,0,0.827164326225506,-0.561960120844802,no
2981,INDIANA,North Central,2025,19,0,0,0,0,0,0,0,0,0.75366678671966,-0.657256703728203,no
2982,INDIANA,North Central,2025,20,0,0,0,0,0,0,0,0,0.66925364467563,-0.743034022833669,no
2983,INDIANA,North Central,2025,21,0,0,0,0,0,0,0,0,0.575147483234652,-0.818049737197468,no
2984,INDIANA,North Central,2025,22,0,0,0,0,0,0,0,0,0.472711272707723,-0.881217369696629,no
2985,INDIANA,North Central,2025,23,0,0,0,0,0,0,0,0,0.363428630230867,-0.93162204285242,no
2986,INDIANA,North Central,2025,24,0,0,0,0,0,0,0,0,0.248882332052978,-0.968533729300055,no
2987,INDIANA,North Central,2025,25,0,0,0,0,0,0,0,1,0.130731389669801,-0.991417825013754,yes
2988,INDIANA,North Central,2025,26,0,0,0,0,0,0,0,1,0.0106870218179092,-0.999942892151679,yes
2989,INDIANA,North Central,2025,27,0,0,0,0,0,0,0,1,-0.109512129665869,-0.99398545937858,yes
2990,INDIANA,North Central,2025,28,0,0,0,0,0,0,0,1,-0.228125181162749,-0.973631810141525,yes
2991,INDIANA,North Central,2025,29,1,0,0,0,0,0,0,0,-0.343434221058743,-0.939176732998521,no
2992,INDIANA,North Central,2025,30,0,1,0,0,1,1,1,0,-0.453769190820369,-0.891119252099419,no
2993,INDIANA,North Central,2025,31,0,0,1,0,1,1,1,0,-0.557532072998533,-0.830155399655967,no
2994,INDIANA,North Central,2025,32,0,0,0,0,1,1,1,0,-0.653220035837834,-0.757168135079666,no
2995,INDIANA,North Central,2025,33,0,0,0,1,1,1,1,0,-0.739447199280337,-0.673214556791863,no
2996,INDIANA,North Central,2025,34,0,0,0,0,0,1,1,0,-0.814964707119669,-0.579510591921625,no
2997,INDIANA,North Central,2025,35,0,0,0,0,0,1,1,0,-0.878678814593855,-0.477413385635487,no
2998,INDIANA,North Central,2025,36,0,0,0,0,0,1,1,0,-0.929666729448389,-0.368401645160191,no
2999,INDIANA,North Central,2025,37,0,0,0,0,0,1,1,0,-0.96718997703823,-0.254054223182352,no
3000,INDIANA,North Central,2025,38,0,0,0,0,0,0,0,0,-0.990705095897581,-0.136027250808674,no
3001,INDIANA,North Central,2025,39,0,0,0,0,0,0,0,0,-0.999871508870024,-0.0160301512775393,no
3002,INDIANA,North Central,2025,40,0,0,0,0,0,0,0,0,-0.994556455798857,0.104199118176771,no
3003,INDIANA,North Central,2025,41,0,0,0,0,0,0,0,0,-0.97483691633585,0.222919237727053,no
3004,INDIANA,North Central,2025,42,0,0,0,0,0,0,0,0,-0.940998495019784,0.338410745057692,no
3005,INDIANA,North Central,2025,43,0,0,0,0,0,0,0,0,-0.893531284772509,0.449000938899674,no
3006,INDIANA,North Central,2025,44,0,0,0,0,0,0,0,0,-0.833122768722891,0.553088105310089,no
3007,INDIANA,North Central,2025,45,0,0,0,0,0,0,0,0,-0.760647863163829,0.649164715818952,no
3008,INDIANA,North Central,2025,46,0,0,0,0,0,0,0,0,-0.677156245853474,0.735839261457031,no
3009,INDIANA,North Central,2025,47,0,0,0,0,0,0,0,0,-0.583857153188981,0.811856406435312,no
3010,INDIANA,North Central,2025,48,0,0,0,0,0,0,0,0,-0.48210186644033,0.876115169583743,no
3011,INDIANA,North Central,2025,49,0,0,0,0,0,0,0,0,-0.373364140701786,0.927684870221573,no
3012,INDIANA,North Central,2025,50,0,0,0,0,0,0,0,0,-0.25921886001492,0.965818607510005,no
3013,INDIANA,North Central,2025,51,0,0,0,0,0,0,0,0,-0.141319227808016,0.989964078061293,no
3014,INDIANA,North Central,2025,52,0,0,0,0,0,0,0,0,-0.0213728230101764,0.999771575129327,no
3015,INDIANA,North Central,2025,53,0,0,0,0,0,0,0,0,0.0988831313727152,0.995099053526797,no
3016,IOWA,North Central,2022,9,0,0,0,0,0,0,0,0,0.883730762405837,0.467995661921774,no
3017,IOWA,North Central,2022,10,0,0,0,0,0,0,0,0,0.933550754601395,0.358445237913918,no
3018,IOWA,North Central,2022,11,0,0,0,0,0,0,0,0,0.969849825925805,0.243703334305638,no
3019,IOWA,North Central,2022,12,0,0,0,0,0,0,0,0,0.992102245058455,0.125431795610095,no
3020,IOWA,North Central,2022,13,0,0,0,0,0,0,0,0,0.999985722936002,0.00534358719969101,no
3021,IOWA,North Central,2022,14,0,0,0,0,0,0,0,0,0.99338608057027,-0.1148220141316,no
3022,IOWA,North Central,2022,15,0,0,0,0,0,0,0,0,0.972398902739873,-0.233324610682822,no
3023,IOWA,North Central,2022,16,0,0,0,0,0,0,0,0,0.937328153604613,-0.348447890595089,no
3024,IOWA,North Central,2022,17,0,0,0,0,0,0,0,0,0.888681774293145,-0.458524485757508,no
3025,IOWA,North Central,2022,18,0,0,0,0,0,0,0,0,0.827164326225506,-0.561960120844802,no
3026,IOWA,North Central,2022,19,0,0,0,0,0,0,0,0,0.75366678671966,-0.657256703728203,no
3027,IOWA,North Central,2022,20,0,0,0,0,0,0,0,0,0.66925364467563,-0.743034022833669,no
3028,IOWA,North Central,2022,21,0,0,0,0,0,0,0,0,0.575147483234652,-0.818049737197468,no
3029,IOWA,North Central,2022,22,0,0,0,0,0,0,0,0,0.472711272707723,-0.881217369696629,no
3030,IOWA,North Central,2022,23,0,0,0,0,0,0,0,0,0.363428630230867,-0.93162204285242,no
3031,IOWA,North Central,2022,24,0,0,0,0,0,0,0,0,0.248882332052978,-0.968533729300055,no
3032,IOWA,North Central,2022,25,0,0,0,0,0,0,0,0,0.130731389669801,-0.991417825013754,no
3033,IOWA,North Central,2022,26,0,0,0,0,0,0,0,0,0.0106870218179092,-0.999942892151679,no
3034,IOWA,North Central,2022,27,0,0,0,0,0,0,0,0,-0.109512129665869,-0.99398545937858,no
3035,IOWA,North Central,2022,28,0,0,0,0,0,0,0,0,-0.228125181162749,-0.973631810141525,no
3036,IOWA,North Central,2022,29,0,0,0,0,0,0,0,0,-0.343434221058743,-0.939176732998521,no
3037,IOWA,North Central,2022,30,0,0,0,0,0,0,0,0,-0.453769190820369,-0.891119252099419,no
3038,IOWA,North Central,2022,31,0,0,0,0,0,0,0,0,-0.557532072998533,-0.830155399655967,no
3039,IOWA,North Central,2022,32,0,0,0,0,0,0,0,0,-0.653220035837834,-0.757168135079666,no
3040,IOWA,North Central,2022,33,0,0,0,0,0,0,0,0,-0.739447199280337,-0.673214556791863,no
3041,IOWA,North Central,2022,34,0,0,0,0,0,0,0,0,-0.814964707119669,-0.579510591921625,no
3042,IOWA,North Central,2022,35,0,0,0,0,0,0,0,0,-0.878678814593855,-0.477413385635487,no
3043,IOWA,North Central,2022,36,0,0,0,0,0,0,0,0,-0.929666729448389,-0.368401645160191,no
3044,IOWA,North Central,2022,37,0,0,0,0,0,0,0,0,-0.96718997703823,-0.254054223182352,no
3045,IOWA,North Central,2022,38,0,0,0,0,0,0,0,0,-0.990705095897581,-0.136027250808674,no
3046,IOWA,North Central,2022,39,0,0,0,0,0,0,0,0,-0.999871508870024,-0.0160301512775393,no
3047,IOWA,North Central,2022,40,0,0,0,0,0,0,0,0,-0.994556455798857,0.104199118176771,no
3048,IOWA,North Central,2022,41,0,0,0,0,0,0,0,0,-0.97483691633585,0.222919237727053,no
3049,IOWA,North Central,2022,42,0,0,0,0,0,0,0,0,-0.940998495019784,0.338410745057692,no
3050,IOWA,North Central,2022,43,0,0,0,0,0,0,0,0,-0.893531284772509,0.449000938899674,no
3051,IOWA,North Central,2022,44,0,0,0,0,0,0,0,0,-0.833122768722891,0.553088105310089,no
3052,IOWA,North Central,2022,45,0,0,0,0,0,0,0,0,-0.760647863163829,0.649164715818952,no
3053,IOWA,North Central,2022,46,0,0,0,0,0,0,0,0,-0.677156245853474,0.735839261457031,no
3054,IOWA,North Central,2022,47,0,0,0,0,0,0,0,0,-0.583857153188981,0.811856406435312,no
3055,IOWA,North Central,2022,48,0,0,0,0,0,0,0,0,-0.48210186644033,0.876115169583743,no
3056,IOWA,North Central,2022,49,0,0,0,0,0,0,0,0,-0.373364140701786,0.927684870221573,no
3057,IOWA,North Central,2022,50,0,0,0,0,0,0,0,0,-0.25921886001492,0.965818607510005,no
3058,IOWA,North Central,2022,51,0,0,0,0,0,0,0,0,-0.141319227808016,0.989964078061293,no
3059,IOWA,North Central,2022,52,0,0,0,0,0,0,0,0,-0.0213728230101764,0.999771575129327,no
3060,IOWA,North Central,2023,1,0,0,0,0,0,0,0,0,0.120128619954843,0.992758336488667,no
3061,IOWA,North Central,2023,2,0,0,0,0,0,0,0,0,0.238517377822098,0.97113822933549,no
3062,IOWA,North Central,2023,3,0,0,0,0,0,0,0,0,0.353451610505767,0.935452809622634,no
3063,IOWA,North Central,2023,4,0,0,0,0,0,0,0,0,0.463266687927793,0.886218920953741,no
3064,IOWA,North Central,2023,5,0,0,0,0,0,0,0,0,0.566372122409852,0.824149633839001,no
3065,IOWA,North Central,2023,6,0,0,0,0,0,0,0,0,0.661274604226529,0.750143918061759,no
3066,IOWA,North Central,2023,7,0,0,0,0,0,0,0,0,0.746599629698408,0.665273622605165,no
3067,IOWA,North Central,2023,8,0,0,0,0,0,0,0,0,0.821111408578364,0.570767951712827,no
3068,IOWA,North Central,2023,9,0,0,0,0,0,0,0,0,0.883730762405837,0.467995661921774,no
3069,IOWA,North Central,2023,10,0,0,0,0,0,0,0,0,0.933550754601395,0.358445237913918,no
3070,IOWA,North Central,2023,11,0,0,0,0,0,0,0,0,0.969849825925805,0.243703334305638,no
3071,IOWA,North Central,2023,12,0,0,0,0,0,0,0,0,0.992102245058455,0.125431795610095,no
3072,IOWA,North Central,2023,13,0,0,0,0,0,0,0,0,0.999985722936002,0.00534358719969101,no
3073,IOWA,North Central,2023,14,0,0,0,0,0,0,0,0,0.99338608057027,-0.1148220141316,no
3074,IOWA,North Central,2023,15,0,0,0,0,0,0,0,0,0.972398902739873,-0.233324610682822,no
3075,IOWA,North Central,2023,16,0,0,0,0,0,0,0,0,0.937328153604613,-0.348447890595089,no
3076,IOWA,North Central,2023,17,0,0,0,0,0,0,0,0,0.888681774293145,-0.458524485757508,no
3077,IOWA,North Central,2023,18,0,0,0,0,0,0,0,0,0.827164326225506,-0.561960120844802,no
3078,IOWA,North Central,2023,19,0,0,0,0,0,0,0,0,0.75366678671966,-0.657256703728203,no
3079,IOWA,North Central,2023,20,0,0,0,0,0,0,0,0,0.66925364467563,-0.743034022833669,no
3080,IOWA,North Central,2023,21,0,0,0,0,0,0,0,0,0.575147483234652,-0.818049737197468,no
3081,IOWA,North Central,2023,22,0,0,0,0,0,0,0,0,0.472711272707723,-0.881217369696629,no
3082,IOWA,North Central,2023,23,0,0,0,0,0,0,0,0,0.363428630230867,-0.93162204285242,no
3083,IOWA,North Central,2023,24,0,0,0,0,0,0,0,0,0.248882332052978,-0.968533729300055,no
3084,IOWA,North Central,2023,25,0,0,0,0,0,0,0,0,0.130731389669801,-0.991417825013754,no
3085,IOWA,North Central,2023,26,0,0,0,0,0,0,0,0,0.0106870218179092,-0.999942892151679,no
3086,IOWA,North Central,2023,27,0,0,0,0,0,0,0,0,-0.109512129665869,-0.99398545937858,no
3087,IOWA,North Central,2023,28,0,0,0,0,0,0,0,0,-0.228125181162749,-0.973631810141525,no
3088,IOWA,North Central,2023,29,0,0,0,0,0,0,0,0,-0.343434221058743,-0.939176732998521,no
3089,IOWA,North Central,2023,30,0,0,0,0,0,0,0,0,-0.453769190820369,-0.891119252099419,no
3090,IOWA,North Central,2023,31,0,0,0,0,0,0,0,0,-0.557532072998533,-0.830155399655967,no
3091,IOWA,North Central,2023,32,0,0,0,0,0,0,0,0,-0.653220035837834,-0.757168135079666,no
3092,IOWA,North Central,2023,33,0,0,0,0,0,0,0,0,-0.739447199280337,-0.673214556791863,no
3093,IOWA,North Central,2023,34,0,0,0,0,0,0,0,0,-0.814964707119669,-0.579510591921625,no
3094,IOWA,North Central,2023,35,0,0,0,0,0,0,0,0,-0.878678814593855,-0.477413385635487,no
3095,IOWA,North Central,2023,36,0,0,0,0,0,0,0,0,-0.929666729448389,-0.368401645160191,no
3096,IOWA,North Central,2023,37,0,0,0,0,0,0,0,0,-0.96718997703823,-0.254054223182352,no
3097,IOWA,North Central,2023,38,0,0,0,0,0,0,0,0,-0.990705095897581,-0.136027250808674,no
3098,IOWA,North Central,2023,39,0,0,0,0,0,0,0,0,-0.999871508870024,-0.0160301512775393,no
3099,IOWA,North Central,2023,40,0,0,0,0,0,0,0,0,-0.994556455798857,0.104199118176771,no
3100,IOWA,North Central,2023,41,0,0,0,0,0,0,0,0,-0.97483691633585,0.222919237727053,no
3101,IOWA,North Central,2023,42,0,0,0,0,0,0,0,0,-0.940998495019784,0.338410745057692,no
3102,IOWA,North Central,2023,43,0,0,0,0,0,0,0,0,-0.893531284772509,0.449000938899674,no
3103,IOWA,North Central,2023,44,0,0,0,0,0,0,0,0,-0.833122768722891,0.553088105310089,no
3104,IOWA,North Central,2023,45,0,0,0,0,0,0,0,0,-0.760647863163829,0.649164715818952,no
3105,IOWA,North Central,2023,46,0,0,0,0,0,0,0,0,-0.677156245853474,0.735839261457031,no
3106,IOWA,North Central,2023,47,0,0,0,0,0,0,0,0,-0.583857153188981,0.811856406435312,no
3107,IOWA,North Central,2023,48,0,0,0,0,0,0,0,0,-0.48210186644033,0.876115169583743,no
3108,IOWA,North Central,2023,49,0,0,0,0,0,0,0,0,-0.373364140701786,0.927684870221573,no
3109,IOWA,North Central,2023,50,0,0,0,0,0,0,0,0,-0.25921886001492,0.965818607510005,no
3110,IOWA,North Central,2023,51,0,0,0,0,0,0,0,0,-0.141319227808016,0.989964078061293,no
3111,IOWA,North Central,2023,52,0,0,0,0,0,0,0,0,-0.0213728230101764,0.999771575129327,no
3112,IOWA,North Central,2024,1,0,0,0,0,0,0,0,0,0.120128619954843,0.992758336488667,no
3113,IOWA,North Central,2024,2,0,0,0,0,0,0,0,0,0.238517377822098,0.97113822933549,no
3114,IOWA,North Central,2024,3,0,0,0,0,0,0,0,0,0.353451610505767,0.935452809622634,no
3115,IOWA,North Central,2024,4,0,0,0,0,0,0,0,0,0.463266687927793,0.886218920953741,no
3116,IOWA,North Central,2024,5,0,0,0,0,0,0,0,0,0.566372122409852,0.824149633839001,no
3117,IOWA,North Central,2024,6,0,0,0,0,0,0,0,0,0.661274604226529,0.750143918061759,no
3118,IOWA,North Central,2024,7,0,0,0,0,0,0,0,0,0.746599629698408,0.665273622605165,no
3119,IOWA,North Central,2024,8,0,0,0,0,0,0,0,0,0.821111408578364,0.570767951712827,no
3120,IOWA,North Central,2024,9,0,0,0,0,0,0,0,0,0.883730762405837,0.467995661921774,no
3121,IOWA,North Central,2024,10,0,0,0,0,0,0,0,0,0.933550754601395,0.358445237913918,no
3122,IOWA,North Central,2024,11,0,0,0,0,0,0,0,0,0.969849825925805,0.243703334305638,no
3123,IOWA,North Central,2024,12,0,0,0,0,0,0,0,0,0.992102245058455,0.125431795610095,no
3124,IOWA,North Central,2024,13,0,0,0,0,0,0,0,0,0.999985722936002,0.00534358719969101,no
3125,IOWA,North Central,2024,14,0,0,0,0,0,0,0,0,0.99338608057027,-0.1148220141316,no
3126,IOWA,North Central,2024,15,0,0,0,0,0,0,0,0,0.972398902739873,-0.233324610682822,no
3127,IOWA,North Central,2024,16,0,0,0,0,0,0,0,0,0.937328153604613,-0.348447890595089,no
3128,IOWA,North Central,2024,17,0,0,0,0,0,0,0,0,0.888681774293145,-0.458524485757508,no
3129,IOWA,North Central,2024,18,0,0,0,0,0,0,0,0,0.827164326225506,-0.561960120844802,no
3130,IOWA,North Central,2024,19,0,0,0,0,0,0,0,0,0.75366678671966,-0.657256703728203,no
3131,IOWA,North Central,2024,20,0,0,0,0,0,0,0,0,0.66925364467563,-0.743034022833669,no
3132,IOWA,North Central,2024,21,0,0,0,0,0,0,0,0,0.575147483234652,-0.818049737197468,no
3133,IOWA,North Central,2024,22,0,0,0,0,0,0,0,0,0.472711272707723,-0.881217369696629,no
3134,IOWA,North Central,2024,23,0,0,0,0,0,0,0,0,0.363428630230867,-0.93162204285242,no
3135,IOWA,North Central,2024,24,0,0,0,0,0,0,0,0,0.248882332052978,-0.968533729300055,no
3136,IOWA,North Central,2024,25,0,0,0,0,0,0,0,0,0.130731389669801,-0.991417825013754,no
3137,IOWA,North Central,2024,26,0,0,0,0,0,0,0,0,0.0106870218179092,-0.999942892151679,no
3138,IOWA,North Central,2024,27,0,0,0,0,0,0,0,0,-0.109512129665869,-0.99398545937858,no
3139,IOWA,North Central,2024,28,0,0,0,0,0,0,0,0,-0.228125181162749,-0.973631810141525,no
3140,IOWA,North Central,2024,29,0,0,0,0,0,0,0,0,-0.343434221058743,-0.939176732998521,no
3141,IOWA,North Central,2024,30,0,0,0,0,0,0,0,0,-0.453769190820369,-0.891119252099419,no
3142,IOWA,North Central,2024,31,0,0,0,0,0,0,0,0,-0.557532072998533,-0.830155399655967,no
3143,IOWA,North Central,2024,32,0,0,0,0,0,0,0,0,-0.653220035837834,-0.757168135079666,no
3144,IOWA,North Central,2024,33,0,0,0,0,0,0,0,0,-0.739447199280337,-0.673214556791863,no
3145,IOWA,North Central,2024,34,0,0,0,0,0,0,0,0,-0.814964707119669,-0.579510591921625,no
3146,IOWA,North Central,2024,35,0,0,0,0,0,0,0,0,-0.878678814593855,-0.477413385635487,no
3147,IOWA,North Central,2024,36,0,0,0,0,0,0,0,0,-0.929666729448389,-0.368401645160191,no
3148,IOWA,North Central,2024,37,0,0,0,0,0,0,0,0,-0.96718997703823,-0.254054223182352,no
3149,IOWA,North Central,2024,38,0,0,0,0,0,0,0,0,-0.990705095897581,-0.136027250808674,no
3150,IOWA,North Central,2024,39,0,0,0,0,0,0,0,0,-0.999871508870024,-0.0160301512775393,no
3151,IOWA,North Central,2024,40,0,0,0,0,0,0,0,0,-0.994556455798857,0.104199118176771,no
3152,IOWA,North Central,2024,41,0,0,0,0,0,0,0,0,-0.97483691633585,0.222919237727053,no
3153,IOWA,North Central,2024,42,0,0,0,0,0,0,0,0,-0.940998495019784,0.338410745057692,no
3154,IOWA,North Central,2024,43,0,0,0,0,0,0,0,0,-0.893531284772509,0.449000938899674,no
3155,IOWA,North Central,2024,44,0,0,0,0,0,0,0,0,-0.833122768722891,0.553088105310089,no
3156,IOWA,North Central,2024,45,0,0,0,0,0,0,0,0,-0.760647863163829,0.649164715818952,no
3157,IOWA,North Central,2024,46,0,0,0,0,0,0,0,0,-0.677156245853474,0.735839261457031,no
3158,IOWA,North Central,2024,47,0,0,0,0,0,0,0,0,-0.583857153188981,0.811856406435312,no
3159,IOWA,North Central,2024,48,0,0,0,0,0,0,0,0,-0.48210186644033,0.876115169583743,no
3160,IOWA,North Central,2024,49,0,0,0,0,0,0,0,0,-0.373364140701786,0.927684870221573,no
3161,IOWA,North Central,2024,50,0,0,0,0,0,0,0,0,-0.25921886001492,0.965818607510005,no
3162,IOWA,North Central,2024,51,0,0,0,0,0,0,0,0,-0.141319227808016,0.989964078061293,no
3163,IOWA,North Central,2024,52,0,0,0,0,0,0,0,0,-0.0213728230101764,0.999771575129327,no
3164,IOWA,North Central,2025,1,0,0,0,0,0,0,0,0,0.120128619954843,0.992758336488667,no
3165,IOWA,North Central,2025,2,0,0,0,0,0,0,0,0,0.238517377822098,0.97113822933549,no
3166,IOWA,North Central,2025,3,0,0,0,0,0,0,0,0,0.353451610505767,0.935452809622634,no
3167,IOWA,North Central,2025,4,0,0,0,0,0,0,0,0,0.463266687927793,0.886218920953741,no
3168,IOWA,North Central,2025,5,0,0,0,0,0,0,0,0,0.566372122409852,0.824149633839001,no
3169,IOWA,North Central,2025,6,0,0,0,0,0,0,0,0,0.661274604226529,0.750143918061759,no
3170,IOWA,North Central,2025,7,0,0,0,0,0,0,0,0,0.746599629698408,0.665273622605165,no
3171,IOWA,North Central,2025,8,0,0,0,0,0,0,0,0,0.821111408578364,0.570767951712827,no
3172,IOWA,North Central,2025,9,0,0,0,0,0,0,0,0,0.883730762405837,0.467995661921774,no
3173,IOWA,North Central,2025,10,0,0,0,0,0,0,0,0,0.933550754601395,0.358445237913918,no
3174,IOWA,North Central,2025,11,0,0,0,0,0,0,0,0,0.969849825925805,0.243703334305638,no
3175,IOWA,North Central,2025,12,0,0,0,0,0,0,0,0,0.992102245058455,0.125431795610095,no
3176,IOWA,North Central,2025,13,0,0,0,0,0,0,0,0,0.999985722936002,0.00534358719969101,no
3177,IOWA,North Central,2025,14,0,0,0,0,0,0,0,0,0.99338608057027,-0.1148220141316,no
3178,IOWA,North Central,2025,15,0,0,0,0,0,0,0,0,0.972398902739873,-0.233324610682822,no
3179,IOWA,North Central,2025,16,0,0,0,0,0,0,0,0,0.937328153604613,-0.348447890595089,no
3180,IOWA,North Central,2025,17,0,0,0,0,0,0,0,0,0.888681774293145,-0.458524485757508,no
3181,IOWA,North Central,2025,18,0,0,0,0,0,0,0,0,0.827164326225506,-0.561960120844802,no
3182,IOWA,North Central,2025,19,0,0,0,0,0,0,0,0,0.75366678671966,-0.657256703728203,no
3183,IOWA,North Central,2025,20,0,0,0,0,0,0,0,0,0.66925364467563,-0.743034022833669,no
3184,IOWA,North Central,2025,21,0,0,0,0,0,0,0,0,0.575147483234652,-0.818049737197468,no
3185,IOWA,North Central,2025,22,0,0,0,0,0,0,0,0,0.472711272707723,-0.881217369696629,no
3186,IOWA,North Central,2025,23,0,0,0,0,0,0,0,0,0.363428630230867,-0.93162204285242,no
3187,IOWA,North Central,2025,24,0,0,0,0,0,0,0,0,0.248882332052978,-0.968533729300055,no
3188,IOWA,North Central,2025,25,0,0,0,0,0,0,0,0,0.130731389669801,-0.991417825013754,no
3189,IOWA,North Central,2025,26,0,0,0,0,0,0,0,0,0.0106870218179092,-0.999942892151679,no
3190,IOWA,North Central,2025,27,0,0,0,0,0,0,0,0,-0.109512129665869,-0.99398545937858,no
3191,IOWA,North Central,2025,28,0,0,0,0,0,0,0,0,-0.228125181162749,-0.973631810141525,no
3192,IOWA,North Central,2025,29,0,0,0,0,0,0,0,0,-0.343434221058743,-0.939176732998521,no
3193,IOWA,North Central,2025,30,0,0,0,0,0,0,0,0,-0.453769190820369,-0.891119252099419,no
3194,IOWA,North Central,2025,31,0,0,0,0,0,0,0,0,-0.557532072998533,-0.830155399655967,no
3195,IOWA,North Central,2025,32,0,0,0,0,0,0,0,0,-0.653220035837834,-0.757168135079666,no
3196,IOWA,North Central,2025,33,0,0,0,0,0,0,0,0,-0.739447199280337,-0.673214556791863,no
3197,IOWA,North Central,2025,34,0,0,0,0,0,0,0,0,-0.814964707119669,-0.579510591921625,no
3198,IOWA,North Central,2025,35,0,0,0,0,0,0,0,0,-0.878678814593855,-0.477413385635487,no
3199,IOWA,North Central,2025,36,0,0,0,0,0,0,0,0,-0.929666729448389,-0.368401645160191,no
3200,IOWA,North Central,2025,37,0,0,0,0,0,0,0,0,-0.96718997703823,-0.254054223182352,no
3201,IOWA,North Central,2025,38,0,0,0,0,0,0,0,0,-0.990705095897581,-0.136027250808674,no
3202,IOWA,North Central,2025,39,0,0,0,0,0,0,0,0,-0.999871508870024,-0.0160301512775393,no
3203,IOWA,North Central,2025,40,0,0,0,0,0,0,0,0,-0.994556455798857,0.104199118176771,no
3204,IOWA,North Central,2025,41,0,0,0,0,0,0,0,0,-0.97483691633585,0.222919237727053,no
3205,IOWA,North Central,2025,42,0,0,0,0,0,0,0,0,-0.940998495019784,0.338410745057692,no
3206,IOWA,North Central,2025,43,0,0,0,0,0,0,0,0,-0.893531284772509,0.449000938899674,no
3207,IOWA,North Central,2025,44,0,0,0,0,0,0,0,0,-0.833122768722891,0.553088105310089,no
3208,IOWA,North Central,2025,45,0,0,0,0,0,0,0,0,-0.760647863163829,0.649164715818952,no
3209,IOWA,North Central,2025,46,0,0,0,0,0,0,0,0,-0.677156245853474,0.735839261457031,no
3210,IOWA,North Central,2025,47,0,0,0,0,0,0,0,0,-0.583857153188981,0.811856406435312,no
3211,IOWA,North Central,2025,48,0,0,0,0,0,0,0,0,-0.48210186644033,0.876115169583743,no
3212,IOWA,North Central,2025,49,0,0,0,0,0,0,0,0,-0.373364140701786,0.927684870221573,no
3213,IOWA,North Central,2025,50,0,0,0,0,0,0,0,0,-0.25921886001492,0.965818607510005,no
3214,IOWA,North Central,2025,51,0,0,0,0,0,0,0,0,-0.141319227808016,0.989964078061293,no
3215,IOWA,North Central,2025,52,0,0,0,0,0,0,0,0,-0.0213728230101764,0.999771575129327,no
3216,IOWA,North Central,2025,53,0,0,0,0,0,0,0,0,0.0988831313727152,0.995099053526797,no
3217,KANSAS,North Central,2022,9,0,0,0,0,0,0,0,0,0.883730762405837,0.467995661921774,no
3218,KANSAS,North Central,2022,10,0,0,0,0,0,0,0,0,0.933550754601395,0.358445237913918,no
3219,KANSAS,North Central,2022,11,0,0,0,0,0,0,0,0,0.969849825925805,0.243703334305638,no
3220,KANSAS,North Central,2022,12,0,0,0,0,0,0,0,0,0.992102245058455,0.125431795610095,no
3221,KANSAS,North Central,2022,13,0,0,0,0,0,0,0,0,0.999985722936002,0.00534358719969101,no
3222,KANSAS,North Central,2022,14,0,0,0,0,0,0,0,0,0.99338608057027,-0.1148220141316,no
3223,KANSAS,North Central,2022,15,0,0,0,0,0,0,0,0,0.972398902739873,-0.233324610682822,no
3224,KANSAS,North Central,2022,16,0,0,0,0,0,0,0,0,0.937328153604613,-0.348447890595089,no
3225,KANSAS,North Central,2022,17,0,0,0,0,0,0,0,0,0.888681774293145,-0.458524485757508,no
3226,KANSAS,North Central,2022,18,0,0,0,0,0,0,0,0,0.827164326225506,-0.561960120844802,no
3227,KANSAS,North Central,2022,19,0,0,0,0,0,0,0,0,0.75366678671966,-0.657256703728203,no
3228,KANSAS,North Central,2022,20,0,0,0,0,0,0,0,0,0.66925364467563,-0.743034022833669,no
3229,KANSAS,North Central,2022,21,0,0,0,0,0,0,0,0,0.575147483234652,-0.818049737197468,no
3230,KANSAS,North Central,2022,22,0,0,0,0,0,0,0,0,0.472711272707723,-0.881217369696629,no
3231,KANSAS,North Central,2022,23,0,0,0,0,0,0,0,0,0.363428630230867,-0.93162204285242,no
3232,KANSAS,North Central,2022,24,0,0,0,0,0,0,0,0,0.248882332052978,-0.968533729300055,no
3233,KANSAS,North Central,2022,25,0,0,0,0,0,0,0,0,0.130731389669801,-0.991417825013754,no
3234,KANSAS,North Central,2022,26,0,0,0,0,0,0,0,0,0.0106870218179092,-0.999942892151679,no
3235,KANSAS,North Central,2022,27,0,0,0,0,0,0,0,0,-0.109512129665869,-0.99398545937858,no
3236,KANSAS,North Central,2022,28,0,0,0,0,0,0,0,0,-0.228125181162749,-0.973631810141525,no
3237,KANSAS,North Central,2022,29,0,0,0,0,0,0,0,0,-0.343434221058743,-0.939176732998521,no
3238,KANSAS,North Central,2022,30,0,0,0,0,0,0,0,0,-0.453769190820369,-0.891119252099419,no
3239,KANSAS,North Central,2022,31,0,0,0,0,0,0,0,0,-0.557532072998533,-0.830155399655967,no
3240,KANSAS,North Central,2022,32,0,0,0,0,0,0,0,0,-0.653220035837834,-0.757168135079666,no
3241,KANSAS,North Central,2022,33,0,0,0,0,0,0,0,0,-0.739447199280337,-0.673214556791863,no
3242,KANSAS,North Central,2022,34,0,0,0,0,0,0,0,0,-0.814964707119669,-0.579510591921625,no
3243,KANSAS,North Central,2022,35,0,0,0,0,0,0,0,0,-0.878678814593855,-0.477413385635487,no
3244,KANSAS,North Central,2022,36,0,0,0,0,0,0,0,0,-0.929666729448389,-0.368401645160191,no
3245,KANSAS,North Central,2022,37,0,0,0,0,0,0,0,0,-0.96718997703823,-0.254054223182352,no
3246,KANSAS,North Central,2022,38,0,0,0,0,0,0,0,0,-0.990705095897581,-0.136027250808674,no
3247,KANSAS,North Central,2022,39,0,0,0,0,0,0,0,0,-0.999871508870024,-0.0160301512775393,no
3248,KANSAS,North Central,2022,40,0,0,0,0,0,0,0,0,-0.994556455798857,0.104199118176771,no
3249,KANSAS,North Central,2022,41,0,0,0,0,0,0,0,0,-0.97483691633585,0.222919237727053,no
3250,KANSAS,North Central,2022,42,0,0,0,0,0,0,0,0,-0.940998495019784,0.338410745057692,no
3251,KANSAS,North Central,2022,43,0,0,0,0,0,0,0,0,-0.893531284772509,0.449000938899674,no
3252,KANSAS,North Central,2022,44,0,0,0,0,0,0,0,0,-0.833122768722891,0.553088105310089,no
3253,KANSAS,North Central,2022,45,0,0,0,0,0,0,0,0,-0.760647863163829,0.649164715818952,no
3254,KANSAS,North Central,2022,46,0,0,0,0,0,0,0,0,-0.677156245853474,0.735839261457031,no
3255,KANSAS,North Central,2022,47,0,0,0,0,0,0,0,0,-0.583857153188981,0.811856406435312,no
3256,KANSAS,North Central,2022,48,0,0,0,0,0,0,0,0,-0.48210186644033,0.876115169583743,no
3257,KANSAS,North Central,2022,49,0,0,0,0,0,0,0,0,-0.373364140701786,0.927684870221573,no
3258,KANSAS,North Central,2022,50,0,0,0,0,0,0,0,0,-0.25921886001492,0.965818607510005,no
3259,KANSAS,North Central,2022,51,0,0,0,0,0,0,0,0,-0.141319227808016,0.989964078061293,no
3260,KANSAS,North Central,2022,52,0,0,0,0,0,0,0,0,-0.0213728230101764,0.999771575129327,no
3261,KANSAS,North Central,2023,1,0,0,0,0,0,0,0,0,0.120128619954843,0.992758336488667,no
3262,KANSAS,North Central,2023,2,0,0,0,0,0,0,0,0,0.238517377822098,0.97113822933549,no
3263,KANSAS,North Central,2023,3,0,0,0,0,0,0,0,0,0.353451610505767,0.935452809622634,no
3264,KANSAS,North Central,2023,4,0,0,0,0,0,0,0,0,0.463266687927793,0.886218920953741,no
3265,KANSAS,North Central,2023,5,0,0,0,0,0,0,0,0,0.566372122409852,0.824149633839001,no
3266,KANSAS,North Central,2023,6,0,0,0,0,0,0,0,0,0.661274604226529,0.750143918061759,no
3267,KANSAS,North Central,2023,7,0,0,0,0,0,0,0,0,0.746599629698408,0.665273622605165,no
3268,KANSAS,North Central,2023,8,0,0,0,0,0,0,0,0,0.821111408578364,0.570767951712827,no
3269,KANSAS,North Central,2023,9,0,0,0,0,0,0,0,0,0.883730762405837,0.467995661921774,no
3270,KANSAS,North Central,2023,10,0,0,0,0,0,0,0,0,0.933550754601395,0.358445237913918,no
3271,KANSAS,North Central,2023,11,0,0,0,0,0,0,0,0,0.969849825925805,0.243703334305638,no
3272,KANSAS,North Central,2023,12,0,0,0,0,0,0,0,0,0.992102245058455,0.125431795610095,no
3273,KANSAS,North Central,2023,13,0,0,0,0,0,0,0,0,0.999985722936002,0.00534358719969101,no
3274,KANSAS,North Central,2023,14,0,0,0,0,0,0,0,0,0.99338608057027,-0.1148220141316,no
3275,KANSAS,North Central,2023,15,0,0,0,0,0,0,0,0,0.972398902739873,-0.233324610682822,no
3276,KANSAS,North Central,2023,16,0,0,0,0,0,0,0,0,0.937328153604613,-0.348447890595089,no
3277,KANSAS,North Central,2023,17,0,0,0,0,0,0,0,0,0.888681774293145,-0.458524485757508,no
3278,KANSAS,North Central,2023,18,0,0,0,0,0,0,0,0,0.827164326225506,-0.561960120844802,no
3279,KANSAS,North Central,2023,19,0,0,0,0,0,0,0,0,0.75366678671966,-0.657256703728203,no
3280,KANSAS,North Central,2023,20,0,0,0,0,0,0,0,0,0.66925364467563,-0.743034022833669,no
3281,KANSAS,North Central,2023,21,0,0,0,0,0,0,0,0,0.575147483234652,-0.818049737197468,no
3282,KANSAS,North Central,2023,22,0,0,0,0,0,0,0,0,0.472711272707723,-0.881217369696629,no
3283,KANSAS,North Central,2023,23,0,0,0,0,0,0,0,0,0.363428630230867,-0.93162204285242,no
3284,KANSAS,North Central,2023,24,0,0,0,0,0,0,0,0,0.248882332052978,-0.968533729300055,no
3285,KANSAS,North Central,2023,25,0,0,0,0,0,0,0,0,0.130731389669801,-0.991417825013754,no
3286,KANSAS,North Central,2023,26,0,0,0,0,0,0,0,0,0.0106870218179092,-0.999942892151679,no
3287,KANSAS,North Central,2023,27,0,0,0,0,0,0,0,0,-0.109512129665869,-0.99398545937858,no
3288,KANSAS,North Central,2023,28,0,0,0,0,0,0,0,0,-0.228125181162749,-0.973631810141525,no
3289,KANSAS,North Central,2023,29,0,0,0,0,0,0,0,0,-0.343434221058743,-0.939176732998521,no
3290,KANSAS,North Central,2023,30,0,0,0,0,0,0,0,0,-0.453769190820369,-0.891119252099419,no
3291,KANSAS,North Central,2023,31,0,0,0,0,0,0,0,0,-0.557532072998533,-0.830155399655967,no
3292,KANSAS,North Central,2023,32,0,0,0,0,0,0,0,0,-0.653220035837834,-0.757168135079666,no
3293,KANSAS,North Central,2023,33,0,0,0,0,0,0,0,0,-0.739447199280337,-0.673214556791863,no
3294,KANSAS,North Central,2023,34,0,0,0,0,0,0,0,0,-0.814964707119669,-0.579510591921625,no
3295,KANSAS,North Central,2023,35,0,0,0,0,0,0,0,0,-0.878678814593855,-0.477413385635487,no
3296,KANSAS,North Central,2023,36,0,0,0,0,0,0,0,0,-0.929666729448389,-0.368401645160191,no
3297,KANSAS,North Central,2023,37,0,0,0,0,0,0,0,0,-0.96718997703823,-0.254054223182352,no
3298,KANSAS,North Central,2023,38,0,0,0,0,0,0,0,0,-0.990705095897581,-0.136027250808674,no
3299,KANSAS,North Central,2023,39,0,0,0,0,0,0,0,0,-0.999871508870024,-0.0160301512775393,no
3300,KANSAS,North Central,2023,40,0,0,0,0,0,0,0,0,-0.994556455798857,0.104199118176771,no
3301,KANSAS,North Central,2023,41,0,0,0,0,0,0,0,0,-0.97483691633585,0.222919237727053,no
3302,KANSAS,North Central,2023,42,0,0,0,0,0,0,0,0,-0.940998495019784,0.338410745057692,no
3303,KANSAS,North Central,2023,43,0,0,0,0,0,0,0,0,-0.893531284772509,0.449000938899674,no
3304,KANSAS,North Central,2023,44,0,0,0,0,0,0,0,0,-0.833122768722891,0.553088105310089,no
3305,KANSAS,North Central,2023,45,0,0,0,0,0,0,0,0,-0.760647863163829,0.649164715818952,no
3306,KANSAS,North Central,2023,46,0,0,0,0,0,0,0,0,-0.677156245853474,0.735839261457031,no
3307,KANSAS,North Central,2023,47,0,0,0,0,0,0,0,0,-0.583857153188981,0.811856406435312,no
3308,KANSAS,North Central,2023,48,0,0,0,0,0,0,0,0,-0.48210186644033,0.876115169583743,no
3309,KANSAS,North Central,2023,49,0,0,0,0,0,0,0,0,-0.373364140701786,0.927684870221573,no
3310,KANSAS,North Central,2023,50,0,0,0,0,0,0,0,0,-0.25921886001492,0.965818607510005,no
3311,KANSAS,North Central,2023,51,0,0,0,0,0,0,0,0,-0.141319227808016,0.989964078061293,no
3312,KANSAS,North Central,2023,52,0,0,0,0,0,0,0,0,-0.0213728230101764,0.999771575129327,no
3313,KANSAS,North Central,2024,1,0,0,0,0,0,0,0,0,0.120128619954843,0.992758336488667,no
3314,KANSAS,North Central,2024,2,0,0,0,0,0,0,0,0,0.238517377822098,0.97113822933549,no
3315,KANSAS,North Central,2024,3,0,0,0,0,0,0,0,0,0.353451610505767,0.935452809622634,no
3316,KANSAS,North Central,2024,4,0,0,0,0,0,0,0,0,0.463266687927793,0.886218920953741,no
3317,KANSAS,North Central,2024,5,0,0,0,0,0,0,0,0,0.566372122409852,0.824149633839001,no
3318,KANSAS,North Central,2024,6,0,0,0,0,0,0,0,0,0.661274604226529,0.750143918061759,no
3319,KANSAS,North Central,2024,7,0,0,0,0,0,0,0,0,0.746599629698408,0.665273622605165,no
3320,KANSAS,North Central,2024,8,0,0,0,0,0,0,0,0,0.821111408578364,0.570767951712827,no
3321,KANSAS,North Central,2024,9,0,0,0,0,0,0,0,0,0.883730762405837,0.467995661921774,no
3322,KANSAS,North Central,2024,10,0,0,0,0,0,0,0,0,0.933550754601395,0.358445237913918,no
3323,KANSAS,North Central,2024,11,0,0,0,0,0,0,0,0,0.969849825925805,0.243703334305638,no
3324,KANSAS,North Central,2024,12,0,0,0,0,0,0,0,0,0.992102245058455,0.125431795610095,no
3325,KANSAS,North Central,2024,13,0,0,0,0,0,0,0,0,0.999985722936002,0.00534358719969101,no
3326,KANSAS,North Central,2024,14,0,0,0,0,0,0,0,0,0.99338608057027,-0.1148220141316,no
3327,KANSAS,North Central,2024,15,0,0,0,0,0,0,0,0,0.972398902739873,-0.233324610682822,no
3328,KANSAS,North Central,2024,16,0,0,0,0,0,0,0,0,0.937328153604613,-0.348447890595089,no
3329,KANSAS,North Central,2024,17,0,0,0,0,0,0,0,0,0.888681774293145,-0.458524485757508,no
3330,KANSAS,North Central,2024,18,0,0,0,0,0,0,0,0,0.827164326225506,-0.561960120844802,no
3331,KANSAS,North Central,2024,19,0,0,0,0,0,0,0,0,0.75366678671966,-0.657256703728203,no
3332,KANSAS,North Central,2024,20,0,0,0,0,0,0,0,0,0.66925364467563,-0.743034022833669,no
3333,KANSAS,North Central,2024,21,0,0,0,0,0,0,0,0,0.575147483234652,-0.818049737197468,no
3334,KANSAS,North Central,2024,22,0,0,0,0,0,0,0,0,0.472711272707723,-0.881217369696629,no
3335,KANSAS,North Central,2024,23,0,0,0,0,0,0,0,0,0.363428630230867,-0.93162204285242,no
3336,KANSAS,North Central,2024,24,0,0,0,0,0,0,0,0,0.248882332052978,-0.968533729300055,no
3337,KANSAS,North Central,2024,25,0,0,0,0,0,0,0,0,0.130731389669801,-0.991417825013754,no
3338,KANSAS,North Central,2024,26,0,0,0,0,0,0,0,0,0.0106870218179092,-0.999942892151679,no
3339,KANSAS,North Central,2024,27,0,0,0,0,0,0,0,0,-0.109512129665869,-0.99398545937858,no
3340,KANSAS,North Central,2024,28,0,0,0,0,0,0,0,0,-0.228125181162749,-0.973631810141525,no
3341,KANSAS,North Central,2024,29,0,0,0,0,0,0,0,0,-0.343434221058743,-0.939176732998521,no
3342,KANSAS,North Central,2024,30,0,0,0,0,0,0,0,0,-0.453769190820369,-0.891119252099419,no
3343,KANSAS,North Central,2024,31,0,0,0,0,0,0,0,0,-0.557532072998533,-0.830155399655967,no
3344,KANSAS,North Central,2024,32,0,0,0,0,0,0,0,0,-0.653220035837834,-0.757168135079666,no
3345,KANSAS,North Central,2024,33,0,0,0,0,0,0,0,0,-0.739447199280337,-0.673214556791863,no
3346,KANSAS,North Central,2024,34,0,0,0,0,0,0,0,0,-0.814964707119669,-0.579510591921625,no
3347,KANSAS,North Central,2024,35,0,0,0,0,0,0,0,0,-0.878678814593855,-0.477413385635487,no
3348,KANSAS,North Central,2024,36,0,0,0,0,0,0,0,0,-0.929666729448389,-0.368401645160191,no
3349,KANSAS,North Central,2024,37,0,0,0,0,0,0,0,0,-0.96718997703823,-0.254054223182352,no
3350,KANSAS,North Central,2024,38,0,0,0,0,0,0,0,0,-0.990705095897581,-0.136027250808674,no
3351,KANSAS,North Central,2024,39,0,0,0,0,0,0,0,0,-0.999871508870024,-0.0160301512775393,no
3352,KANSAS,North Central,2024,40,0,0,0,0,0,0,0,0,-0.994556455798857,0.104199118176771,no
3353,KANSAS,North Central,2024,41,0,0,0,0,0,0,0,0,-0.97483691633585,0.222919237727053,no
3354,KANSAS,North Central,2024,42,0,0,0,0,0,0,0,0,-0.940998495019784,0.338410745057692,no
3355,KANSAS,North Central,2024,43,0,0,0,0,0,0,0,0,-0.893531284772509,0.449000938899674,no
3356,KANSAS,North Central,2024,44,0,0,0,0,0,0,0,0,-0.833122768722891,0.553088105310089,no
3357,KANSAS,North Central,2024,45,0,0,0,0,0,0,0,0,-0.760647863163829,0.649164715818952,no
3358,KANSAS,North Central,2024,46,0,0,0,0,0,0,0,0,-0.677156245853474,0.735839261457031,no
3359,KANSAS,North Central,2024,47,0,0,0,0,0,0,0,0,-0.583857153188981,0.811856406435312,no
3360,KANSAS,North Central,2024,48,0,0,0,0,0,0,0,0,-0.48210186644033,0.876115169583743,no
3361,KANSAS,North Central,2024,49,0,0,0,0,0,0,0,0,-0.373364140701786,0.927684870221573,no
3362,KANSAS,North Central,2024,50,0,0,0,0,0,0,0,0,-0.25921886001492,0.965818607510005,no
3363,KANSAS,North Central,2024,51,0,0,0,0,0,0,0,0,-0.141319227808016,0.989964078061293,no
3364,KANSAS,North Central,2024,52,0,0,0,0,0,0,0,0,-0.0213728230101764,0.999771575129327,no
3365,KANSAS,North Central,2025,1,0,0,0,0,0,0,0,0,0.120128619954843,0.992758336488667,no
3366,KANSAS,North Central,2025,2,0,0,0,0,0,0,0,0,0.238517377822098,0.97113822933549,no
3367,KANSAS,North Central,2025,3,0,0,0,0,0,0,0,0,0.353451610505767,0.935452809622634,no
3368,KANSAS,North Central,2025,4,0,0,0,0,0,0,0,0,0.463266687927793,0.886218920953741,no
3369,KANSAS,North Central,2025,5,0,0,0,0,0,0,0,0,0.566372122409852,0.824149633839001,no
3370,KANSAS,North Central,2025,6,0,0,0,0,0,0,0,0,0.661274604226529,0.750143918061759,no
3371,KANSAS,North Central,2025,7,0,0,0,0,0,0,0,0,0.746599629698408,0.665273622605165,no
3372,KANSAS,North Central,2025,8,0,0,0,0,0,0,0,0,0.821111408578364,0.570767951712827,no
3373,KANSAS,North Central,2025,9,0,0,0,0,0,0,0,0,0.883730762405837,0.467995661921774,no
3374,KANSAS,North Central,2025,10,0,0,0,0,0,0,0,0,0.933550754601395,0.358445237913918,no
3375,KANSAS,North Central,2025,11,0,0,0,0,0,0,0,0,0.969849825925805,0.243703334305638,no
3376,KANSAS,North Central,2025,12,0,0,0,0,0,0,0,0,0.992102245058455,0.125431795610095,no
3377,KANSAS,North Central,2025,13,0,0,0,0,0,0,0,0,0.999985722936002,0.00534358719969101,no
3378,KANSAS,North Central,2025,14,0,0,0,0,0,0,0,0,0.99338608057027,-0.1148220141316,no
3379,KANSAS,North Central,2025,15,0,0,0,0,0,0,0,0,0.972398902739873,-0.233324610682822,no
3380,KANSAS,North Central,2025,16,0,0,0,0,0,0,0,0,0.937328153604613,-0.348447890595089,no
3381,KANSAS,North Central,2025,17,0,0,0,0,0,0,0,0,0.888681774293145,-0.458524485757508,no
3382,KANSAS,North Central,2025,18,0,0,0,0,0,0,0,0,0.827164326225506,-0.561960120844802,no
3383,KANSAS,North Central,2025,19,0,0,0,0,0,0,0,0,0.75366678671966,-0.657256703728203,no
3384,KANSAS,North Central,2025,20,0,0,0,0,0,0,0,0,0.66925364467563,-0.743034022833669,no
3385,KANSAS,North Central,2025,21,0,0,0,0,0,0,0,0,0.575147483234652,-0.818049737197468,no
3386,KANSAS,North Central,2025,22,0,0,0,0,0,0,0,0,0.472711272707723,-0.881217369696629,no
3387,KANSAS,North Central,2025,23,0,0,0,0,0,0,0,0,0.363428630230867,-0.93162204285242,no
3388,KANSAS,North Central,2025,24,0,0,0,0,0,0,0,0,0.248882332052978,-0.968533729300055,no
3389,KANSAS,North Central,2025,25,0,0,0,0,0,0,0,0,0.130731389669801,-0.991417825013754,no
3390,KANSAS,North Central,2025,26,0,0,0,0,0,0,0,0,0.0106870218179092,-0.999942892151679,no
3391,KANSAS,North Central,2025,27,0,0,0,0,0,0,0,0,-0.109512129665869,-0.99398545937858,no
3392,KANSAS,North Central,2025,28,0,0,0,0,0,0,0,0,-0.228125181162749,-0.973631810141525,no
3393,KANSAS,North Central,2025,29,0,0,0,0,0,0,0,0,-0.343434221058743,-0.939176732998521,no
3394,KANSAS,North Central,2025,30,0,0,0,0,0,0,0,0,-0.453769190820369,-0.891119252099419,no
3395,KANSAS,North Central,2025,31,0,0,0,0,0,0,0,0,-0.557532072998533,-0.830155399655967,no
3396,KANSAS,North Central,2025,32,0,0,0,0,0,0,0,0,-0.653220035837834,-0.757168135079666,no
3397,KANSAS,North Central,2025,33,0,0,0,0,0,0,0,0,-0.739447199280337,-0.673214556791863,no
3398,KANSAS,North Central,2025,34,0,0,0,0,0,0,0,0,-0.814964707119669,-0.579510591921625,no
3399,KANSAS,North Central,2025,35,0,0,0,0,0,0,0,0,-0.878678814593855,-0.477413385635487,no
3400,KANSAS,North Central,2025,36,0,0,0,0,0,0,0,0,-0.929666729448389,-0.368401645160191,no
3401,KANSAS,North Central,2025,37,0,0,0,0,0,0,0,0,-0.96718997703823,-0.254054223182352,no
3402,KANSAS,North Central,2025,38,0,0,0,0,0,0,0,0,-0.990705095897581,-0.136027250808674,no
3403,KANSAS,North Central,2025,39,0,0,0,0,0,0,0,0,-0.999871508870024,-0.0160301512775393,no
3404,KANSAS,North Central,2025,40,0,0,0,0,0,0,0,0,-0.994556455798857,0.104199118176771,no
3405,KANSAS,North Central,2025,41,0,0,0,0,0,0,0,0,-0.97483691633585,0.222919237727053,no
3406,KANSAS,North Central,2025,42,0,0,0,0,0,0,0,0,-0.940998495019784,0.338410745057692,no
3407,KANSAS,North Central,2025,43,0,0,0,0,0,0,0,0,-0.893531284772509,0.449000938899674,no
3408,KANSAS,North Central,2025,44,0,0,0,0,0,0,0,0,-0.833122768722891,0.553088105310089,no
3409,KANSAS,North Central,2025,45,0,0,0,0,0,0,0,0,-0.760647863163829,0.649164715818952,no
3410,KANSAS,North Central,2025,46,0,0,0,0,0,0,0,0,-0.677156245853474,0.735839261457031,no
3411,KANSAS,North Central,2025,47,0,0,0,0,0,0,0,0,-0.583857153188981,0.811856406435312,no
3412,KANSAS,North Central,2025,48,0,0,0,0,0,0,0,0,-0.48210186644033,0.876115169583743,no
3413,KANSAS,North Central,2025,49,0,0,0,0,0,0,0,0,-0.373364140701786,0.927684870221573,no
3414,KANSAS,North Central,2025,50,0,0,0,0,0,0,0,0,-0.25921886001492,0.965818607510005,no
3415,KANSAS,North Central,2025,51,0,0,0,0,0,0,0,0,-0.141319227808016,0.989964078061293,no
3416,KANSAS,North Central,2025,52,0,0,0,0,0,0,0,0,-0.0213728230101764,0.999771575129327,no
3417,KANSAS,North Central,2025,53,0,0,0,0,0,0,0,0,0.0988831313727152,0.995099053526797,no
3418,KENTUCKY,South,2022,9,0,0,0,0,0,0,0,0,0.883730762405837,0.467995661921774,no
3419,KENTUCKY,South,2022,10,0,0,0,0,0,0,0,0,0.933550754601395,0.358445237913918,no
3420,KENTUCKY,South,2022,11,0,0,0,0,0,0,0,0,0.969849825925805,0.243703334305638,no
3421,KENTUCKY,South,2022,12,0,0,0,0,0,0,0,0,0.992102245058455,0.125431795610095,no
3422,KENTUCKY,South,2022,13,0,0,0,0,0,0,0,0,0.999985722936002,0.00534358719969101,no
3423,KENTUCKY,South,2022,14,0,0,0,0,0,0,0,0,0.99338608057027,-0.1148220141316,no
3424,KENTUCKY,South,2022,15,0,0,0,0,0,0,0,0,0.972398902739873,-0.233324610682822,no
3425,KENTUCKY,South,2022,16,0,0,0,0,0,0,0,0,0.937328153604613,-0.348447890595089,no
3426,KENTUCKY,South,2022,17,0,0,0,0,0,0,0,0,0.888681774293145,-0.458524485757508,no
3427,KENTUCKY,South,2022,18,0,0,0,0,0,0,0,0,0.827164326225506,-0.561960120844802,no
3428,KENTUCKY,South,2022,19,0,0,0,0,0,0,0,0,0.75366678671966,-0.657256703728203,no
3429,KENTUCKY,South,2022,20,0,0,0,0,0,0,0,0,0.66925364467563,-0.743034022833669,no
3430,KENTUCKY,South,2022,21,0,0,0,0,0,0,0,0,0.575147483234652,-0.818049737197468,no
3431,KENTUCKY,South,2022,22,0,0,0,0,0,0,0,0,0.472711272707723,-0.881217369696629,no
3432,KENTUCKY,South,2022,23,0,0,0,0,0,0,0,0,0.363428630230867,-0.93162204285242,no
3433,KENTUCKY,South,2022,24,0,0,0,0,0,0,0,0,0.248882332052978,-0.968533729300055,no
3434,KENTUCKY,South,2022,25,0,0,0,0,0,0,0,0,0.130731389669801,-0.991417825013754,no
3435,KENTUCKY,South,2022,26,0,0,0,0,0,0,0,0,0.0106870218179092,-0.999942892151679,no
3436,KENTUCKY,South,2022,27,0,0,0,0,0,0,0,0,-0.109512129665869,-0.99398545937858,no
3437,KENTUCKY,South,2022,28,0,0,0,0,0,0,0,0,-0.228125181162749,-0.973631810141525,no
3438,KENTUCKY,South,2022,29,0,0,0,0,0,0,0,0,-0.343434221058743,-0.939176732998521,no
3439,KENTUCKY,South,2022,30,0,0,0,0,0,0,0,0,-0.453769190820369,-0.891119252099419,no
3440,KENTUCKY,South,2022,31,0,0,0,0,0,0,0,0,-0.557532072998533,-0.830155399655967,no
3441,KENTUCKY,South,2022,32,0,0,0,0,0,0,0,0,-0.653220035837834,-0.757168135079666,no
3442,KENTUCKY,South,2022,33,0,0,0,0,0,0,0,0,-0.739447199280337,-0.673214556791863,no
3443,KENTUCKY,South,2022,34,0,0,0,0,0,0,0,0,-0.814964707119669,-0.579510591921625,no
3444,KENTUCKY,South,2022,35,0,0,0,0,0,0,0,0,-0.878678814593855,-0.477413385635487,no
3445,KENTUCKY,South,2022,36,0,0,0,0,0,0,0,0,-0.929666729448389,-0.368401645160191,no
3446,KENTUCKY,South,2022,37,0,0,0,0,0,0,0,0,-0.96718997703823,-0.254054223182352,no
3447,KENTUCKY,South,2022,38,0,0,0,0,0,0,0,0,-0.990705095897581,-0.136027250808674,no
3448,KENTUCKY,South,2022,39,0,0,0,0,0,0,0,0,-0.999871508870024,-0.0160301512775393,no
3449,KENTUCKY,South,2022,40,0,0,0,0,0,0,0,0,-0.994556455798857,0.104199118176771,no
3450,KENTUCKY,South,2022,41,0,0,0,0,0,0,0,0,-0.97483691633585,0.222919237727053,no
3451,KENTUCKY,South,2022,42,0,0,0,0,0,0,0,0,-0.940998495019784,0.338410745057692,no
3452,KENTUCKY,South,2022,43,0,0,0,0,0,0,0,0,-0.893531284772509,0.449000938899674,no
3453,KENTUCKY,South,2022,44,0,0,0,0,0,0,0,0,-0.833122768722891,0.553088105310089,no
3454,KENTUCKY,South,2022,45,0,0,0,0,0,0,0,0,-0.760647863163829,0.649164715818952,no
3455,KENTUCKY,South,2022,46,0,0,0,0,0,0,0,0,-0.677156245853474,0.735839261457031,no
3456,KENTUCKY,South,2022,47,0,0,0,0,0,0,0,0,-0.583857153188981,0.811856406435312,no
3457,KENTUCKY,South,2022,48,0,0,0,0,0,0,0,0,-0.48210186644033,0.876115169583743,no
3458,KENTUCKY,South,2022,49,0,0,0,0,0,0,0,0,-0.373364140701786,0.927684870221573,no
3459,KENTUCKY,South,2022,50,0,0,0,0,0,0,0,0,-0.25921886001492,0.965818607510005,no
3460,KENTUCKY,South,2022,51,0,0,0,0,0,0,0,0,-0.141319227808016,0.989964078061293,no
3461,KENTUCKY,South,2022,52,0,0,0,0,0,0,0,0,-0.0213728230101764,0.999771575129327,no
3462,KENTUCKY,South,2023,1,0,0,0,0,0,0,0,0,0.120128619954843,0.992758336488667,no
3463,KENTUCKY,South,2023,2,0,0,0,0,0,0,0,0,0.238517377822098,0.97113822933549,no
3464,KENTUCKY,South,2023,3,0,0,0,0,0,0,0,0,0.353451610505767,0.935452809622634,no
3465,KENTUCKY,South,2023,4,0,0,0,0,0,0,0,0,0.463266687927793,0.886218920953741,no
3466,KENTUCKY,South,2023,5,0,0,0,0,0,0,0,0,0.566372122409852,0.824149633839001,no
3467,KENTUCKY,South,2023,6,0,0,0,0,0,0,0,0,0.661274604226529,0.750143918061759,no
3468,KENTUCKY,South,2023,7,0,0,0,0,0,0,0,0,0.746599629698408,0.665273622605165,no
3469,KENTUCKY,South,2023,8,0,0,0,0,0,0,0,0,0.821111408578364,0.570767951712827,no
3470,KENTUCKY,South,2023,9,0,0,0,0,0,0,0,0,0.883730762405837,0.467995661921774,no
3471,KENTUCKY,South,2023,10,0,0,0,0,0,0,0,0,0.933550754601395,0.358445237913918,no
3472,KENTUCKY,South,2023,11,0,0,0,0,0,0,0,0,0.969849825925805,0.243703334305638,no
3473,KENTUCKY,South,2023,12,0,0,0,0,0,0,0,0,0.992102245058455,0.125431795610095,no
3474,KENTUCKY,South,2023,13,0,0,0,0,0,0,0,0,0.999985722936002,0.00534358719969101,no
3475,KENTUCKY,South,2023,14,0,0,0,0,0,0,0,0,0.99338608057027,-0.1148220141316,no
3476,KENTUCKY,South,2023,15,0,0,0,0,0,0,0,0,0.972398902739873,-0.233324610682822,no
3477,KENTUCKY,South,2023,16,0,0,0,0,0,0,0,0,0.937328153604613,-0.348447890595089,no
3478,KENTUCKY,South,2023,17,0,0,0,0,0,0,0,0,0.888681774293145,-0.458524485757508,no
3479,KENTUCKY,South,2023,18,0,0,0,0,0,0,0,0,0.827164326225506,-0.561960120844802,no
3480,KENTUCKY,South,2023,19,0,0,0,0,0,0,0,0,0.75366678671966,-0.657256703728203,no
3481,KENTUCKY,South,2023,20,0,0,0,0,0,0,0,0,0.66925364467563,-0.743034022833669,no
3482,KENTUCKY,South,2023,21,0,0,0,0,0,0,0,0,0.575147483234652,-0.818049737197468,no
3483,KENTUCKY,South,2023,22,0,0,0,0,0,0,0,0,0.472711272707723,-0.881217369696629,no
3484,KENTUCKY,South,2023,23,0,0,0,0,0,0,0,0,0.363428630230867,-0.93162204285242,no
3485,KENTUCKY,South,2023,24,0,0,0,0,0,0,0,0,0.248882332052978,-0.968533729300055,no
3486,KENTUCKY,South,2023,25,0,0,0,0,0,0,0,0,0.130731389669801,-0.991417825013754,no
3487,KENTUCKY,South,2023,26,0,0,0,0,0,0,0,0,0.0106870218179092,-0.999942892151679,no
3488,KENTUCKY,South,2023,27,0,0,0,0,0,0,0,0,-0.109512129665869,-0.99398545937858,no
3489,KENTUCKY,South,2023,28,0,0,0,0,0,0,0,0,-0.228125181162749,-0.973631810141525,no
3490,KENTUCKY,South,2023,29,0,0,0,0,0,0,0,0,-0.343434221058743,-0.939176732998521,no
3491,KENTUCKY,South,2023,30,0,0,0,0,0,0,0,0,-0.453769190820369,-0.891119252099419,no
3492,KENTUCKY,South,2023,31,0,0,0,0,0,0,0,0,-0.557532072998533,-0.830155399655967,no
3493,KENTUCKY,South,2023,32,0,0,0,0,0,0,0,0,-0.653220035837834,-0.757168135079666,no
3494,KENTUCKY,South,2023,33,0,0,0,0,0,0,0,0,-0.739447199280337,-0.673214556791863,no
3495,KENTUCKY,South,2023,34,0,0,0,0,0,0,0,0,-0.814964707119669,-0.579510591921625,no
3496,KENTUCKY,South,2023,35,0,0,0,0,0,0,0,0,-0.878678814593855,-0.477413385635487,no
3497,KENTUCKY,South,2023,36,0,0,0,0,0,0,0,0,-0.929666729448389,-0.368401645160191,no
3498,KENTUCKY,South,2023,37,0,0,0,0,0,0,0,0,-0.96718997703823,-0.254054223182352,no
3499,KENTUCKY,South,2023,38,0,0,0,0,0,0,0,0,-0.990705095897581,-0.136027250808674,no
3500,KENTUCKY,South,2023,39,0,0,0,0,0,0,0,0,-0.999871508870024,-0.0160301512775393,no
3501,KENTUCKY,South,2023,40,0,0,0,0,0,0,0,0,-0.994556455798857,0.104199118176771,no
3502,KENTUCKY,South,2023,41,0,0,0,0,0,0,0,0,-0.97483691633585,0.222919237727053,no
3503,KENTUCKY,South,2023,42,0,0,0,0,0,0,0,0,-0.940998495019784,0.338410745057692,no
3504,KENTUCKY,South,2023,43,0,0,0,0,0,0,0,0,-0.893531284772509,0.449000938899674,no
3505,KENTUCKY,South,2023,44,0,0,0,0,0,0,0,0,-0.833122768722891,0.553088105310089,no
3506,KENTUCKY,South,2023,45,0,0,0,0,0,0,0,0,-0.760647863163829,0.649164715818952,no
3507,KENTUCKY,South,2023,46,0,0,0,0,0,0,0,0,-0.677156245853474,0.735839261457031,no
3508,KENTUCKY,South,2023,47,0,0,0,0,0,0,0,0,-0.583857153188981,0.811856406435312,no
3509,KENTUCKY,South,2023,48,0,0,0,0,0,0,0,0,-0.48210186644033,0.876115169583743,no
3510,KENTUCKY,South,2023,49,0,0,0,0,0,0,0,0,-0.373364140701786,0.927684870221573,no
3511,KENTUCKY,South,2023,50,0,0,0,0,0,0,0,0,-0.25921886001492,0.965818607510005,no
3512,KENTUCKY,South,2023,51,0,0,0,0,0,0,0,0,-0.141319227808016,0.989964078061293,no
3513,KENTUCKY,South,2023,52,0,0,0,0,0,0,0,0,-0.0213728230101764,0.999771575129327,no
3514,KENTUCKY,South,2024,1,0,0,0,0,0,0,0,0,0.120128619954843,0.992758336488667,no
3515,KENTUCKY,South,2024,2,0,0,0,0,0,0,0,0,0.238517377822098,0.97113822933549,no
3516,KENTUCKY,South,2024,3,0,0,0,0,0,0,0,0,0.353451610505767,0.935452809622634,no
3517,KENTUCKY,South,2024,4,0,0,0,0,0,0,0,0,0.463266687927793,0.886218920953741,no
3518,KENTUCKY,South,2024,5,0,0,0,0,0,0,0,0,0.566372122409852,0.824149633839001,no
3519,KENTUCKY,South,2024,6,0,0,0,0,0,0,0,0,0.661274604226529,0.750143918061759,no
3520,KENTUCKY,South,2024,7,0,0,0,0,0,0,0,0,0.746599629698408,0.665273622605165,no
3521,KENTUCKY,South,2024,8,0,0,0,0,0,0,0,0,0.821111408578364,0.570767951712827,no
3522,KENTUCKY,South,2024,9,0,0,0,0,0,0,0,0,0.883730762405837,0.467995661921774,no
3523,KENTUCKY,South,2024,10,0,0,0,0,0,0,0,0,0.933550754601395,0.358445237913918,no
3524,KENTUCKY,South,2024,11,0,0,0,0,0,0,0,0,0.969849825925805,0.243703334305638,no
3525,KENTUCKY,South,2024,12,0,0,0,0,0,0,0,0,0.992102245058455,0.125431795610095,no
3526,KENTUCKY,South,2024,13,0,0,0,0,0,0,0,0,0.999985722936002,0.00534358719969101,no
3527,KENTUCKY,South,2024,14,0,0,0,0,0,0,0,0,0.99338608057027,-0.1148220141316,no
3528,KENTUCKY,South,2024,15,0,0,0,0,0,0,0,0,0.972398902739873,-0.233324610682822,no
3529,KENTUCKY,South,2024,16,0,0,0,0,0,0,0,0,0.937328153604613,-0.348447890595089,no
3530,KENTUCKY,South,2024,17,0,0,0,0,0,0,0,0,0.888681774293145,-0.458524485757508,no
3531,KENTUCKY,South,2024,18,0,0,0,0,0,0,0,0,0.827164326225506,-0.561960120844802,no
3532,KENTUCKY,South,2024,19,0,0,0,0,0,0,0,0,0.75366678671966,-0.657256703728203,no
3533,KENTUCKY,South,2024,20,0,0,0,0,0,0,0,0,0.66925364467563,-0.743034022833669,no
3534,KENTUCKY,South,2024,21,0,0,0,0,0,0,0,0,0.575147483234652,-0.818049737197468,no
3535,KENTUCKY,South,2024,22,0,0,0,0,0,0,0,0,0.472711272707723,-0.881217369696629,no
3536,KENTUCKY,South,2024,23,0,0,0,0,0,0,0,0,0.363428630230867,-0.93162204285242,no
3537,KENTUCKY,South,2024,24,0,0,0,0,0,0,0,0,0.248882332052978,-0.968533729300055,no
3538,KENTUCKY,South,2024,25,0,0,0,0,0,0,0,0,0.130731389669801,-0.991417825013754,no
3539,KENTUCKY,South,2024,26,0,0,0,0,0,0,0,0,0.0106870218179092,-0.999942892151679,no
3540,KENTUCKY,South,2024,27,0,0,0,0,0,0,0,0,-0.109512129665869,-0.99398545937858,no
3541,KENTUCKY,South,2024,28,0,0,0,0,0,0,0,0,-0.228125181162749,-0.973631810141525,no
3542,KENTUCKY,South,2024,29,0,0,0,0,0,0,0,0,-0.343434221058743,-0.939176732998521,no
3543,KENTUCKY,South,2024,30,0,0,0,0,0,0,0,0,-0.453769190820369,-0.891119252099419,no
3544,KENTUCKY,South,2024,31,0,0,0,0,0,0,0,0,-0.557532072998533,-0.830155399655967,no
3545,KENTUCKY,South,2024,32,0,0,0,0,0,0,0,0,-0.653220035837834,-0.757168135079666,no
3546,KENTUCKY,South,2024,33,0,0,0,0,0,0,0,0,-0.739447199280337,-0.673214556791863,no
3547,KENTUCKY,South,2024,34,0,0,0,0,0,0,0,0,-0.814964707119669,-0.579510591921625,no
3548,KENTUCKY,South,2024,35,0,0,0,0,0,0,0,0,-0.878678814593855,-0.477413385635487,no
3549,KENTUCKY,South,2024,36,0,0,0,0,0,0,0,0,-0.929666729448389,-0.368401645160191,no
3550,KENTUCKY,South,2024,37,0,0,0,0,0,0,0,0,-0.96718997703823,-0.254054223182352,no
3551,KENTUCKY,South,2024,38,0,0,0,0,0,0,0,0,-0.990705095897581,-0.136027250808674,no
3552,KENTUCKY,South,2024,39,0,0,0,0,0,0,0,0,-0.999871508870024,-0.0160301512775393,no
3553,KENTUCKY,South,2024,40,0,0,0,0,0,0,0,0,-0.994556455798857,0.104199118176771,no
3554,KENTUCKY,South,2024,41,0,0,0,0,0,0,0,0,-0.97483691633585,0.222919237727053,no
3555,KENTUCKY,South,2024,42,0,0,0,0,0,0,0,0,-0.940998495019784,0.338410745057692,no
3556,KENTUCKY,South,2024,43,0,0,0,0,0,0,0,0,-0.893531284772509,0.449000938899674,no
3557,KENTUCKY,South,2024,44,0,0,0,0,0,0,0,0,-0.833122768722891,0.553088105310089,no
3558,KENTUCKY,South,2024,45,0,0,0,0,0,0,0,0,-0.760647863163829,0.649164715818952,no
3559,KENTUCKY,South,2024,46,0,0,0,0,0,0,0,0,-0.677156245853474,0.735839261457031,no
3560,KENTUCKY,South,2024,47,0,0,0,0,0,0,0,0,-0.583857153188981,0.811856406435312,no
3561,KENTUCKY,South,2024,48,0,0,0,0,0,0,0,0,-0.48210186644033,0.876115169583743,no
3562,KENTUCKY,South,2024,49,0,0,0,0,0,0,0,0,-0.373364140701786,0.927684870221573,no
3563,KENTUCKY,South,2024,50,0,0,0,0,0,0,0,0,-0.25921886001492,0.965818607510005,no
3564,KENTUCKY,South,2024,51,0,0,0,0,0,0,0,0,-0.141319227808016,0.989964078061293,no
3565,KENTUCKY,South,2024,52,0,0,0,0,0,0,0,0,-0.0213728230101764,0.999771575129327,no
3566,KENTUCKY,South,2025,1,0,0,0,0,0,0,0,0,0.120128619954843,0.992758336488667,no
3567,KENTUCKY,South,2025,2,0,0,0,0,0,0,0,0,0.238517377822098,0.97113822933549,no
3568,KENTUCKY,South,2025,3,0,0,0,0,0,0,0,0,0.353451610505767,0.935452809622634,no
3569,KENTUCKY,South,2025,4,0,0,0,0,0,0,0,0,0.463266687927793,0.886218920953741,no
3570,KENTUCKY,South,2025,5,0,0,0,0,0,0,0,0,0.566372122409852,0.824149633839001,no
3571,KENTUCKY,South,2025,6,0,0,0,0,0,0,0,0,0.661274604226529,0.750143918061759,no
3572,KENTUCKY,South,2025,7,0,0,0,0,0,0,0,0,0.746599629698408,0.665273622605165,no
3573,KENTUCKY,South,2025,8,0,0,0,0,0,0,0,0,0.821111408578364,0.570767951712827,no
3574,KENTUCKY,South,2025,9,0,0,0,0,0,0,0,0,0.883730762405837,0.467995661921774,no
3575,KENTUCKY,South,2025,10,0,0,0,0,0,0,0,0,0.933550754601395,0.358445237913918,no
3576,KENTUCKY,South,2025,11,0,0,0,0,0,0,0,0,0.969849825925805,0.243703334305638,no
3577,KENTUCKY,South,2025,12,0,0,0,0,0,0,0,0,0.992102245058455,0.125431795610095,no
3578,KENTUCKY,South,2025,13,0,0,0,0,0,0,0,0,0.999985722936002,0.00534358719969101,no
3579,KENTUCKY,South,2025,14,0,0,0,0,0,0,0,0,0.99338608057027,-0.1148220141316,no
3580,KENTUCKY,South,2025,15,0,0,0,0,0,0,0,0,0.972398902739873,-0.233324610682822,no
3581,KENTUCKY,South,2025,16,0,0,0,0,0,0,0,0,0.937328153604613,-0.348447890595089,no
3582,KENTUCKY,South,2025,17,0,0,0,0,0,0,0,0,0.888681774293145,-0.458524485757508,no
3583,KENTUCKY,South,2025,18,0,0,0,0,0,0,0,0,0.827164326225506,-0.561960120844802,no
3584,KENTUCKY,South,2025,19,0,0,0,0,0,0,0,0,0.75366678671966,-0.657256703728203,no
3585,KENTUCKY,South,2025,20,0,0,0,0,0,0,0,0,0.66925364467563,-0.743034022833669,no
3586,KENTUCKY,South,2025,21,0,0,0,0,0,0,0,0,0.575147483234652,-0.818049737197468,no
3587,KENTUCKY,South,2025,22,0,0,0,0,0,0,0,0,0.472711272707723,-0.881217369696629,no
3588,KENTUCKY,South,2025,23,0,0,0,0,0,0,0,0,0.363428630230867,-0.93162204285242,no
3589,KENTUCKY,South,2025,24,0,0,0,0,0,0,0,0,0.248882332052978,-0.968533729300055,no
3590,KENTUCKY,South,2025,25,0,0,0,0,0,0,0,0,0.130731389669801,-0.991417825013754,no
3591,KENTUCKY,South,2025,26,0,0,0,0,0,0,0,0,0.0106870218179092,-0.999942892151679,no
3592,KENTUCKY,South,2025,27,0,0,0,0,0,0,0,0,-0.109512129665869,-0.99398545937858,no
3593,KENTUCKY,South,2025,28,0,0,0,0,0,0,0,0,-0.228125181162749,-0.973631810141525,no
3594,KENTUCKY,South,2025,29,0,0,0,0,0,0,0,0,-0.343434221058743,-0.939176732998521,no
3595,KENTUCKY,South,2025,30,0,0,0,0,0,0,0,0,-0.453769190820369,-0.891119252099419,no
3596,KENTUCKY,South,2025,31,0,0,0,0,0,0,0,0,-0.557532072998533,-0.830155399655967,no
3597,KENTUCKY,South,2025,32,0,0,0,0,0,0,0,0,-0.653220035837834,-0.757168135079666,no
3598,KENTUCKY,South,2025,33,0,0,0,0,0,0,0,0,-0.739447199280337,-0.673214556791863,no
3599,KENTUCKY,South,2025,34,0,0,0,0,0,0,0,0,-0.814964707119669,-0.579510591921625,no
3600,KENTUCKY,South,2025,35,0,0,0,0,0,0,0,0,-0.878678814593855,-0.477413385635487,no
3601,KENTUCKY,South,2025,36,0,0,0,0,0,0,0,0,-0.929666729448389,-0.368401645160191,no
3602,KENTUCKY,South,2025,37,0,0,0,0,0,0,0,0,-0.96718997703823,-0.254054223182352,no
3603,KENTUCKY,South,2025,38,0,0,0,0,0,0,0,0,-0.990705095897581,-0.136027250808674,no
3604,KENTUCKY,South,2025,39,0,0,0,0,0,0,0,0,-0.999871508870024,-0.0160301512775393,no
3605,KENTUCKY,South,2025,40,0,0,0,0,0,0,0,0,-0.994556455798857,0.104199118176771,no
3606,KENTUCKY,South,2025,41,0,0,0,0,0,0,0,0,-0.97483691633585,0.222919237727053,no
3607,KENTUCKY,South,2025,42,0,0,0,0,0,0,0,0,-0.940998495019784,0.338410745057692,no
3608,KENTUCKY,South,2025,43,0,0,0,0,0,0,0,0,-0.893531284772509,0.449000938899674,no
3609,KENTUCKY,South,2025,44,0,0,0,0,0,0,0,0,-0.833122768722891,0.553088105310089,no
3610,KENTUCKY,South,2025,45,0,0,0,0,0,0,0,0,-0.760647863163829,0.649164715818952,no
3611,KENTUCKY,South,2025,46,0,0,0,0,0,0,0,0,-0.677156245853474,0.735839261457031,no
3612,KENTUCKY,South,2025,47,0,0,0,0,0,0,0,0,-0.583857153188981,0.811856406435312,no
3613,KENTUCKY,South,2025,48,0,0,0,0,0,0,0,0,-0.48210186644033,0.876115169583743,no
3614,KENTUCKY,South,2025,49,0,0,0,0,0,0,0,0,-0.373364140701786,0.927684870221573,no
3615,KENTUCKY,South,2025,50,0,0,0,0,0,0,0,0,-0.25921886001492,0.965818607510005,no
3616,KENTUCKY,South,2025,51,0,0,0,0,0,0,0,0,-0.141319227808016,0.989964078061293,no
3617,KENTUCKY,South,2025,52,0,0,0,0,0,0,0,0,-0.0213728230101764,0.999771575129327,no
3618,KENTUCKY,South,2025,53,0,0,0,0,0,0,0,0,0.0988831313727152,0.995099053526797,no
3619,LOUISIANA,South,2022,9,0,0,0,0,0,0,0,0,0.883730762405837,0.467995661921774,no
3620,LOUISIANA,South,2022,10,0,0,0,0,0,0,0,0,0.933550754601395,0.358445237913918,no
3621,LOUISIANA,South,2022,11,0,0,0,0,0,0,0,0,0.969849825925805,0.243703334305638,no
3622,LOUISIANA,South,2022,12,0,0,0,0,0,0,0,0,0.992102245058455,0.125431795610095,no
3623,LOUISIANA,South,2022,13,0,0,0,0,0,0,0,0,0.999985722936002,0.00534358719969101,no
3624,LOUISIANA,South,2022,14,0,0,0,0,0,0,0,0,0.99338608057027,-0.1148220141316,no
3625,LOUISIANA,South,2022,15,0,0,0,0,0,0,0,0,0.972398902739873,-0.233324610682822,no
3626,LOUISIANA,South,2022,16,0,0,0,0,0,0,0,0,0.937328153604613,-0.348447890595089,no
3627,LOUISIANA,South,2022,17,0,0,0,0,0,0,0,0,0.888681774293145,-0.458524485757508,no
3628,LOUISIANA,South,2022,18,0,0,0,0,0,0,0,0,0.827164326225506,-0.561960120844802,no
3629,LOUISIANA,South,2022,19,0,0,0,0,0,0,0,0,0.75366678671966,-0.657256703728203,no
3630,LOUISIANA,South,2022,20,0,0,0,0,0,0,0,0,0.66925364467563,-0.743034022833669,no
3631,LOUISIANA,South,2022,21,0,0,0,0,0,0,0,0,0.575147483234652,-0.818049737197468,no
3632,LOUISIANA,South,2022,22,0,0,0,0,0,0,0,0,0.472711272707723,-0.881217369696629,no
3633,LOUISIANA,South,2022,23,0,0,0,0,0,0,0,0,0.363428630230867,-0.93162204285242,no
3634,LOUISIANA,South,2022,24,0,0,0,0,0,0,0,0,0.248882332052978,-0.968533729300055,no
3635,LOUISIANA,South,2022,25,0,0,0,0,0,0,0,0,0.130731389669801,-0.991417825013754,no
3636,LOUISIANA,South,2022,26,0,0,0,0,0,0,0,0,0.0106870218179092,-0.999942892151679,no
3637,LOUISIANA,South,2022,27,0,0,0,0,0,0,0,3,-0.109512129665869,-0.99398545937858,yes
3638,LOUISIANA,South,2022,28,0,0,0,0,0,0,0,3,-0.228125181162749,-0.973631810141525,yes
3639,LOUISIANA,South,2022,29,0,0,0,0,0,0,0,4,-0.343434221058743,-0.939176732998521,yes
3640,LOUISIANA,South,2022,30,0,0,0,0,0,0,0,4,-0.453769190820369,-0.891119252099419,yes
3641,LOUISIANA,South,2022,31,3,0,0,0,0,0,0,1,-0.557532072998533,-0.830155399655967,yes
3642,LOUISIANA,South,2022,32,0,3,0,0,3,3,1,1,-0.653220035837834,-0.757168135079666,yes
3643,LOUISIANA,South,2022,33,1,0,3,0,3,3,1,0,-0.739447199280337,-0.673214556791863,no
3644,LOUISIANA,South,2022,34,0,1,0,0,4,4,2,1,-0.814964707119669,-0.579510591921625,yes
3645,LOUISIANA,South,2022,35,0,0,1,3,4,4,2,1,-0.878678814593855,-0.477413385635487,yes
3646,LOUISIANA,South,2022,36,0,0,0,0,1,4,2,1,-0.929666729448389,-0.368401645160191,yes
3647,LOUISIANA,South,2022,37,0,0,0,1,1,4,2,1,-0.96718997703823,-0.254054223182352,yes
3648,LOUISIANA,South,2022,38,1,0,0,0,0,4,2,0,-0.990705095897581,-0.136027250808674,no
3649,LOUISIANA,South,2022,39,0,1,0,0,1,5,3,0,-0.999871508870024,-0.0160301512775393,no
3650,LOUISIANA,South,2022,40,0,0,1,0,1,2,2,0,-0.994556455798857,0.104199118176771,no
3651,LOUISIANA,South,2022,41,0,0,0,0,1,2,2,0,-0.97483691633585,0.222919237727053,no
3652,LOUISIANA,South,2022,42,0,0,0,1,1,1,1,0,-0.940998495019784,0.338410745057692,no
3653,LOUISIANA,South,2022,43,0,0,0,0,0,1,1,0,-0.893531284772509,0.449000938899674,no
3654,LOUISIANA,South,2022,44,0,0,0,0,0,1,1,0,-0.833122768722891,0.553088105310089,no
3655,LOUISIANA,South,2022,45,0,0,0,0,0,1,1,0,-0.760647863163829,0.649164715818952,no
3656,LOUISIANA,South,2022,46,0,0,0,0,0,1,1,0,-0.677156245853474,0.735839261457031,no
3657,LOUISIANA,South,2022,47,0,0,0,0,0,0,0,0,-0.583857153188981,0.811856406435312,no
3658,LOUISIANA,South,2022,48,0,0,0,0,0,0,0,0,-0.48210186644033,0.876115169583743,no
3659,LOUISIANA,South,2022,49,0,0,0,0,0,0,0,0,-0.373364140701786,0.927684870221573,no
3660,LOUISIANA,South,2022,50,0,0,0,0,0,0,0,0,-0.25921886001492,0.965818607510005,no
3661,LOUISIANA,South,2022,51,0,0,0,0,0,0,0,0,-0.141319227808016,0.989964078061293,no
3662,LOUISIANA,South,2022,52,0,0,0,0,0,0,0,0,-0.0213728230101764,0.999771575129327,no
3663,LOUISIANA,South,2023,1,0,0,0,0,0,0,0,0,0.120128619954843,0.992758336488667,no
3664,LOUISIANA,South,2023,2,0,0,0,0,0,0,0,0,0.238517377822098,0.97113822933549,no
3665,LOUISIANA,South,2023,3,0,0,0,0,0,0,0,0,0.353451610505767,0.935452809622634,no
3666,LOUISIANA,South,2023,4,0,0,0,0,0,0,0,0,0.463266687927793,0.886218920953741,no
3667,LOUISIANA,South,2023,5,0,0,0,0,0,0,0,0,0.566372122409852,0.824149633839001,no
3668,LOUISIANA,South,2023,6,0,0,0,0,0,0,0,0,0.661274604226529,0.750143918061759,no
3669,LOUISIANA,South,2023,7,0,0,0,0,0,0,0,0,0.746599629698408,0.665273622605165,no
3670,LOUISIANA,South,2023,8,0,0,0,0,0,0,0,0,0.821111408578364,0.570767951712827,no
3671,LOUISIANA,South,2023,9,0,0,0,0,0,0,0,0,0.883730762405837,0.467995661921774,no
3672,LOUISIANA,South,2023,10,0,0,0,0,0,0,0,0,0.933550754601395,0.358445237913918,no
3673,LOUISIANA,South,2023,11,0,0,0,0,0,0,0,0,0.969849825925805,0.243703334305638,no
3674,LOUISIANA,South,2023,12,0,0,0,0,0,0,0,0,0.992102245058455,0.125431795610095,no
3675,LOUISIANA,South,2023,13,0,0,0,0,0,0,0,0,0.999985722936002,0.00534358719969101,no
3676,LOUISIANA,South,2023,14,0,0,0,0,0,0,0,0,0.99338608057027,-0.1148220141316,no
3677,LOUISIANA,South,2023,15,0,0,0,0,0,0,0,0,0.972398902739873,-0.233324610682822,no
3678,LOUISIANA,South,2023,16,0,0,0,0,0,0,0,0,0.937328153604613,-0.348447890595089,no
3679,LOUISIANA,South,2023,17,0,0,0,0,0,0,0,0,0.888681774293145,-0.458524485757508,no
3680,LOUISIANA,South,2023,18,0,0,0,0,0,0,0,0,0.827164326225506,-0.561960120844802,no
3681,LOUISIANA,South,2023,19,0,0,0,0,0,0,0,0,0.75366678671966,-0.657256703728203,no
3682,LOUISIANA,South,2023,20,0,0,0,0,0,0,0,0,0.66925364467563,-0.743034022833669,no
3683,LOUISIANA,South,2023,21,0,0,0,0,0,0,0,0,0.575147483234652,-0.818049737197468,no
3684,LOUISIANA,South,2023,22,0,0,0,0,0,0,0,0,0.472711272707723,-0.881217369696629,no
3685,LOUISIANA,South,2023,23,0,0,0,0,0,0,0,0,0.363428630230867,-0.93162204285242,no
3686,LOUISIANA,South,2023,24,0,0,0,0,0,0,0,0,0.248882332052978,-0.968533729300055,no
3687,LOUISIANA,South,2023,25,0,0,0,0,0,0,0,0,0.130731389669801,-0.991417825013754,no
3688,LOUISIANA,South,2023,26,0,0,0,0,0,0,0,0,0.0106870218179092,-0.999942892151679,no
3689,LOUISIANA,South,2023,27,0,0,0,0,0,0,0,0,-0.109512129665869,-0.99398545937858,no
3690,LOUISIANA,South,2023,28,0,0,0,0,0,0,0,1,-0.228125181162749,-0.973631810141525,yes
3691,LOUISIANA,South,2023,29,0,0,0,0,0,0,0,1,-0.343434221058743,-0.939176732998521,yes
3692,LOUISIANA,South,2023,30,0,0,0,0,0,0,0,1,-0.453769190820369,-0.891119252099419,yes
3693,LOUISIANA,South,2023,31,0,0,0,0,0,0,0,1,-0.557532072998533,-0.830155399655967,yes
3694,LOUISIANA,South,2023,32,1,0,0,0,0,0,0,0,-0.653220035837834,-0.757168135079666,no
3695,LOUISIANA,South,2023,33,0,1,0,0,1,1,1,0,-0.739447199280337,-0.673214556791863,no
3696,LOUISIANA,South,2023,34,0,0,1,0,1,1,1,0,-0.814964707119669,-0.579510591921625,no
3697,LOUISIANA,South,2023,35,0,0,0,0,1,1,1,0,-0.878678814593855,-0.477413385635487,no
3698,LOUISIANA,South,2023,36,0,0,0,1,1,1,1,0,-0.929666729448389,-0.368401645160191,no
3699,LOUISIANA,South,2023,37,0,0,0,0,0,1,1,0,-0.96718997703823,-0.254054223182352,no
3700,LOUISIANA,South,2023,38,0,0,0,0,0,1,1,0,-0.990705095897581,-0.136027250808674,no
3701,LOUISIANA,South,2023,39,0,0,0,0,0,1,1,0,-0.999871508870024,-0.0160301512775393,no
3702,LOUISIANA,South,2023,40,0,0,0,0,0,1,1,0,-0.994556455798857,0.104199118176771,no
3703,LOUISIANA,South,2023,41,0,0,0,0,0,0,0,0,-0.97483691633585,0.222919237727053,no
3704,LOUISIANA,South,2023,42,0,0,0,0,0,0,0,0,-0.940998495019784,0.338410745057692,no
3705,LOUISIANA,South,2023,43,0,0,0,0,0,0,0,0,-0.893531284772509,0.449000938899674,no
3706,LOUISIANA,South,2023,44,0,0,0,0,0,0,0,0,-0.833122768722891,0.553088105310089,no
3707,LOUISIANA,South,2023,45,0,0,0,0,0,0,0,0,-0.760647863163829,0.649164715818952,no
3708,LOUISIANA,South,2023,46,0,0,0,0,0,0,0,0,-0.677156245853474,0.735839261457031,no
3709,LOUISIANA,South,2023,47,0,0,0,0,0,0,0,0,-0.583857153188981,0.811856406435312,no
3710,LOUISIANA,South,2023,48,0,0,0,0,0,0,0,0,-0.48210186644033,0.876115169583743,no
3711,LOUISIANA,South,2023,49,0,0,0,0,0,0,0,0,-0.373364140701786,0.927684870221573,no
3712,LOUISIANA,South,2023,50,0,0,0,0,0,0,0,0,-0.25921886001492,0.965818607510005,no
3713,LOUISIANA,South,2023,51,0,0,0,0,0,0,0,0,-0.141319227808016,0.989964078061293,no
3714,LOUISIANA,South,2023,52,0,0,0,0,0,0,0,0,-0.0213728230101764,0.999771575129327,no
3715,LOUISIANA,South,2024,1,0,0,0,0,0,0,0,0,0.120128619954843,0.992758336488667,no
3716,LOUISIANA,South,2024,2,0,0,0,0,0,0,0,0,0.238517377822098,0.97113822933549,no
3717,LOUISIANA,South,2024,3,0,0,0,0,0,0,0,0,0.353451610505767,0.935452809622634,no
3718,LOUISIANA,South,2024,4,0,0,0,0,0,0,0,0,0.463266687927793,0.886218920953741,no
3719,LOUISIANA,South,2024,5,0,0,0,0,0,0,0,0,0.566372122409852,0.824149633839001,no
3720,LOUISIANA,South,2024,6,0,0,0,0,0,0,0,0,0.661274604226529,0.750143918061759,no
3721,LOUISIANA,South,2024,7,0,0,0,0,0,0,0,0,0.746599629698408,0.665273622605165,no
3722,LOUISIANA,South,2024,8,0,0,0,0,0,0,0,0,0.821111408578364,0.570767951712827,no
3723,LOUISIANA,South,2024,9,0,0,0,0,0,0,0,0,0.883730762405837,0.467995661921774,no
3724,LOUISIANA,South,2024,10,0,0,0,0,0,0,0,0,0.933550754601395,0.358445237913918,no
3725,LOUISIANA,South,2024,11,0,0,0,0,0,0,0,0,0.969849825925805,0.243703334305638,no
3726,LOUISIANA,South,2024,12,0,0,0,0,0,0,0,0,0.992102245058455,0.125431795610095,no
3727,LOUISIANA,South,2024,13,0,0,0,0,0,0,0,0,0.999985722936002,0.00534358719969101,no
3728,LOUISIANA,South,2024,14,0,0,0,0,0,0,0,0,0.99338608057027,-0.1148220141316,no
3729,LOUISIANA,South,2024,15,0,0,0,0,0,0,0,0,0.972398902739873,-0.233324610682822,no
3730,LOUISIANA,South,2024,16,0,0,0,0,0,0,0,0,0.937328153604613,-0.348447890595089,no
3731,LOUISIANA,South,2024,17,0,0,0,0,0,0,0,0,0.888681774293145,-0.458524485757508,no
3732,LOUISIANA,South,2024,18,0,0,0,0,0,0,0,0,0.827164326225506,-0.561960120844802,no
3733,LOUISIANA,South,2024,19,0,0,0,0,0,0,0,0,0.75366678671966,-0.657256703728203,no
3734,LOUISIANA,South,2024,20,0,0,0,0,0,0,0,0,0.66925364467563,-0.743034022833669,no
3735,LOUISIANA,South,2024,21,0,0,0,0,0,0,0,0,0.575147483234652,-0.818049737197468,no
3736,LOUISIANA,South,2024,22,0,0,0,0,0,0,0,0,0.472711272707723,-0.881217369696629,no
3737,LOUISIANA,South,2024,23,0,0,0,0,0,0,0,0,0.363428630230867,-0.93162204285242,no
3738,LOUISIANA,South,2024,24,0,0,0,0,0,0,0,0,0.248882332052978,-0.968533729300055,no
3739,LOUISIANA,South,2024,25,0,0,0,0,0,0,0,0,0.130731389669801,-0.991417825013754,no
3740,LOUISIANA,South,2024,26,0,0,0,0,0,0,0,0,0.0106870218179092,-0.999942892151679,no
3741,LOUISIANA,South,2024,27,0,0,0,0,0,0,0,0,-0.109512129665869,-0.99398545937858,no
3742,LOUISIANA,South,2024,28,0,0,0,0,0,0,0,0,-0.228125181162749,-0.973631810141525,no
3743,LOUISIANA,South,2024,29,0,0,0,0,0,0,0,0,-0.343434221058743,-0.939176732998521,no
3744,LOUISIANA,South,2024,30,0,0,0,0,0,0,0,0,-0.453769190820369,-0.891119252099419,no
3745,LOUISIANA,South,2024,31,0,0,0,0,0,0,0,0,-0.557532072998533,-0.830155399655967,no
3746,LOUISIANA,South,2024,32,0,0,0,0,0,0,0,0,-0.653220035837834,-0.757168135079666,no
3747,LOUISIANA,South,2024,33,0,0,0,0,0,0,0,0,-0.739447199280337,-0.673214556791863,no
3748,LOUISIANA,South,2024,34,0,0,0,0,0,0,0,0,-0.814964707119669,-0.579510591921625,no
3749,LOUISIANA,South,2024,35,0,0,0,0,0,0,0,0,-0.878678814593855,-0.477413385635487,no
3750,LOUISIANA,South,2024,36,0,0,0,0,0,0,0,0,-0.929666729448389,-0.368401645160191,no
3751,LOUISIANA,South,2024,37,0,0,0,0,0,0,0,0,-0.96718997703823,-0.254054223182352,no
3752,LOUISIANA,South,2024,38,0,0,0,0,0,0,0,0,-0.990705095897581,-0.136027250808674,no
3753,LOUISIANA,South,2024,39,0,0,0,0,0,0,0,0,-0.999871508870024,-0.0160301512775393,no
3754,LOUISIANA,South,2024,40,0,0,0,0,0,0,0,0,-0.994556455798857,0.104199118176771,no
3755,LOUISIANA,South,2024,41,0,0,0,0,0,0,0,0,-0.97483691633585,0.222919237727053,no
3756,LOUISIANA,South,2024,42,0,0,0,0,0,0,0,0,-0.940998495019784,0.338410745057692,no
3757,LOUISIANA,South,2024,43,0,0,0,0,0,0,0,0,-0.893531284772509,0.449000938899674,no
3758,LOUISIANA,South,2024,44,0,0,0,0,0,0,0,0,-0.833122768722891,0.553088105310089,no
3759,LOUISIANA,South,2024,45,0,0,0,0,0,0,0,0,-0.760647863163829,0.649164715818952,no
3760,LOUISIANA,South,2024,46,0,0,0,0,0,0,0,0,-0.677156245853474,0.735839261457031,no
3761,LOUISIANA,South,2024,47,0,0,0,0,0,0,0,0,-0.583857153188981,0.811856406435312,no
3762,LOUISIANA,South,2024,48,0,0,0,0,0,0,0,0,-0.48210186644033,0.876115169583743,no
3763,LOUISIANA,South,2024,49,0,0,0,0,0,0,0,0,-0.373364140701786,0.927684870221573,no
3764,LOUISIANA,South,2024,50,0,0,0,0,0,0,0,0,-0.25921886001492,0.965818607510005,no
3765,LOUISIANA,South,2024,51,0,0,0,0,0,0,0,0,-0.141319227808016,0.989964078061293,no
3766,LOUISIANA,South,2024,52,0,0,0,0,0,0,0,0,-0.0213728230101764,0.999771575129327,no
3767,LOUISIANA,South,2025,1,0,0,0,0,0,0,0,0,0.120128619954843,0.992758336488667,no
3768,LOUISIANA,South,2025,2,0,0,0,0,0,0,0,0,0.238517377822098,0.97113822933549,no
3769,LOUISIANA,South,2025,3,0,0,0,0,0,0,0,0,0.353451610505767,0.935452809622634,no
3770,LOUISIANA,South,2025,4,0,0,0,0,0,0,0,0,0.463266687927793,0.886218920953741,no
3771,LOUISIANA,South,2025,5,0,0,0,0,0,0,0,0,0.566372122409852,0.824149633839001,no
3772,LOUISIANA,South,2025,6,0,0,0,0,0,0,0,0,0.661274604226529,0.750143918061759,no
3773,LOUISIANA,South,2025,7,0,0,0,0,0,0,0,0,0.746599629698408,0.665273622605165,no
3774,LOUISIANA,South,2025,8,0,0,0,0,0,0,0,0,0.821111408578364,0.570767951712827,no
3775,LOUISIANA,South,2025,9,0,0,0,0,0,0,0,0,0.883730762405837,0.467995661921774,no
3776,LOUISIANA,South,2025,10,0,0,0,0,0,0,0,0,0.933550754601395,0.358445237913918,no
3777,LOUISIANA,South,2025,11,0,0,0,0,0,0,0,0,0.969849825925805,0.243703334305638,no
3778,LOUISIANA,South,2025,12,0,0,0,0,0,0,0,0,0.992102245058455,0.125431795610095,no
3779,LOUISIANA,South,2025,13,0,0,0,0,0,0,0,0,0.999985722936002,0.00534358719969101,no
3780,LOUISIANA,South,2025,14,0,0,0,0,0,0,0,0,0.99338608057027,-0.1148220141316,no
3781,LOUISIANA,South,2025,15,0,0,0,0,0,0,0,0,0.972398902739873,-0.233324610682822,no
3782,LOUISIANA,South,2025,16,0,0,0,0,0,0,0,0,0.937328153604613,-0.348447890595089,no
3783,LOUISIANA,South,2025,17,0,0,0,0,0,0,0,0,0.888681774293145,-0.458524485757508,no
3784,LOUISIANA,South,2025,18,0,0,0,0,0,0,0,0,0.827164326225506,-0.561960120844802,no
3785,LOUISIANA,South,2025,19,0,0,0,0,0,0,0,0,0.75366678671966,-0.657256703728203,no
3786,LOUISIANA,South,2025,20,0,0,0,0,0,0,0,0,0.66925364467563,-0.743034022833669,no
3787,LOUISIANA,South,2025,21,0,0,0,0,0,0,0,0,0.575147483234652,-0.818049737197468,no
3788,LOUISIANA,South,2025,22,0,0,0,0,0,0,0,0,0.472711272707723,-0.881217369696629,no
3789,LOUISIANA,South,2025,23,0,0,0,0,0,0,0,0,0.363428630230867,-0.93162204285242,no
3790,LOUISIANA,South,2025,24,0,0,0,0,0,0,0,0,0.248882332052978,-0.968533729300055,no
3791,LOUISIANA,South,2025,25,0,0,0,0,0,0,0,0,0.130731389669801,-0.991417825013754,no
3792,LOUISIANA,South,2025,26,0,0,0,0,0,0,0,0,0.0106870218179092,-0.999942892151679,no
3793,LOUISIANA,South,2025,27,0,0,0,0,0,0,0,0,-0.109512129665869,-0.99398545937858,no
3794,LOUISIANA,South,2025,28,0,0,0,0,0,0,0,0,-0.228125181162749,-0.973631810141525,no
3795,LOUISIANA,South,2025,29,0,0,0,0,0,0,0,0,-0.343434221058743,-0.939176732998521,no
3796,LOUISIANA,South,2025,30,0,0,0,0,0,0,0,1,-0.453769190820369,-0.891119252099419,yes
3797,LOUISIANA,South,2025,31,0,0,0,0,0,0,0,1,-0.557532072998533,-0.830155399655967,yes
3798,LOUISIANA,South,2025,32,0,0,0,0,0,0,0,1,-0.653220035837834,-0.757168135079666,yes
3799,LOUISIANA,South,2025,33,0,0,0,0,0,0,0,1,-0.739447199280337,-0.673214556791863,yes
3800,LOUISIANA,South,2025,34,1,0,0,0,0,0,0,0,-0.814964707119669,-0.579510591921625,no
3801,LOUISIANA,South,2025,35,0,1,0,0,1,1,1,1,-0.878678814593855,-0.477413385635487,yes
3802,LOUISIANA,South,2025,36,0,0,1,0,1,1,1,1,-0.929666729448389,-0.368401645160191,yes
3803,LOUISIANA,South,2025,37,0,0,0,0,1,1,1,1,-0.96718997703823,-0.254054223182352,yes
3804,LOUISIANA,South,2025,38,0,0,0,1,1,1,1,2,-0.990705095897581,-0.136027250808674,yes
3805,LOUISIANA,South,2025,39,1,0,0,0,0,1,1,1,-0.999871508870024,-0.0160301512775393,yes
3806,LOUISIANA,South,2025,40,0,1,0,0,1,2,2,1,-0.994556455798857,0.104199118176771,yes
3807,LOUISIANA,South,2025,41,0,0,1,0,1,2,2,1,-0.97483691633585,0.222919237727053,yes
3808,LOUISIANA,South,2025,42,1,0,0,0,1,2,2,0,-0.940998495019784,0.338410745057692,no
3809,LOUISIANA,South,2025,43,0,1,0,1,2,2,2,0,-0.893531284772509,0.449000938899674,no
3810,LOUISIANA,South,2025,44,0,0,1,0,1,2,2,0,-0.833122768722891,0.553088105310089,no
3811,LOUISIANA,South,2025,45,0,0,0,0,1,2,2,0,-0.760647863163829,0.649164715818952,no
3812,LOUISIANA,South,2025,46,0,0,0,1,1,2,2,0,-0.677156245853474,0.735839261457031,no
3813,LOUISIANA,South,2025,47,0,0,0,0,0,2,2,0,-0.583857153188981,0.811856406435312,no
3814,LOUISIANA,South,2025,48,0,0,0,0,0,1,1,0,-0.48210186644033,0.876115169583743,no
3815,LOUISIANA,South,2025,49,0,0,0,0,0,1,1,0,-0.373364140701786,0.927684870221573,no
3816,LOUISIANA,South,2025,50,0,0,0,0,0,1,1,0,-0.25921886001492,0.965818607510005,no
3817,LOUISIANA,South,2025,51,0,0,0,0,0,0,0,0,-0.141319227808016,0.989964078061293,no
3818,LOUISIANA,South,2025,52,0,0,0,0,0,0,0,0,-0.0213728230101764,0.999771575129327,no
3819,LOUISIANA,South,2025,53,0,0,0,0,0,0,0,0,0.0988831313727152,0.995099053526797,no
3820,MAINE,Northeast,2022,9,0,0,0,0,0,0,0,0,0.883730762405837,0.467995661921774,no
3821,MAINE,Northeast,2022,10,0,0,0,0,0,0,0,0,0.933550754601395,0.358445237913918,no
3822,MAINE,Northeast,2022,11,0,0,0,0,0,0,0,0,0.969849825925805,0.243703334305638,no
3823,MAINE,Northeast,2022,12,0,0,0,0,0,0,0,0,0.992102245058455,0.125431795610095,no
3824,MAINE,Northeast,2022,13,0,0,0,0,0,0,0,0,0.999985722936002,0.00534358719969101,no
3825,MAINE,Northeast,2022,14,0,0,0,0,0,0,0,0,0.99338608057027,-0.1148220141316,no
3826,MAINE,Northeast,2022,15,0,0,0,0,0,0,0,0,0.972398902739873,-0.233324610682822,no
3827,MAINE,Northeast,2022,16,0,0,0,0,0,0,0,0,0.937328153604613,-0.348447890595089,no
3828,MAINE,Northeast,2022,17,0,0,0,0,0,0,0,0,0.888681774293145,-0.458524485757508,no
3829,MAINE,Northeast,2022,18,0,0,0,0,0,0,0,0,0.827164326225506,-0.561960120844802,no
3830,MAINE,Northeast,2022,19,0,0,0,0,0,0,0,0,0.75366678671966,-0.657256703728203,no
3831,MAINE,Northeast,2022,20,0,0,0,0,0,0,0,0,0.66925364467563,-0.743034022833669,no
3832,MAINE,Northeast,2022,21,0,0,0,0,0,0,0,0,0.575147483234652,-0.818049737197468,no
3833,MAINE,Northeast,2022,22,0,0,0,0,0,0,0,0,0.472711272707723,-0.881217369696629,no
3834,MAINE,Northeast,2022,23,0,0,0,0,0,0,0,0,0.363428630230867,-0.93162204285242,no
3835,MAINE,Northeast,2022,24,0,0,0,0,0,0,0,0,0.248882332052978,-0.968533729300055,no
3836,MAINE,Northeast,2022,25,0,0,0,0,0,0,0,0,0.130731389669801,-0.991417825013754,no
3837,MAINE,Northeast,2022,26,0,0,0,0,0,0,0,0,0.0106870218179092,-0.999942892151679,no
3838,MAINE,Northeast,2022,27,0,0,0,0,0,0,0,0,-0.109512129665869,-0.99398545937858,no
3839,MAINE,Northeast,2022,28,0,0,0,0,0,0,0,0,-0.228125181162749,-0.973631810141525,no
3840,MAINE,Northeast,2022,29,0,0,0,0,0,0,0,0,-0.343434221058743,-0.939176732998521,no
3841,MAINE,Northeast,2022,30,0,0,0,0,0,0,0,0,-0.453769190820369,-0.891119252099419,no
3842,MAINE,Northeast,2022,31,0,0,0,0,0,0,0,0,-0.557532072998533,-0.830155399655967,no
3843,MAINE,Northeast,2022,32,0,0,0,0,0,0,0,0,-0.653220035837834,-0.757168135079666,no
3844,MAINE,Northeast,2022,33,0,0,0,0,0,0,0,0,-0.739447199280337,-0.673214556791863,no
3845,MAINE,Northeast,2022,34,0,0,0,0,0,0,0,0,-0.814964707119669,-0.579510591921625,no
3846,MAINE,Northeast,2022,35,0,0,0,0,0,0,0,0,-0.878678814593855,-0.477413385635487,no
3847,MAINE,Northeast,2022,36,0,0,0,0,0,0,0,0,-0.929666729448389,-0.368401645160191,no
3848,MAINE,Northeast,2022,37,0,0,0,0,0,0,0,0,-0.96718997703823,-0.254054223182352,no
3849,MAINE,Northeast,2022,38,0,0,0,0,0,0,0,0,-0.990705095897581,-0.136027250808674,no
3850,MAINE,Northeast,2022,39,0,0,0,0,0,0,0,0,-0.999871508870024,-0.0160301512775393,no
3851,MAINE,Northeast,2022,40,0,0,0,0,0,0,0,0,-0.994556455798857,0.104199118176771,no
3852,MAINE,Northeast,2022,41,0,0,0,0,0,0,0,0,-0.97483691633585,0.222919237727053,no
3853,MAINE,Northeast,2022,42,0,0,0,0,0,0,0,0,-0.940998495019784,0.338410745057692,no
3854,MAINE,Northeast,2022,43,0,0,0,0,0,0,0,0,-0.893531284772509,0.449000938899674,no
3855,MAINE,Northeast,2022,44,0,0,0,0,0,0,0,0,-0.833122768722891,0.553088105310089,no
3856,MAINE,Northeast,2022,45,0,0,0,0,0,0,0,0,-0.760647863163829,0.649164715818952,no
3857,MAINE,Northeast,2022,46,0,0,0,0,0,0,0,0,-0.677156245853474,0.735839261457031,no
3858,MAINE,Northeast,2022,47,0,0,0,0,0,0,0,0,-0.583857153188981,0.811856406435312,no
3859,MAINE,Northeast,2022,48,0,0,0,0,0,0,0,0,-0.48210186644033,0.876115169583743,no
3860,MAINE,Northeast,2022,49,0,0,0,0,0,0,0,0,-0.373364140701786,0.927684870221573,no
3861,MAINE,Northeast,2022,50,0,0,0,0,0,0,0,0,-0.25921886001492,0.965818607510005,no
3862,MAINE,Northeast,2022,51,0,0,0,0,0,0,0,0,-0.141319227808016,0.989964078061293,no
3863,MAINE,Northeast,2022,52,0,0,0,0,0,0,0,0,-0.0213728230101764,0.999771575129327,no
3864,MAINE,Northeast,2023,1,0,0,0,0,0,0,0,0,0.120128619954843,0.992758336488667,no
3865,MAINE,Northeast,2023,2,0,0,0,0,0,0,0,0,0.238517377822098,0.97113822933549,no
3866,MAINE,Northeast,2023,3,0,0,0,0,0,0,0,0,0.353451610505767,0.935452809622634,no
3867,MAINE,Northeast,2023,4,0,0,0,0,0,0,0,0,0.463266687927793,0.886218920953741,no
3868,MAINE,Northeast,2023,5,0,0,0,0,0,0,0,0,0.566372122409852,0.824149633839001,no
3869,MAINE,Northeast,2023,6,0,0,0,0,0,0,0,0,0.661274604226529,0.750143918061759,no
3870,MAINE,Northeast,2023,7,0,0,0,0,0,0,0,0,0.746599629698408,0.665273622605165,no
3871,MAINE,Northeast,2023,8,0,0,0,0,0,0,0,0,0.821111408578364,0.570767951712827,no
3872,MAINE,Northeast,2023,9,0,0,0,0,0,0,0,0,0.883730762405837,0.467995661921774,no
3873,MAINE,Northeast,2023,10,0,0,0,0,0,0,0,0,0.933550754601395,0.358445237913918,no
3874,MAINE,Northeast,2023,11,0,0,0,0,0,0,0,0,0.969849825925805,0.243703334305638,no
3875,MAINE,Northeast,2023,12,0,0,0,0,0,0,0,0,0.992102245058455,0.125431795610095,no
3876,MAINE,Northeast,2023,13,0,0,0,0,0,0,0,0,0.999985722936002,0.00534358719969101,no
3877,MAINE,Northeast,2023,14,0,0,0,0,0,0,0,0,0.99338608057027,-0.1148220141316,no
3878,MAINE,Northeast,2023,15,0,0,0,0,0,0,0,0,0.972398902739873,-0.233324610682822,no
3879,MAINE,Northeast,2023,16,0,0,0,0,0,0,0,0,0.937328153604613,-0.348447890595089,no
3880,MAINE,Northeast,2023,17,0,0,0,0,0,0,0,0,0.888681774293145,-0.458524485757508,no
3881,MAINE,Northeast,2023,18,0,0,0,0,0,0,0,0,0.827164326225506,-0.561960120844802,no
3882,MAINE,Northeast,2023,19,0,0,0,0,0,0,0,0,0.75366678671966,-0.657256703728203,no
3883,MAINE,Northeast,2023,20,0,0,0,0,0,0,0,0,0.66925364467563,-0.743034022833669,no
3884,MAINE,Northeast,2023,21,0,0,0,0,0,0,0,0,0.575147483234652,-0.818049737197468,no
3885,MAINE,Northeast,2023,22,0,0,0,0,0,0,0,0,0.472711272707723,-0.881217369696629,no
3886,MAINE,Northeast,2023,23,0,0,0,0,0,0,0,0,0.363428630230867,-0.93162204285242,no
3887,MAINE,Northeast,2023,24,0,0,0,0,0,0,0,0,0.248882332052978,-0.968533729300055,no
3888,MAINE,Northeast,2023,25,0,0,0,0,0,0,0,0,0.130731389669801,-0.991417825013754,no
3889,MAINE,Northeast,2023,26,0,0,0,0,0,0,0,0,0.0106870218179092,-0.999942892151679,no
3890,MAINE,Northeast,2023,27,0,0,0,0,0,0,0,0,-0.109512129665869,-0.99398545937858,no
3891,MAINE,Northeast,2023,28,0,0,0,0,0,0,0,0,-0.228125181162749,-0.973631810141525,no
3892,MAINE,Northeast,2023,29,0,0,0,0,0,0,0,0,-0.343434221058743,-0.939176732998521,no
3893,MAINE,Northeast,2023,30,0,0,0,0,0,0,0,0,-0.453769190820369,-0.891119252099419,no
3894,MAINE,Northeast,2023,31,0,0,0,0,0,0,0,0,-0.557532072998533,-0.830155399655967,no
3895,MAINE,Northeast,2023,32,0,0,0,0,0,0,0,0,-0.653220035837834,-0.757168135079666,no
3896,MAINE,Northeast,2023,33,0,0,0,0,0,0,0,0,-0.739447199280337,-0.673214556791863,no
3897,MAINE,Northeast,2023,34,0,0,0,0,0,0,0,0,-0.814964707119669,-0.579510591921625,no
3898,MAINE,Northeast,2023,35,0,0,0,0,0,0,0,0,-0.878678814593855,-0.477413385635487,no
3899,MAINE,Northeast,2023,36,0,0,0,0,0,0,0,0,-0.929666729448389,-0.368401645160191,no
3900,MAINE,Northeast,2023,37,0,0,0,0,0,0,0,0,-0.96718997703823,-0.254054223182352,no
3901,MAINE,Northeast,2023,38,0,0,0,0,0,0,0,0,-0.990705095897581,-0.136027250808674,no
3902,MAINE,Northeast,2023,39,0,0,0,0,0,0,0,0,-0.999871508870024,-0.0160301512775393,no
3903,MAINE,Northeast,2023,40,0,0,0,0,0,0,0,0,-0.994556455798857,0.104199118176771,no
3904,MAINE,Northeast,2023,41,0,0,0,0,0,0,0,0,-0.97483691633585,0.222919237727053,no
3905,MAINE,Northeast,2023,42,0,0,0,0,0,0,0,0,-0.940998495019784,0.338410745057692,no
3906,MAINE,Northeast,2023,43,0,0,0,0,0,0,0,0,-0.893531284772509,0.449000938899674,no
3907,MAINE,Northeast,2023,44,0,0,0,0,0,0,0,0,-0.833122768722891,0.553088105310089,no
3908,MAINE,Northeast,2023,45,0,0,0,0,0,0,0,0,-0.760647863163829,0.649164715818952,no
3909,MAINE,Northeast,2023,46,0,0,0,0,0,0,0,0,-0.677156245853474,0.735839261457031,no
3910,MAINE,Northeast,2023,47,0,0,0,0,0,0,0,0,-0.583857153188981,0.811856406435312,no
3911,MAINE,Northeast,2023,48,0,0,0,0,0,0,0,0,-0.48210186644033,0.876115169583743,no
3912,MAINE,Northeast,2023,49,0,0,0,0,0,0,0,0,-0.373364140701786,0.927684870221573,no
3913,MAINE,Northeast,2023,50,0,0,0,0,0,0,0,0,-0.25921886001492,0.965818607510005,no
3914,MAINE,Northeast,2023,51,0,0,0,0,0,0,0,0,-0.141319227808016,0.989964078061293,no
3915,MAINE,Northeast,2023,52,0,0,0,0,0,0,0,0,-0.0213728230101764,0.999771575129327,no
3916,MAINE,Northeast,2024,1,0,0,0,0,0,0,0,0,0.120128619954843,0.992758336488667,no
3917,MAINE,Northeast,2024,2,0,0,0,0,0,0,0,0,0.238517377822098,0.97113822933549,no
3918,MAINE,Northeast,2024,3,0,0,0,0,0,0,0,0,0.353451610505767,0.935452809622634,no
3919,MAINE,Northeast,2024,4,0,0,0,0,0,0,0,0,0.463266687927793,0.886218920953741,no
3920,MAINE,Northeast,2024,5,0,0,0,0,0,0,0,0,0.566372122409852,0.824149633839001,no
3921,MAINE,Northeast,2024,6,0,0,0,0,0,0,0,0,0.661274604226529,0.750143918061759,no
3922,MAINE,Northeast,2024,7,0,0,0,0,0,0,0,0,0.746599629698408,0.665273622605165,no
3923,MAINE,Northeast,2024,8,0,0,0,0,0,0,0,0,0.821111408578364,0.570767951712827,no
3924,MAINE,Northeast,2024,9,0,0,0,0,0,0,0,0,0.883730762405837,0.467995661921774,no
3925,MAINE,Northeast,2024,10,0,0,0,0,0,0,0,0,0.933550754601395,0.358445237913918,no
3926,MAINE,Northeast,2024,11,0,0,0,0,0,0,0,0,0.969849825925805,0.243703334305638,no
3927,MAINE,Northeast,2024,12,0,0,0,0,0,0,0,0,0.992102245058455,0.125431795610095,no
3928,MAINE,Northeast,2024,13,0,0,0,0,0,0,0,0,0.999985722936002,0.00534358719969101,no
3929,MAINE,Northeast,2024,14,0,0,0,0,0,0,0,0,0.99338608057027,-0.1148220141316,no
3930,MAINE,Northeast,2024,15,0,0,0,0,0,0,0,0,0.972398902739873,-0.233324610682822,no
3931,MAINE,Northeast,2024,16,0,0,0,0,0,0,0,0,0.937328153604613,-0.348447890595089,no
3932,MAINE,Northeast,2024,17,0,0,0,0,0,0,0,0,0.888681774293145,-0.458524485757508,no
3933,MAINE,Northeast,2024,18,0,0,0,0,0,0,0,0,0.827164326225506,-0.561960120844802,no
3934,MAINE,Northeast,2024,19,0,0,0,0,0,0,0,0,0.75366678671966,-0.657256703728203,no
3935,MAINE,Northeast,2024,20,0,0,0,0,0,0,0,0,0.66925364467563,-0.743034022833669,no
3936,MAINE,Northeast,2024,21,0,0,0,0,0,0,0,0,0.575147483234652,-0.818049737197468,no
3937,MAINE,Northeast,2024,22,0,0,0,0,0,0,0,0,0.472711272707723,-0.881217369696629,no
3938,MAINE,Northeast,2024,23,0,0,0,0,0,0,0,0,0.363428630230867,-0.93162204285242,no
3939,MAINE,Northeast,2024,24,0,0,0,0,0,0,0,0,0.248882332052978,-0.968533729300055,no
3940,MAINE,Northeast,2024,25,0,0,0,0,0,0,0,0,0.130731389669801,-0.991417825013754,no
3941,MAINE,Northeast,2024,26,0,0,0,0,0,0,0,0,0.0106870218179092,-0.999942892151679,no
3942,MAINE,Northeast,2024,27,0,0,0,0,0,0,0,0,-0.109512129665869,-0.99398545937858,no
3943,MAINE,Northeast,2024,28,0,0,0,0,0,0,0,0,-0.228125181162749,-0.973631810141525,no
3944,MAINE,Northeast,2024,29,0,0,0,0,0,0,0,0,-0.343434221058743,-0.939176732998521,no
3945,MAINE,Northeast,2024,30,0,0,0,0,0,0,0,0,-0.453769190820369,-0.891119252099419,no
3946,MAINE,Northeast,2024,31,0,0,0,0,0,0,0,0,-0.557532072998533,-0.830155399655967,no
3947,MAINE,Northeast,2024,32,0,0,0,0,0,0,0,0,-0.653220035837834,-0.757168135079666,no
3948,MAINE,Northeast,2024,33,0,0,0,0,0,0,0,0,-0.739447199280337,-0.673214556791863,no
3949,MAINE,Northeast,2024,34,0,0,0,0,0,0,0,0,-0.814964707119669,-0.579510591921625,no
3950,MAINE,Northeast,2024,35,0,0,0,0,0,0,0,0,-0.878678814593855,-0.477413385635487,no
3951,MAINE,Northeast,2024,36,0,0,0,0,0,0,0,0,-0.929666729448389,-0.368401645160191,no
3952,MAINE,Northeast,2024,37,0,0,0,0,0,0,0,0,-0.96718997703823,-0.254054223182352,no
3953,MAINE,Northeast,2024,38,0,0,0,0,0,0,0,0,-0.990705095897581,-0.136027250808674,no
3954,MAINE,Northeast,2024,39,0,0,0,0,0,0,0,0,-0.999871508870024,-0.0160301512775393,no
3955,MAINE,Northeast,2024,40,0,0,0,0,0,0,0,0,-0.994556455798857,0.104199118176771,no
3956,MAINE,Northeast,2024,41,0,0,0,0,0,0,0,0,-0.97483691633585,0.222919237727053,no
3957,MAINE,Northeast,2024,42,0,0,0,0,0,0,0,0,-0.940998495019784,0.338410745057692,no
3958,MAINE,Northeast,2024,43,0,0,0,0,0,0,0,0,-0.893531284772509,0.449000938899674,no
3959,MAINE,Northeast,2024,44,0,0,0,0,0,0,0,0,-0.833122768722891,0.553088105310089,no
3960,MAINE,Northeast,2024,45,0,0,0,0,0,0,0,0,-0.760647863163829,0.649164715818952,no
3961,MAINE,Northeast,2024,46,0,0,0,0,0,0,0,0,-0.677156245853474,0.735839261457031,no
3962,MAINE,Northeast,2024,47,0,0,0,0,0,0,0,0,-0.583857153188981,0.811856406435312,no
3963,MAINE,Northeast,2024,48,0,0,0,0,0,0,0,0,-0.48210186644033,0.876115169583743,no
3964,MAINE,Northeast,2024,49,0,0,0,0,0,0,0,0,-0.373364140701786,0.927684870221573,no
3965,MAINE,Northeast,2024,50,0,0,0,0,0,0,0,0,-0.25921886001492,0.965818607510005,no
3966,MAINE,Northeast,2024,51,0,0,0,0,0,0,0,0,-0.141319227808016,0.989964078061293,no
3967,MAINE,Northeast,2024,52,0,0,0,0,0,0,0,0,-0.0213728230101764,0.999771575129327,no
3968,MAINE,Northeast,2025,1,0,0,0,0,0,0,0,0,0.120128619954843,0.992758336488667,no
3969,MAINE,Northeast,2025,2,0,0,0,0,0,0,0,0,0.238517377822098,0.97113822933549,no
3970,MAINE,Northeast,2025,3,0,0,0,0,0,0,0,0,0.353451610505767,0.935452809622634,no
3971,MAINE,Northeast,2025,4,0,0,0,0,0,0,0,0,0.463266687927793,0.886218920953741,no
3972,MAINE,Northeast,2025,5,0,0,0,0,0,0,0,0,0.566372122409852,0.824149633839001,no
3973,MAINE,Northeast,2025,6,0,0,0,0,0,0,0,0,0.661274604226529,0.750143918061759,no
3974,MAINE,Northeast,2025,7,0,0,0,0,0,0,0,0,0.746599629698408,0.665273622605165,no
3975,MAINE,Northeast,2025,8,0,0,0,0,0,0,0,0,0.821111408578364,0.570767951712827,no
3976,MAINE,Northeast,2025,9,0,0,0,0,0,0,0,0,0.883730762405837,0.467995661921774,no
3977,MAINE,Northeast,2025,10,0,0,0,0,0,0,0,0,0.933550754601395,0.358445237913918,no
3978,MAINE,Northeast,2025,11,0,0,0,0,0,0,0,0,0.969849825925805,0.243703334305638,no
3979,MAINE,Northeast,2025,12,0,0,0,0,0,0,0,0,0.992102245058455,0.125431795610095,no
3980,MAINE,Northeast,2025,13,0,0,0,0,0,0,0,0,0.999985722936002,0.00534358719969101,no
3981,MAINE,Northeast,2025,14,0,0,0,0,0,0,0,0,0.99338608057027,-0.1148220141316,no
3982,MAINE,Northeast,2025,15,0,0,0,0,0,0,0,0,0.972398902739873,-0.233324610682822,no
3983,MAINE,Northeast,2025,16,0,0,0,0,0,0,0,0,0.937328153604613,-0.348447890595089,no
3984,MAINE,Northeast,2025,17,0,0,0,0,0,0,0,0,0.888681774293145,-0.458524485757508,no
3985,MAINE,Northeast,2025,18,0,0,0,0,0,0,0,0,0.827164326225506,-0.561960120844802,no
3986,MAINE,Northeast,2025,19,0,0,0,0,0,0,0,0,0.75366678671966,-0.657256703728203,no
3987,MAINE,Northeast,2025,20,0,0,0,0,0,0,0,0,0.66925364467563,-0.743034022833669,no
3988,MAINE,Northeast,2025,21,0,0,0,0,0,0,0,0,0.575147483234652,-0.818049737197468,no
3989,MAINE,Northeast,2025,22,0,0,0,0,0,0,0,0,0.472711272707723,-0.881217369696629,no
3990,MAINE,Northeast,2025,23,0,0,0,0,0,0,0,0,0.363428630230867,-0.93162204285242,no
3991,MAINE,Northeast,2025,24,0,0,0,0,0,0,0,0,0.248882332052978,-0.968533729300055,no
3992,MAINE,Northeast,2025,25,0,0,0,0,0,0,0,0,0.130731389669801,-0.991417825013754,no
3993,MAINE,Northeast,2025,26,0,0,0,0,0,0,0,0,0.0106870218179092,-0.999942892151679,no
3994,MAINE,Northeast,2025,27,0,0,0,0,0,0,0,0,-0.109512129665869,-0.99398545937858,no
3995,MAINE,Northeast,2025,28,0,0,0,0,0,0,0,0,-0.228125181162749,-0.973631810141525,no
3996,MAINE,Northeast,2025,29,0,0,0,0,0,0,0,0,-0.343434221058743,-0.939176732998521,no
3997,MAINE,Northeast,2025,30,0,0,0,0,0,0,0,0,-0.453769190820369,-0.891119252099419,no
3998,MAINE,Northeast,2025,31,0,0,0,0,0,0,0,0,-0.557532072998533,-0.830155399655967,no
3999,MAINE,Northeast,2025,32,0,0,0,0,0,0,0,0,-0.653220035837834,-0.757168135079666,no
4000,MAINE,Northeast,2025,33,0,0,0,0,0,0,0,0,-0.739447199280337,-0.673214556791863,no
4001,MAINE,Northeast,2025,34,0,0,0,0,0,0,0,0,-0.814964707119669,-0.579510591921625,no
4002,MAINE,Northeast,2025,35,0,0,0,0,0,0,0,0,-0.878678814593855,-0.477413385635487,no
4003,MAINE,Northeast,2025,36,0,0,0,0,0,0,0,0,-0.929666729448389,-0.368401645160191,no
4004,MAINE,Northeast,2025,37,0,0,0,0,0,0,0,0,-0.96718997703823,-0.254054223182352,no
4005,MAINE,Northeast,2025,38,0,0,0,0,0,0,0,0,-0.990705095897581,-0.136027250808674,no
4006,MAINE,Northeast,2025,39,0,0,0,0,0,0,0,0,-0.999871508870024,-0.0160301512775393,no
4007,MAINE,Northeast,2025,40,0,0,0,0,0,0,0,0,-0.994556455798857,0.104199118176771,no
4008,MAINE,Northeast,2025,41,0,0,0,0,0,0,0,0,-0.97483691633585,0.222919237727053,no
4009,MAINE,Northeast,2025,42,0,0,0,0,0,0,0,0,-0.940998495019784,0.338410745057692,no
4010,MAINE,Northeast,2025,43,0,0,0,0,0,0,0,0,-0.893531284772509,0.449000938899674,no
4011,MAINE,Northeast,2025,44,0,0,0,0,0,0,0,0,-0.833122768722891,0.553088105310089,no
4012,MAINE,Northeast,2025,45,0,0,0,0,0,0,0,0,-0.760647863163829,0.649164715818952,no
4013,MAINE,Northeast,2025,46,0,0,0,0,0,0,0,0,-0.677156245853474,0.735839261457031,no
4014,MAINE,Northeast,2025,47,0,0,0,0,0,0,0,0,-0.583857153188981,0.811856406435312,no
4015,MAINE,Northeast,2025,48,0,0,0,0,0,0,0,0,-0.48210186644033,0.876115169583743,no
4016,MAINE,Northeast,2025,49,0,0,0,0,0,0,0,0,-0.373364140701786,0.927684870221573,no
4017,MAINE,Northeast,2025,50,0,0,0,0,0,0,0,0,-0.25921886001492,0.965818607510005,no
4018,MAINE,Northeast,2025,51,0,0,0,0,0,0,0,0,-0.141319227808016,0.989964078061293,no
4019,MAINE,Northeast,2025,52,0,0,0,0,0,0,0,0,-0.0213728230101764,0.999771575129327,no
4020,MAINE,Northeast,2025,53,0,0,0,0,0,0,0,0,0.0988831313727152,0.995099053526797,no
4021,MARYLAND,South,2022,9,0,0,0,0,0,0,0,0,0.883730762405837,0.467995661921774,no
4022,MARYLAND,South,2022,10,0,0,0,0,0,0,0,0,0.933550754601395,0.358445237913918,no
4023,MARYLAND,South,2022,11,0,0,0,0,0,0,0,0,0.969849825925805,0.243703334305638,no
4024,MARYLAND,South,2022,12,0,0,0,0,0,0,0,0,0.992102245058455,0.125431795610095,no
4025,MARYLAND,South,2022,13,0,0,0,0,0,0,0,0,0.999985722936002,0.00534358719969101,no
4026,MARYLAND,South,2022,14,0,0,0,0,0,0,0,0,0.99338608057027,-0.1148220141316,no
4027,MARYLAND,South,2022,15,0,0,0,0,0,0,0,0,0.972398902739873,-0.233324610682822,no
4028,MARYLAND,South,2022,16,0,0,0,0,0,0,0,0,0.937328153604613,-0.348447890595089,no
4029,MARYLAND,South,2022,17,0,0,0,0,0,0,0,0,0.888681774293145,-0.458524485757508,no
4030,MARYLAND,South,2022,18,0,0,0,0,0,0,0,0,0.827164326225506,-0.561960120844802,no
4031,MARYLAND,South,2022,19,0,0,0,0,0,0,0,0,0.75366678671966,-0.657256703728203,no
4032,MARYLAND,South,2022,20,0,0,0,0,0,0,0,0,0.66925364467563,-0.743034022833669,no
4033,MARYLAND,South,2022,21,0,0,0,0,0,0,0,0,0.575147483234652,-0.818049737197468,no
4034,MARYLAND,South,2022,22,0,0,0,0,0,0,0,0,0.472711272707723,-0.881217369696629,no
4035,MARYLAND,South,2022,23,0,0,0,0,0,0,0,0,0.363428630230867,-0.93162204285242,no
4036,MARYLAND,South,2022,24,0,0,0,0,0,0,0,0,0.248882332052978,-0.968533729300055,no
4037,MARYLAND,South,2022,25,0,0,0,0,0,0,0,0,0.130731389669801,-0.991417825013754,no
4038,MARYLAND,South,2022,26,0,0,0,0,0,0,0,0,0.0106870218179092,-0.999942892151679,no
4039,MARYLAND,South,2022,27,0,0,0,0,0,0,0,0,-0.109512129665869,-0.99398545937858,no
4040,MARYLAND,South,2022,28,0,0,0,0,0,0,0,0,-0.228125181162749,-0.973631810141525,no
4041,MARYLAND,South,2022,29,0,0,0,0,0,0,0,0,-0.343434221058743,-0.939176732998521,no
4042,MARYLAND,South,2022,30,0,0,0,0,0,0,0,0,-0.453769190820369,-0.891119252099419,no
4043,MARYLAND,South,2022,31,0,0,0,0,0,0,0,0,-0.557532072998533,-0.830155399655967,no
4044,MARYLAND,South,2022,32,0,0,0,0,0,0,0,0,-0.653220035837834,-0.757168135079666,no
4045,MARYLAND,South,2022,33,0,0,0,0,0,0,0,0,-0.739447199280337,-0.673214556791863,no
4046,MARYLAND,South,2022,34,0,0,0,0,0,0,0,0,-0.814964707119669,-0.579510591921625,no
4047,MARYLAND,South,2022,35,0,0,0,0,0,0,0,0,-0.878678814593855,-0.477413385635487,no
4048,MARYLAND,South,2022,36,0,0,0,0,0,0,0,0,-0.929666729448389,-0.368401645160191,no
4049,MARYLAND,South,2022,37,0,0,0,0,0,0,0,1,-0.96718997703823,-0.254054223182352,yes
4050,MARYLAND,South,2022,38,0,0,0,0,0,0,0,1,-0.990705095897581,-0.136027250808674,yes
4051,MARYLAND,South,2022,39,0,0,0,0,0,0,0,1,-0.999871508870024,-0.0160301512775393,yes
4052,MARYLAND,South,2022,40,0,0,0,0,0,0,0,1,-0.994556455798857,0.104199118176771,yes
4053,MARYLAND,South,2022,41,1,0,0,0,0,0,0,0,-0.97483691633585,0.222919237727053,no
4054,MARYLAND,South,2022,42,0,1,0,0,1,1,1,0,-0.940998495019784,0.338410745057692,no
4055,MARYLAND,South,2022,43,0,0,1,0,1,1,1,0,-0.893531284772509,0.449000938899674,no
4056,MARYLAND,South,2022,44,0,0,0,0,1,1,1,0,-0.833122768722891,0.553088105310089,no
4057,MARYLAND,South,2022,45,0,0,0,1,1,1,1,0,-0.760647863163829,0.649164715818952,no
4058,MARYLAND,South,2022,46,0,0,0,0,0,1,1,0,-0.677156245853474,0.735839261457031,no
4059,MARYLAND,South,2022,47,0,0,0,0,0,1,1,0,-0.583857153188981,0.811856406435312,no
4060,MARYLAND,South,2022,48,0,0,0,0,0,1,1,0,-0.48210186644033,0.876115169583743,no
4061,MARYLAND,South,2022,49,0,0,0,0,0,1,1,0,-0.373364140701786,0.927684870221573,no
4062,MARYLAND,South,2022,50,0,0,0,0,0,0,0,0,-0.25921886001492,0.965818607510005,no
4063,MARYLAND,South,2022,51,0,0,0,0,0,0,0,0,-0.141319227808016,0.989964078061293,no
4064,MARYLAND,South,2022,52,0,0,0,0,0,0,0,1,-0.0213728230101764,0.999771575129327,yes
4065,MARYLAND,South,2023,1,0,0,0,0,0,0,0,1,0.120128619954843,0.992758336488667,yes
4066,MARYLAND,South,2023,2,0,0,0,0,0,0,0,1,0.238517377822098,0.97113822933549,yes
4067,MARYLAND,South,2023,3,0,0,0,0,0,0,0,1,0.353451610505767,0.935452809622634,yes
4068,MARYLAND,South,2023,4,1,0,0,0,0,0,0,0,0.463266687927793,0.886218920953741,no
4069,MARYLAND,South,2023,5,0,1,0,0,1,1,1,0,0.566372122409852,0.824149633839001,no
4070,MARYLAND,South,2023,6,0,0,1,0,1,1,1,0,0.661274604226529,0.750143918061759,no
4071,MARYLAND,South,2023,7,0,0,0,0,1,1,1,0,0.746599629698408,0.665273622605165,no
4072,MARYLAND,South,2023,8,0,0,0,1,1,1,1,0,0.821111408578364,0.570767951712827,no
4073,MARYLAND,South,2023,9,0,0,0,0,0,1,1,0,0.883730762405837,0.467995661921774,no
4074,MARYLAND,South,2023,10,0,0,0,0,0,1,1,0,0.933550754601395,0.358445237913918,no
4075,MARYLAND,South,2023,11,0,0,0,0,0,1,1,0,0.969849825925805,0.243703334305638,no
4076,MARYLAND,South,2023,12,0,0,0,0,0,1,1,0,0.992102245058455,0.125431795610095,no
4077,MARYLAND,South,2023,13,0,0,0,0,0,0,0,0,0.999985722936002,0.00534358719969101,no
4078,MARYLAND,South,2023,14,0,0,0,0,0,0,0,0,0.99338608057027,-0.1148220141316,no
4079,MARYLAND,South,2023,15,0,0,0,0,0,0,0,0,0.972398902739873,-0.233324610682822,no
4080,MARYLAND,South,2023,16,0,0,0,0,0,0,0,0,0.937328153604613,-0.348447890595089,no
4081,MARYLAND,South,2023,17,0,0,0,0,0,0,0,0,0.888681774293145,-0.458524485757508,no
4082,MARYLAND,South,2023,18,0,0,0,0,0,0,0,0,0.827164326225506,-0.561960120844802,no
4083,MARYLAND,South,2023,19,0,0,0,0,0,0,0,0,0.75366678671966,-0.657256703728203,no
4084,MARYLAND,South,2023,20,0,0,0,0,0,0,0,0,0.66925364467563,-0.743034022833669,no
4085,MARYLAND,South,2023,21,0,0,0,0,0,0,0,0,0.575147483234652,-0.818049737197468,no
4086,MARYLAND,South,2023,22,0,0,0,0,0,0,0,0,0.472711272707723,-0.881217369696629,no
4087,MARYLAND,South,2023,23,0,0,0,0,0,0,0,0,0.363428630230867,-0.93162204285242,no
4088,MARYLAND,South,2023,24,0,0,0,0,0,0,0,0,0.248882332052978,-0.968533729300055,no
4089,MARYLAND,South,2023,25,0,0,0,0,0,0,0,0,0.130731389669801,-0.991417825013754,no
4090,MARYLAND,South,2023,26,0,0,0,0,0,0,0,0,0.0106870218179092,-0.999942892151679,no
4091,MARYLAND,South,2023,27,0,0,0,0,0,0,0,0,-0.109512129665869,-0.99398545937858,no
4092,MARYLAND,South,2023,28,0,0,0,0,0,0,0,1,-0.228125181162749,-0.973631810141525,yes
4093,MARYLAND,South,2023,29,0,0,0,0,0,0,0,2,-0.343434221058743,-0.939176732998521,yes
4094,MARYLAND,South,2023,30,0,0,0,0,0,0,0,2,-0.453769190820369,-0.891119252099419,yes
4095,MARYLAND,South,2023,31,0,0,0,0,0,0,0,4,-0.557532072998533,-0.830155399655967,yes
4096,MARYLAND,South,2023,32,1,0,0,0,0,0,0,3,-0.653220035837834,-0.757168135079666,yes
4097,MARYLAND,South,2023,33,1,1,0,0,1,1,1,3,-0.739447199280337,-0.673214556791863,yes
4098,MARYLAND,South,2023,34,0,1,1,0,2,2,2,3,-0.814964707119669,-0.579510591921625,yes
4099,MARYLAND,South,2023,35,2,0,1,0,2,2,2,1,-0.878678814593855,-0.477413385635487,yes
4100,MARYLAND,South,2023,36,0,2,0,1,4,4,3,1,-0.929666729448389,-0.368401645160191,yes
4101,MARYLAND,South,2023,37,1,0,2,1,3,4,3,2,-0.96718997703823,-0.254054223182352,yes
4102,MARYLAND,South,2023,38,0,1,0,0,3,5,4,2,-0.990705095897581,-0.136027250808674,yes
4103,MARYLAND,South,2023,39,0,0,1,2,3,5,4,2,-0.999871508870024,-0.0160301512775393,yes
4104,MARYLAND,South,2023,40,0,0,0,0,1,5,4,2,-0.994556455798857,0.104199118176771,yes
4105,MARYLAND,South,2023,41,2,0,0,1,1,4,3,0,-0.97483691633585,0.222919237727053,no
4106,MARYLAND,South,2023,42,0,2,0,0,2,5,3,0,-0.940998495019784,0.338410745057692,no
4107,MARYLAND,South,2023,43,0,0,2,0,2,5,3,1,-0.893531284772509,0.449000938899674,yes
4108,MARYLAND,South,2023,44,0,0,0,0,2,3,2,1,-0.833122768722891,0.553088105310089,yes
4109,MARYLAND,South,2023,45,0,0,0,2,2,3,2,1,-0.760647863163829,0.649164715818952,yes
4110,MARYLAND,South,2023,46,0,0,0,0,0,2,1,1,-0.677156245853474,0.735839261457031,yes
4111,MARYLAND,South,2023,47,1,0,0,0,0,2,1,0,-0.583857153188981,0.811856406435312,no
4112,MARYLAND,South,2023,48,0,1,0,0,1,3,2,0,-0.48210186644033,0.876115169583743,no
4113,MARYLAND,South,2023,49,0,0,1,0,1,3,2,0,-0.373364140701786,0.927684870221573,no
4114,MARYLAND,South,2023,50,0,0,0,0,1,1,1,0,-0.25921886001492,0.965818607510005,no
4115,MARYLAND,South,2023,51,0,0,0,1,1,1,1,0,-0.141319227808016,0.989964078061293,no
4116,MARYLAND,South,2023,52,0,0,0,0,0,1,1,0,-0.0213728230101764,0.999771575129327,no
4117,MARYLAND,South,2024,1,0,0,0,0,0,1,1,0,0.120128619954843,0.992758336488667,no
4118,MARYLAND,South,2024,2,0,0,0,0,0,1,1,0,0.238517377822098,0.97113822933549,no
4119,MARYLAND,South,2024,3,0,0,0,0,0,1,1,0,0.353451610505767,0.935452809622634,no
4120,MARYLAND,South,2024,4,0,0,0,0,0,0,0,0,0.463266687927793,0.886218920953741,no
4121,MARYLAND,South,2024,5,0,0,0,0,0,0,0,0,0.566372122409852,0.824149633839001,no
4122,MARYLAND,South,2024,6,0,0,0,0,0,0,0,0,0.661274604226529,0.750143918061759,no
4123,MARYLAND,South,2024,7,0,0,0,0,0,0,0,0,0.746599629698408,0.665273622605165,no
4124,MARYLAND,South,2024,8,0,0,0,0,0,0,0,0,0.821111408578364,0.570767951712827,no
4125,MARYLAND,South,2024,9,0,0,0,0,0,0,0,0,0.883730762405837,0.467995661921774,no
4126,MARYLAND,South,2024,10,0,0,0,0,0,0,0,0,0.933550754601395,0.358445237913918,no
4127,MARYLAND,South,2024,11,0,0,0,0,0,0,0,0,0.969849825925805,0.243703334305638,no
4128,MARYLAND,South,2024,12,0,0,0,0,0,0,0,0,0.992102245058455,0.125431795610095,no
4129,MARYLAND,South,2024,13,0,0,0,0,0,0,0,1,0.999985722936002,0.00534358719969101,yes
4130,MARYLAND,South,2024,14,0,0,0,0,0,0,0,1,0.99338608057027,-0.1148220141316,yes
4131,MARYLAND,South,2024,15,0,0,0,0,0,0,0,1,0.972398902739873,-0.233324610682822,yes
4132,MARYLAND,South,2024,16,0,0,0,0,0,0,0,1,0.937328153604613,-0.348447890595089,yes
4133,MARYLAND,South,2024,17,1,0,0,0,0,0,0,0,0.888681774293145,-0.458524485757508,no
4134,MARYLAND,South,2024,18,0,1,0,0,1,1,1,0,0.827164326225506,-0.561960120844802,no
4135,MARYLAND,South,2024,19,0,0,1,0,1,1,1,0,0.75366678671966,-0.657256703728203,no
4136,MARYLAND,South,2024,20,0,0,0,0,1,1,1,0,0.66925364467563,-0.743034022833669,no
4137,MARYLAND,South,2024,21,0,0,0,1,1,1,1,0,0.575147483234652,-0.818049737197468,no
4138,MARYLAND,South,2024,22,0,0,0,0,0,1,1,0,0.472711272707723,-0.881217369696629,no
4139,MARYLAND,South,2024,23,0,0,0,0,0,1,1,0,0.363428630230867,-0.93162204285242,no
4140,MARYLAND,South,2024,24,0,0,0,0,0,1,1,1,0.248882332052978,-0.968533729300055,yes
4141,MARYLAND,South,2024,25,0,0,0,0,0,1,1,1,0.130731389669801,-0.991417825013754,yes
4142,MARYLAND,South,2024,26,0,0,0,0,0,0,0,1,0.0106870218179092,-0.999942892151679,yes
4143,MARYLAND,South,2024,27,0,0,0,0,0,0,0,1,-0.109512129665869,-0.99398545937858,yes
4144,MARYLAND,South,2024,28,1,0,0,0,0,0,0,0,-0.228125181162749,-0.973631810141525,no
4145,MARYLAND,South,2024,29,0,1,0,0,1,1,1,0,-0.343434221058743,-0.939176732998521,no
4146,MARYLAND,South,2024,30,0,0,1,0,1,1,1,2,-0.453769190820369,-0.891119252099419,yes
4147,MARYLAND,South,2024,31,0,0,0,0,1,1,1,3,-0.557532072998533,-0.830155399655967,yes
4148,MARYLAND,South,2024,32,0,0,0,1,1,1,1,5,-0.653220035837834,-0.757168135079666,yes
4149,MARYLAND,South,2024,33,0,0,0,0,0,1,1,7,-0.739447199280337,-0.673214556791863,yes
4150,MARYLAND,South,2024,34,2,0,0,0,0,1,1,7,-0.814964707119669,-0.579510591921625,yes
4151,MARYLAND,South,2024,35,1,2,0,0,2,3,2,7,-0.878678814593855,-0.477413385635487,yes
4152,MARYLAND,South,2024,36,2,1,2,0,3,4,3,7,-0.929666729448389,-0.368401645160191,yes
4153,MARYLAND,South,2024,37,2,2,1,0,5,5,3,5,-0.96718997703823,-0.254054223182352,yes
4154,MARYLAND,South,2024,38,2,2,2,2,7,7,4,3,-0.990705095897581,-0.136027250808674,yes
4155,MARYLAND,South,2024,39,1,2,2,1,7,9,5,2,-0.999871508870024,-0.0160301512775393,yes
4156,MARYLAND,South,2024,40,2,1,2,2,7,10,6,0,-0.994556455798857,0.104199118176771,no
4157,MARYLAND,South,2024,41,0,2,1,2,7,12,7,0,-0.97483691633585,0.222919237727053,no
4158,MARYLAND,South,2024,42,0,0,2,2,5,12,7,0,-0.940998495019784,0.338410745057692,no
4159,MARYLAND,South,2024,43,0,0,0,1,3,10,6,0,-0.893531284772509,0.449000938899674,no
4160,MARYLAND,South,2024,44,0,0,0,2,2,9,5,0,-0.833122768722891,0.553088105310089,no
4161,MARYLAND,South,2024,45,0,0,0,0,0,7,4,0,-0.760647863163829,0.649164715818952,no
4162,MARYLAND,South,2024,46,0,0,0,0,0,5,3,0,-0.677156245853474,0.735839261457031,no
4163,MARYLAND,South,2024,47,0,0,0,0,0,3,2,0,-0.583857153188981,0.811856406435312,no
4164,MARYLAND,South,2024,48,0,0,0,0,0,2,1,0,-0.48210186644033,0.876115169583743,no
4165,MARYLAND,South,2024,49,0,0,0,0,0,0,0,0,-0.373364140701786,0.927684870221573,no
4166,MARYLAND,South,2024,50,0,0,0,0,0,0,0,0,-0.25921886001492,0.965818607510005,no
4167,MARYLAND,South,2024,51,0,0,0,0,0,0,0,0,-0.141319227808016,0.989964078061293,no
4168,MARYLAND,South,2024,52,0,0,0,0,0,0,0,0,-0.0213728230101764,0.999771575129327,no
4169,MARYLAND,South,2025,1,0,0,0,0,0,0,0,0,0.120128619954843,0.992758336488667,no
4170,MARYLAND,South,2025,2,0,0,0,0,0,0,0,0,0.238517377822098,0.97113822933549,no
4171,MARYLAND,South,2025,3,0,0,0,0,0,0,0,0,0.353451610505767,0.935452809622634,no
4172,MARYLAND,South,2025,4,0,0,0,0,0,0,0,0,0.463266687927793,0.886218920953741,no
4173,MARYLAND,South,2025,5,0,0,0,0,0,0,0,0,0.566372122409852,0.824149633839001,no
4174,MARYLAND,South,2025,6,0,0,0,0,0,0,0,0,0.661274604226529,0.750143918061759,no
4175,MARYLAND,South,2025,7,0,0,0,0,0,0,0,0,0.746599629698408,0.665273622605165,no
4176,MARYLAND,South,2025,8,0,0,0,0,0,0,0,0,0.821111408578364,0.570767951712827,no
4177,MARYLAND,South,2025,9,0,0,0,0,0,0,0,0,0.883730762405837,0.467995661921774,no
4178,MARYLAND,South,2025,10,0,0,0,0,0,0,0,0,0.933550754601395,0.358445237913918,no
4179,MARYLAND,South,2025,11,0,0,0,0,0,0,0,0,0.969849825925805,0.243703334305638,no
4180,MARYLAND,South,2025,12,0,0,0,0,0,0,0,0,0.992102245058455,0.125431795610095,no
4181,MARYLAND,South,2025,13,0,0,0,0,0,0,0,0,0.999985722936002,0.00534358719969101,no
4182,MARYLAND,South,2025,14,0,0,0,0,0,0,0,0,0.99338608057027,-0.1148220141316,no
4183,MARYLAND,South,2025,15,0,0,0,0,0,0,0,0,0.972398902739873,-0.233324610682822,no
4184,MARYLAND,South,2025,16,0,0,0,0,0,0,0,0,0.937328153604613,-0.348447890595089,no
4185,MARYLAND,South,2025,17,0,0,0,0,0,0,0,0,0.888681774293145,-0.458524485757508,no
4186,MARYLAND,South,2025,18,0,0,0,0,0,0,0,0,0.827164326225506,-0.561960120844802,no
4187,MARYLAND,South,2025,19,0,0,0,0,0,0,0,0,0.75366678671966,-0.657256703728203,no
4188,MARYLAND,South,2025,20,0,0,0,0,0,0,0,0,0.66925364467563,-0.743034022833669,no
4189,MARYLAND,South,2025,21,0,0,0,0,0,0,0,0,0.575147483234652,-0.818049737197468,no
4190,MARYLAND,South,2025,22,0,0,0,0,0,0,0,0,0.472711272707723,-0.881217369696629,no
4191,MARYLAND,South,2025,23,0,0,0,0,0,0,0,0,0.363428630230867,-0.93162204285242,no
4192,MARYLAND,South,2025,24,0,0,0,0,0,0,0,0,0.248882332052978,-0.968533729300055,no
4193,MARYLAND,South,2025,25,0,0,0,0,0,0,0,0,0.130731389669801,-0.991417825013754,no
4194,MARYLAND,South,2025,26,0,0,0,0,0,0,0,0,0.0106870218179092,-0.999942892151679,no
4195,MARYLAND,South,2025,27,0,0,0,0,0,0,0,0,-0.109512129665869,-0.99398545937858,no
4196,MARYLAND,South,2025,28,0,0,0,0,0,0,0,0,-0.228125181162749,-0.973631810141525,no
4197,MARYLAND,South,2025,29,0,0,0,0,0,0,0,0,-0.343434221058743,-0.939176732998521,no
4198,MARYLAND,South,2025,30,0,0,0,0,0,0,0,0,-0.453769190820369,-0.891119252099419,no
4199,MARYLAND,South,2025,31,0,0,0,0,0,0,0,1,-0.557532072998533,-0.830155399655967,yes
4200,MARYLAND,South,2025,32,0,0,0,0,0,0,0,2,-0.653220035837834,-0.757168135079666,yes
4201,MARYLAND,South,2025,33,0,0,0,0,0,0,0,3,-0.739447199280337,-0.673214556791863,yes
4202,MARYLAND,South,2025,34,0,0,0,0,0,0,0,3,-0.814964707119669,-0.579510591921625,yes
4203,MARYLAND,South,2025,35,1,0,0,0,0,0,0,6,-0.878678814593855,-0.477413385635487,yes
4204,MARYLAND,South,2025,36,1,1,0,0,1,1,1,8,-0.929666729448389,-0.368401645160191,yes
4205,MARYLAND,South,2025,37,1,1,1,0,2,2,2,8,-0.96718997703823,-0.254054223182352,yes
4206,MARYLAND,South,2025,38,0,1,1,0,3,3,3,8,-0.990705095897581,-0.136027250808674,yes
4207,MARYLAND,South,2025,39,4,0,1,1,3,3,3,4,-0.999871508870024,-0.0160301512775393,yes
4208,MARYLAND,South,2025,40,3,4,0,1,6,7,4,2,-0.994556455798857,0.104199118176771,yes
4209,MARYLAND,South,2025,41,1,3,4,1,8,10,5,1,-0.97483691633585,0.222919237727053,yes
4210,MARYLAND,South,2025,42,0,1,3,0,8,11,6,1,-0.940998495019784,0.338410745057692,yes
4211,MARYLAND,South,2025,43,0,0,1,4,8,11,6,1,-0.893531284772509,0.449000938899674,yes
4212,MARYLAND,South,2025,44,1,0,0,3,4,10,5,1,-0.833122768722891,0.553088105310089,yes
4213,MARYLAND,South,2025,45,0,1,0,1,2,10,5,1,-0.760647863163829,0.649164715818952,yes
4214,MARYLAND,South,2025,46,0,0,1,0,1,9,4,1,-0.677156245853474,0.735839261457031,yes
4215,MARYLAND,South,2025,47,0,0,0,0,1,9,4,1,-0.583857153188981,0.811856406435312,yes
4216,MARYLAND,South,2025,48,1,0,0,1,1,5,3,0,-0.48210186644033,0.876115169583743,no
4217,MARYLAND,South,2025,49,0,1,0,0,1,3,3,0,-0.373364140701786,0.927684870221573,no
4218,MARYLAND,South,2025,50,0,0,1,0,1,2,2,0,-0.25921886001492,0.965818607510005,no
4219,MARYLAND,South,2025,51,0,0,0,0,1,2,2,0,-0.141319227808016,0.989964078061293,no
4220,MARYLAND,South,2025,52,0,0,0,1,1,2,2,0,-0.0213728230101764,0.999771575129327,no
4221,MARYLAND,South,2025,53,0,0,0,0,0,1,1,0,0.0988831313727152,0.995099053526797,no
4222,MASSACHUSETTS,Northeast,2022,9,0,0,0,0,0,0,0,0,0.883730762405837,0.467995661921774,no
4223,MASSACHUSETTS,Northeast,2022,10,0,0,0,0,0,0,0,0,0.933550754601395,0.358445237913918,no
4224,MASSACHUSETTS,Northeast,2022,11,0,0,0,0,0,0,0,0,0.969849825925805,0.243703334305638,no
4225,MASSACHUSETTS,Northeast,2022,12,0,0,0,0,0,0,0,0,0.992102245058455,0.125431795610095,no
4226,MASSACHUSETTS,Northeast,2022,13,0,0,0,0,0,0,0,0,0.999985722936002,0.00534358719969101,no
4227,MASSACHUSETTS,Northeast,2022,14,0,0,0,0,0,0,0,0,0.99338608057027,-0.1148220141316,no
4228,MASSACHUSETTS,Northeast,2022,15,0,0,0,0,0,0,0,0,0.972398902739873,-0.233324610682822,no
4229,MASSACHUSETTS,Northeast,2022,16,0,0,0,0,0,0,0,0,0.937328153604613,-0.348447890595089,no
4230,MASSACHUSETTS,Northeast,2022,17,0,0,0,0,0,0,0,0,0.888681774293145,-0.458524485757508,no
4231,MASSACHUSETTS,Northeast,2022,18,0,0,0,0,0,0,0,0,0.827164326225506,-0.561960120844802,no
4232,MASSACHUSETTS,Northeast,2022,19,0,0,0,0,0,0,0,0,0.75366678671966,-0.657256703728203,no
4233,MASSACHUSETTS,Northeast,2022,20,0,0,0,0,0,0,0,0,0.66925364467563,-0.743034022833669,no
4234,MASSACHUSETTS,Northeast,2022,21,0,0,0,0,0,0,0,0,0.575147483234652,-0.818049737197468,no
4235,MASSACHUSETTS,Northeast,2022,22,0,0,0,0,0,0,0,0,0.472711272707723,-0.881217369696629,no
4236,MASSACHUSETTS,Northeast,2022,23,0,0,0,0,0,0,0,0,0.363428630230867,-0.93162204285242,no
4237,MASSACHUSETTS,Northeast,2022,24,0,0,0,0,0,0,0,0,0.248882332052978,-0.968533729300055,no
4238,MASSACHUSETTS,Northeast,2022,25,0,0,0,0,0,0,0,0,0.130731389669801,-0.991417825013754,no
4239,MASSACHUSETTS,Northeast,2022,26,0,0,0,0,0,0,0,0,0.0106870218179092,-0.999942892151679,no
4240,MASSACHUSETTS,Northeast,2022,27,0,0,0,0,0,0,0,0,-0.109512129665869,-0.99398545937858,no
4241,MASSACHUSETTS,Northeast,2022,28,0,0,0,0,0,0,0,0,-0.228125181162749,-0.973631810141525,no
4242,MASSACHUSETTS,Northeast,2022,29,0,0,0,0,0,0,0,0,-0.343434221058743,-0.939176732998521,no
4243,MASSACHUSETTS,Northeast,2022,30,0,0,0,0,0,0,0,0,-0.453769190820369,-0.891119252099419,no
4244,MASSACHUSETTS,Northeast,2022,31,0,0,0,0,0,0,0,0,-0.557532072998533,-0.830155399655967,no
4245,MASSACHUSETTS,Northeast,2022,32,0,0,0,0,0,0,0,0,-0.653220035837834,-0.757168135079666,no
4246,MASSACHUSETTS,Northeast,2022,33,0,0,0,0,0,0,0,0,-0.739447199280337,-0.673214556791863,no
4247,MASSACHUSETTS,Northeast,2022,34,0,0,0,0,0,0,0,0,-0.814964707119669,-0.579510591921625,no
4248,MASSACHUSETTS,Northeast,2022,35,0,0,0,0,0,0,0,0,-0.878678814593855,-0.477413385635487,no
4249,MASSACHUSETTS,Northeast,2022,36,0,0,0,0,0,0,0,0,-0.929666729448389,-0.368401645160191,no
4250,MASSACHUSETTS,Northeast,2022,37,0,0,0,0,0,0,0,0,-0.96718997703823,-0.254054223182352,no
4251,MASSACHUSETTS,Northeast,2022,38,0,0,0,0,0,0,0,0,-0.990705095897581,-0.136027250808674,no
4252,MASSACHUSETTS,Northeast,2022,39,0,0,0,0,0,0,0,0,-0.999871508870024,-0.0160301512775393,no
4253,MASSACHUSETTS,Northeast,2022,40,0,0,0,0,0,0,0,0,-0.994556455798857,0.104199118176771,no
4254,MASSACHUSETTS,Northeast,2022,41,0,0,0,0,0,0,0,0,-0.97483691633585,0.222919237727053,no
4255,MASSACHUSETTS,Northeast,2022,42,0,0,0,0,0,0,0,0,-0.940998495019784,0.338410745057692,no
4256,MASSACHUSETTS,Northeast,2022,43,0,0,0,0,0,0,0,0,-0.893531284772509,0.449000938899674,no
4257,MASSACHUSETTS,Northeast,2022,44,0,0,0,0,0,0,0,0,-0.833122768722891,0.553088105310089,no
4258,MASSACHUSETTS,Northeast,2022,45,0,0,0,0,0,0,0,0,-0.760647863163829,0.649164715818952,no
4259,MASSACHUSETTS,Northeast,2022,46,0,0,0,0,0,0,0,0,-0.677156245853474,0.735839261457031,no
4260,MASSACHUSETTS,Northeast,2022,47,0,0,0,0,0,0,0,0,-0.583857153188981,0.811856406435312,no
4261,MASSACHUSETTS,Northeast,2022,48,0,0,0,0,0,0,0,0,-0.48210186644033,0.876115169583743,no
4262,MASSACHUSETTS,Northeast,2022,49,0,0,0,0,0,0,0,0,-0.373364140701786,0.927684870221573,no
4263,MASSACHUSETTS,Northeast,2022,50,0,0,0,0,0,0,0,0,-0.25921886001492,0.965818607510005,no
4264,MASSACHUSETTS,Northeast,2022,51,0,0,0,0,0,0,0,0,-0.141319227808016,0.989964078061293,no
4265,MASSACHUSETTS,Northeast,2022,52,0,0,0,0,0,0,0,0,-0.0213728230101764,0.999771575129327,no
4266,MASSACHUSETTS,Northeast,2023,1,0,0,0,0,0,0,0,0,0.120128619954843,0.992758336488667,no
4267,MASSACHUSETTS,Northeast,2023,2,0,0,0,0,0,0,0,0,0.238517377822098,0.97113822933549,no
4268,MASSACHUSETTS,Northeast,2023,3,0,0,0,0,0,0,0,0,0.353451610505767,0.935452809622634,no
4269,MASSACHUSETTS,Northeast,2023,4,0,0,0,0,0,0,0,0,0.463266687927793,0.886218920953741,no
4270,MASSACHUSETTS,Northeast,2023,5,0,0,0,0,0,0,0,0,0.566372122409852,0.824149633839001,no
4271,MASSACHUSETTS,Northeast,2023,6,0,0,0,0,0,0,0,0,0.661274604226529,0.750143918061759,no
4272,MASSACHUSETTS,Northeast,2023,7,0,0,0,0,0,0,0,0,0.746599629698408,0.665273622605165,no
4273,MASSACHUSETTS,Northeast,2023,8,0,0,0,0,0,0,0,0,0.821111408578364,0.570767951712827,no
4274,MASSACHUSETTS,Northeast,2023,9,0,0,0,0,0,0,0,0,0.883730762405837,0.467995661921774,no
4275,MASSACHUSETTS,Northeast,2023,10,0,0,0,0,0,0,0,0,0.933550754601395,0.358445237913918,no
4276,MASSACHUSETTS,Northeast,2023,11,0,0,0,0,0,0,0,0,0.969849825925805,0.243703334305638,no
4277,MASSACHUSETTS,Northeast,2023,12,0,0,0,0,0,0,0,0,0.992102245058455,0.125431795610095,no
4278,MASSACHUSETTS,Northeast,2023,13,0,0,0,0,0,0,0,0,0.999985722936002,0.00534358719969101,no
4279,MASSACHUSETTS,Northeast,2023,14,0,0,0,0,0,0,0,0,0.99338608057027,-0.1148220141316,no
4280,MASSACHUSETTS,Northeast,2023,15,0,0,0,0,0,0,0,0,0.972398902739873,-0.233324610682822,no
4281,MASSACHUSETTS,Northeast,2023,16,0,0,0,0,0,0,0,0,0.937328153604613,-0.348447890595089,no
4282,MASSACHUSETTS,Northeast,2023,17,0,0,0,0,0,0,0,0,0.888681774293145,-0.458524485757508,no
4283,MASSACHUSETTS,Northeast,2023,18,0,0,0,0,0,0,0,0,0.827164326225506,-0.561960120844802,no
4284,MASSACHUSETTS,Northeast,2023,19,0,0,0,0,0,0,0,0,0.75366678671966,-0.657256703728203,no
4285,MASSACHUSETTS,Northeast,2023,20,0,0,0,0,0,0,0,0,0.66925364467563,-0.743034022833669,no
4286,MASSACHUSETTS,Northeast,2023,21,0,0,0,0,0,0,0,0,0.575147483234652,-0.818049737197468,no
4287,MASSACHUSETTS,Northeast,2023,22,0,0,0,0,0,0,0,0,0.472711272707723,-0.881217369696629,no
4288,MASSACHUSETTS,Northeast,2023,23,0,0,0,0,0,0,0,0,0.363428630230867,-0.93162204285242,no
4289,MASSACHUSETTS,Northeast,2023,24,0,0,0,0,0,0,0,0,0.248882332052978,-0.968533729300055,no
4290,MASSACHUSETTS,Northeast,2023,25,0,0,0,0,0,0,0,0,0.130731389669801,-0.991417825013754,no
4291,MASSACHUSETTS,Northeast,2023,26,0,0,0,0,0,0,0,0,0.0106870218179092,-0.999942892151679,no
4292,MASSACHUSETTS,Northeast,2023,27,0,0,0,0,0,0,0,0,-0.109512129665869,-0.99398545937858,no
4293,MASSACHUSETTS,Northeast,2023,28,0,0,0,0,0,0,0,0,-0.228125181162749,-0.973631810141525,no
4294,MASSACHUSETTS,Northeast,2023,29,0,0,0,0,0,0,0,0,-0.343434221058743,-0.939176732998521,no
4295,MASSACHUSETTS,Northeast,2023,30,0,0,0,0,0,0,0,0,-0.453769190820369,-0.891119252099419,no
4296,MASSACHUSETTS,Northeast,2023,31,0,0,0,0,0,0,0,0,-0.557532072998533,-0.830155399655967,no
4297,MASSACHUSETTS,Northeast,2023,32,0,0,0,0,0,0,0,0,-0.653220035837834,-0.757168135079666,no
4298,MASSACHUSETTS,Northeast,2023,33,0,0,0,0,0,0,0,0,-0.739447199280337,-0.673214556791863,no
4299,MASSACHUSETTS,Northeast,2023,34,0,0,0,0,0,0,0,0,-0.814964707119669,-0.579510591921625,no
4300,MASSACHUSETTS,Northeast,2023,35,0,0,0,0,0,0,0,0,-0.878678814593855,-0.477413385635487,no
4301,MASSACHUSETTS,Northeast,2023,36,0,0,0,0,0,0,0,0,-0.929666729448389,-0.368401645160191,no
4302,MASSACHUSETTS,Northeast,2023,37,0,0,0,0,0,0,0,0,-0.96718997703823,-0.254054223182352,no
4303,MASSACHUSETTS,Northeast,2023,38,0,0,0,0,0,0,0,0,-0.990705095897581,-0.136027250808674,no
4304,MASSACHUSETTS,Northeast,2023,39,0,0,0,0,0,0,0,0,-0.999871508870024,-0.0160301512775393,no
4305,MASSACHUSETTS,Northeast,2023,40,0,0,0,0,0,0,0,0,-0.994556455798857,0.104199118176771,no
4306,MASSACHUSETTS,Northeast,2023,41,0,0,0,0,0,0,0,0,-0.97483691633585,0.222919237727053,no
4307,MASSACHUSETTS,Northeast,2023,42,0,0,0,0,0,0,0,0,-0.940998495019784,0.338410745057692,no
4308,MASSACHUSETTS,Northeast,2023,43,0,0,0,0,0,0,0,0,-0.893531284772509,0.449000938899674,no
4309,MASSACHUSETTS,Northeast,2023,44,0,0,0,0,0,0,0,0,-0.833122768722891,0.553088105310089,no
4310,MASSACHUSETTS,Northeast,2023,45,0,0,0,0,0,0,0,0,-0.760647863163829,0.649164715818952,no
4311,MASSACHUSETTS,Northeast,2023,46,0,0,0,0,0,0,0,0,-0.677156245853474,0.735839261457031,no
4312,MASSACHUSETTS,Northeast,2023,47,0,0,0,0,0,0,0,0,-0.583857153188981,0.811856406435312,no
4313,MASSACHUSETTS,Northeast,2023,48,0,0,0,0,0,0,0,0,-0.48210186644033,0.876115169583743,no
4314,MASSACHUSETTS,Northeast,2023,49,0,0,0,0,0,0,0,0,-0.373364140701786,0.927684870221573,no
4315,MASSACHUSETTS,Northeast,2023,50,0,0,0,0,0,0,0,0,-0.25921886001492,0.965818607510005,no
4316,MASSACHUSETTS,Northeast,2023,51,0,0,0,0,0,0,0,0,-0.141319227808016,0.989964078061293,no
4317,MASSACHUSETTS,Northeast,2023,52,0,0,0,0,0,0,0,0,-0.0213728230101764,0.999771575129327,no
4318,MASSACHUSETTS,Northeast,2024,1,0,0,0,0,0,0,0,0,0.120128619954843,0.992758336488667,no
4319,MASSACHUSETTS,Northeast,2024,2,0,0,0,0,0,0,0,0,0.238517377822098,0.97113822933549,no
4320,MASSACHUSETTS,Northeast,2024,3,0,0,0,0,0,0,0,0,0.353451610505767,0.935452809622634,no
4321,MASSACHUSETTS,Northeast,2024,4,0,0,0,0,0,0,0,0,0.463266687927793,0.886218920953741,no
4322,MASSACHUSETTS,Northeast,2024,5,0,0,0,0,0,0,0,0,0.566372122409852,0.824149633839001,no
4323,MASSACHUSETTS,Northeast,2024,6,0,0,0,0,0,0,0,0,0.661274604226529,0.750143918061759,no
4324,MASSACHUSETTS,Northeast,2024,7,0,0,0,0,0,0,0,0,0.746599629698408,0.665273622605165,no
4325,MASSACHUSETTS,Northeast,2024,8,0,0,0,0,0,0,0,0,0.821111408578364,0.570767951712827,no
4326,MASSACHUSETTS,Northeast,2024,9,0,0,0,0,0,0,0,0,0.883730762405837,0.467995661921774,no
4327,MASSACHUSETTS,Northeast,2024,10,0,0,0,0,0,0,0,0,0.933550754601395,0.358445237913918,no
4328,MASSACHUSETTS,Northeast,2024,11,0,0,0,0,0,0,0,0,0.969849825925805,0.243703334305638,no
4329,MASSACHUSETTS,Northeast,2024,12,0,0,0,0,0,0,0,0,0.992102245058455,0.125431795610095,no
4330,MASSACHUSETTS,Northeast,2024,13,0,0,0,0,0,0,0,0,0.999985722936002,0.00534358719969101,no
4331,MASSACHUSETTS,Northeast,2024,14,0,0,0,0,0,0,0,0,0.99338608057027,-0.1148220141316,no
4332,MASSACHUSETTS,Northeast,2024,15,0,0,0,0,0,0,0,0,0.972398902739873,-0.233324610682822,no
4333,MASSACHUSETTS,Northeast,2024,16,0,0,0,0,0,0,0,0,0.937328153604613,-0.348447890595089,no
4334,MASSACHUSETTS,Northeast,2024,17,0,0,0,0,0,0,0,0,0.888681774293145,-0.458524485757508,no
4335,MASSACHUSETTS,Northeast,2024,18,0,0,0,0,0,0,0,0,0.827164326225506,-0.561960120844802,no
4336,MASSACHUSETTS,Northeast,2024,19,0,0,0,0,0,0,0,0,0.75366678671966,-0.657256703728203,no
4337,MASSACHUSETTS,Northeast,2024,20,0,0,0,0,0,0,0,0,0.66925364467563,-0.743034022833669,no
4338,MASSACHUSETTS,Northeast,2024,21,0,0,0,0,0,0,0,0,0.575147483234652,-0.818049737197468,no
4339,MASSACHUSETTS,Northeast,2024,22,0,0,0,0,0,0,0,0,0.472711272707723,-0.881217369696629,no
4340,MASSACHUSETTS,Northeast,2024,23,0,0,0,0,0,0,0,0,0.363428630230867,-0.93162204285242,no
4341,MASSACHUSETTS,Northeast,2024,24,0,0,0,0,0,0,0,0,0.248882332052978,-0.968533729300055,no
4342,MASSACHUSETTS,Northeast,2024,25,0,0,0,0,0,0,0,0,0.130731389669801,-0.991417825013754,no
4343,MASSACHUSETTS,Northeast,2024,26,0,0,0,0,0,0,0,0,0.0106870218179092,-0.999942892151679,no
4344,MASSACHUSETTS,Northeast,2024,27,0,0,0,0,0,0,0,0,-0.109512129665869,-0.99398545937858,no
4345,MASSACHUSETTS,Northeast,2024,28,0,0,0,0,0,0,0,0,-0.228125181162749,-0.973631810141525,no
4346,MASSACHUSETTS,Northeast,2024,29,0,0,0,0,0,0,0,0,-0.343434221058743,-0.939176732998521,no
4347,MASSACHUSETTS,Northeast,2024,30,0,0,0,0,0,0,0,0,-0.453769190820369,-0.891119252099419,no
4348,MASSACHUSETTS,Northeast,2024,31,0,0,0,0,0,0,0,0,-0.557532072998533,-0.830155399655967,no
4349,MASSACHUSETTS,Northeast,2024,32,0,0,0,0,0,0,0,0,-0.653220035837834,-0.757168135079666,no
4350,MASSACHUSETTS,Northeast,2024,33,0,0,0,0,0,0,0,0,-0.739447199280337,-0.673214556791863,no
4351,MASSACHUSETTS,Northeast,2024,34,0,0,0,0,0,0,0,0,-0.814964707119669,-0.579510591921625,no
4352,MASSACHUSETTS,Northeast,2024,35,0,0,0,0,0,0,0,0,-0.878678814593855,-0.477413385635487,no
4353,MASSACHUSETTS,Northeast,2024,36,0,0,0,0,0,0,0,0,-0.929666729448389,-0.368401645160191,no
4354,MASSACHUSETTS,Northeast,2024,37,0,0,0,0,0,0,0,0,-0.96718997703823,-0.254054223182352,no
4355,MASSACHUSETTS,Northeast,2024,38,0,0,0,0,0,0,0,0,-0.990705095897581,-0.136027250808674,no
4356,MASSACHUSETTS,Northeast,2024,39,0,0,0,0,0,0,0,0,-0.999871508870024,-0.0160301512775393,no
4357,MASSACHUSETTS,Northeast,2024,40,0,0,0,0,0,0,0,0,-0.994556455798857,0.104199118176771,no
4358,MASSACHUSETTS,Northeast,2024,41,0,0,0,0,0,0,0,0,-0.97483691633585,0.222919237727053,no
4359,MASSACHUSETTS,Northeast,2024,42,0,0,0,0,0,0,0,0,-0.940998495019784,0.338410745057692,no
4360,MASSACHUSETTS,Northeast,2024,43,0,0,0,0,0,0,0,0,-0.893531284772509,0.449000938899674,no
4361,MASSACHUSETTS,Northeast,2024,44,0,0,0,0,0,0,0,0,-0.833122768722891,0.553088105310089,no
4362,MASSACHUSETTS,Northeast,2024,45,0,0,0,0,0,0,0,0,-0.760647863163829,0.649164715818952,no
4363,MASSACHUSETTS,Northeast,2024,46,0,0,0,0,0,0,0,0,-0.677156245853474,0.735839261457031,no
4364,MASSACHUSETTS,Northeast,2024,47,0,0,0,0,0,0,0,0,-0.583857153188981,0.811856406435312,no
4365,MASSACHUSETTS,Northeast,2024,48,0,0,0,0,0,0,0,0,-0.48210186644033,0.876115169583743,no
4366,MASSACHUSETTS,Northeast,2024,49,0,0,0,0,0,0,0,0,-0.373364140701786,0.927684870221573,no
4367,MASSACHUSETTS,Northeast,2024,50,0,0,0,0,0,0,0,0,-0.25921886001492,0.965818607510005,no
4368,MASSACHUSETTS,Northeast,2024,51,0,0,0,0,0,0,0,0,-0.141319227808016,0.989964078061293,no
4369,MASSACHUSETTS,Northeast,2024,52,0,0,0,0,0,0,0,0,-0.0213728230101764,0.999771575129327,no
4370,MASSACHUSETTS,Northeast,2025,1,0,0,0,0,0,0,0,0,0.120128619954843,0.992758336488667,no
4371,MASSACHUSETTS,Northeast,2025,2,0,0,0,0,0,0,0,0,0.238517377822098,0.97113822933549,no
4372,MASSACHUSETTS,Northeast,2025,3,0,0,0,0,0,0,0,0,0.353451610505767,0.935452809622634,no
4373,MASSACHUSETTS,Northeast,2025,4,0,0,0,0,0,0,0,0,0.463266687927793,0.886218920953741,no
4374,MASSACHUSETTS,Northeast,2025,5,0,0,0,0,0,0,0,0,0.566372122409852,0.824149633839001,no
4375,MASSACHUSETTS,Northeast,2025,6,0,0,0,0,0,0,0,0,0.661274604226529,0.750143918061759,no
4376,MASSACHUSETTS,Northeast,2025,7,0,0,0,0,0,0,0,0,0.746599629698408,0.665273622605165,no
4377,MASSACHUSETTS,Northeast,2025,8,0,0,0,0,0,0,0,0,0.821111408578364,0.570767951712827,no
4378,MASSACHUSETTS,Northeast,2025,9,0,0,0,0,0,0,0,0,0.883730762405837,0.467995661921774,no
4379,MASSACHUSETTS,Northeast,2025,10,0,0,0,0,0,0,0,0,0.933550754601395,0.358445237913918,no
4380,MASSACHUSETTS,Northeast,2025,11,0,0,0,0,0,0,0,0,0.969849825925805,0.243703334305638,no
4381,MASSACHUSETTS,Northeast,2025,12,0,0,0,0,0,0,0,0,0.992102245058455,0.125431795610095,no
4382,MASSACHUSETTS,Northeast,2025,13,0,0,0,0,0,0,0,0,0.999985722936002,0.00534358719969101,no
4383,MASSACHUSETTS,Northeast,2025,14,0,0,0,0,0,0,0,0,0.99338608057027,-0.1148220141316,no
4384,MASSACHUSETTS,Northeast,2025,15,0,0,0,0,0,0,0,0,0.972398902739873,-0.233324610682822,no
4385,MASSACHUSETTS,Northeast,2025,16,0,0,0,0,0,0,0,0,0.937328153604613,-0.348447890595089,no
4386,MASSACHUSETTS,Northeast,2025,17,0,0,0,0,0,0,0,0,0.888681774293145,-0.458524485757508,no
4387,MASSACHUSETTS,Northeast,2025,18,0,0,0,0,0,0,0,0,0.827164326225506,-0.561960120844802,no
4388,MASSACHUSETTS,Northeast,2025,19,0,0,0,0,0,0,0,0,0.75366678671966,-0.657256703728203,no
4389,MASSACHUSETTS,Northeast,2025,20,0,0,0,0,0,0,0,0,0.66925364467563,-0.743034022833669,no
4390,MASSACHUSETTS,Northeast,2025,21,0,0,0,0,0,0,0,0,0.575147483234652,-0.818049737197468,no
4391,MASSACHUSETTS,Northeast,2025,22,0,0,0,0,0,0,0,0,0.472711272707723,-0.881217369696629,no
4392,MASSACHUSETTS,Northeast,2025,23,0,0,0,0,0,0,0,0,0.363428630230867,-0.93162204285242,no
4393,MASSACHUSETTS,Northeast,2025,24,0,0,0,0,0,0,0,0,0.248882332052978,-0.968533729300055,no
4394,MASSACHUSETTS,Northeast,2025,25,0,0,0,0,0,0,0,0,0.130731389669801,-0.991417825013754,no
4395,MASSACHUSETTS,Northeast,2025,26,0,0,0,0,0,0,0,0,0.0106870218179092,-0.999942892151679,no
4396,MASSACHUSETTS,Northeast,2025,27,0,0,0,0,0,0,0,0,-0.109512129665869,-0.99398545937858,no
4397,MASSACHUSETTS,Northeast,2025,28,0,0,0,0,0,0,0,0,-0.228125181162749,-0.973631810141525,no
4398,MASSACHUSETTS,Northeast,2025,29,0,0,0,0,0,0,0,0,-0.343434221058743,-0.939176732998521,no
4399,MASSACHUSETTS,Northeast,2025,30,0,0,0,0,0,0,0,0,-0.453769190820369,-0.891119252099419,no
4400,MASSACHUSETTS,Northeast,2025,31,0,0,0,0,0,0,0,0,-0.557532072998533,-0.830155399655967,no
4401,MASSACHUSETTS,Northeast,2025,32,0,0,0,0,0,0,0,0,-0.653220035837834,-0.757168135079666,no
4402,MASSACHUSETTS,Northeast,2025,33,0,0,0,0,0,0,0,0,-0.739447199280337,-0.673214556791863,no
4403,MASSACHUSETTS,Northeast,2025,34,0,0,0,0,0,0,0,0,-0.814964707119669,-0.579510591921625,no
4404,MASSACHUSETTS,Northeast,2025,35,0,0,0,0,0,0,0,0,-0.878678814593855,-0.477413385635487,no
4405,MASSACHUSETTS,Northeast,2025,36,0,0,0,0,0,0,0,0,-0.929666729448389,-0.368401645160191,no
4406,MASSACHUSETTS,Northeast,2025,37,0,0,0,0,0,0,0,0,-0.96718997703823,-0.254054223182352,no
4407,MASSACHUSETTS,Northeast,2025,38,0,0,0,0,0,0,0,0,-0.990705095897581,-0.136027250808674,no
4408,MASSACHUSETTS,Northeast,2025,39,0,0,0,0,0,0,0,0,-0.999871508870024,-0.0160301512775393,no
4409,MASSACHUSETTS,Northeast,2025,40,0,0,0,0,0,0,0,0,-0.994556455798857,0.104199118176771,no
4410,MASSACHUSETTS,Northeast,2025,41,0,0,0,0,0,0,0,0,-0.97483691633585,0.222919237727053,no
4411,MASSACHUSETTS,Northeast,2025,42,0,0,0,0,0,0,0,0,-0.940998495019784,0.338410745057692,no
4412,MASSACHUSETTS,Northeast,2025,43,0,0,0,0,0,0,0,0,-0.893531284772509,0.449000938899674,no
4413,MASSACHUSETTS,Northeast,2025,44,0,0,0,0,0,0,0,0,-0.833122768722891,0.553088105310089,no
4414,MASSACHUSETTS,Northeast,2025,45,0,0,0,0,0,0,0,0,-0.760647863163829,0.649164715818952,no
4415,MASSACHUSETTS,Northeast,2025,46,0,0,0,0,0,0,0,0,-0.677156245853474,0.735839261457031,no
4416,MASSACHUSETTS,Northeast,2025,47,0,0,0,0,0,0,0,0,-0.583857153188981,0.811856406435312,no
4417,MASSACHUSETTS,Northeast,2025,48,0,0,0,0,0,0,0,0,-0.48210186644033,0.876115169583743,no
4418,MASSACHUSETTS,Northeast,2025,49,0,0,0,0,0,0,0,0,-0.373364140701786,0.927684870221573,no
4419,MASSACHUSETTS,Northeast,2025,50,0,0,0,0,0,0,0,0,-0.25921886001492,0.965818607510005,no
4420,MASSACHUSETTS,Northeast,2025,51,0,0,0,0,0,0,0,0,-0.141319227808016,0.989964078061293,no
4421,MASSACHUSETTS,Northeast,2025,52,0,0,0,0,0,0,0,0,-0.0213728230101764,0.999771575129327,no
4422,MASSACHUSETTS,Northeast,2025,53,0,0,0,0,0,0,0,0,0.0988831313727152,0.995099053526797,no
4423,MICHIGAN,North Central,2022,9,0,0,0,0,0,0,0,0,0.883730762405837,0.467995661921774,no
4424,MICHIGAN,North Central,2022,10,0,0,0,0,0,0,0,0,0.933550754601395,0.358445237913918,no
4425,MICHIGAN,North Central,2022,11,0,0,0,0,0,0,0,0,0.969849825925805,0.243703334305638,no
4426,MICHIGAN,North Central,2022,12,0,0,0,0,0,0,0,0,0.992102245058455,0.125431795610095,no
4427,MICHIGAN,North Central,2022,13,0,0,0,0,0,0,0,0,0.999985722936002,0.00534358719969101,no
4428,MICHIGAN,North Central,2022,14,0,0,0,0,0,0,0,0,0.99338608057027,-0.1148220141316,no
4429,MICHIGAN,North Central,2022,15,0,0,0,0,0,0,0,0,0.972398902739873,-0.233324610682822,no
4430,MICHIGAN,North Central,2022,16,0,0,0,0,0,0,0,0,0.937328153604613,-0.348447890595089,no
4431,MICHIGAN,North Central,2022,17,0,0,0,0,0,0,0,0,0.888681774293145,-0.458524485757508,no
4432,MICHIGAN,North Central,2022,18,0,0,0,0,0,0,0,0,0.827164326225506,-0.561960120844802,no
4433,MICHIGAN,North Central,2022,19,0,0,0,0,0,0,0,0,0.75366678671966,-0.657256703728203,no
4434,MICHIGAN,North Central,2022,20,0,0,0,0,0,0,0,0,0.66925364467563,-0.743034022833669,no
4435,MICHIGAN,North Central,2022,21,0,0,0,0,0,0,0,0,0.575147483234652,-0.818049737197468,no
4436,MICHIGAN,North Central,2022,22,0,0,0,0,0,0,0,0,0.472711272707723,-0.881217369696629,no
4437,MICHIGAN,North Central,2022,23,0,0,0,0,0,0,0,0,0.363428630230867,-0.93162204285242,no
4438,MICHIGAN,North Central,2022,24,0,0,0,0,0,0,0,0,0.248882332052978,-0.968533729300055,no
4439,MICHIGAN,North Central,2022,25,0,0,0,0,0,0,0,0,0.130731389669801,-0.991417825013754,no
4440,MICHIGAN,North Central,2022,26,0,0,0,0,0,0,0,0,0.0106870218179092,-0.999942892151679,no
4441,MICHIGAN,North Central,2022,27,0,0,0,0,0,0,0,0,-0.109512129665869,-0.99398545937858,no
4442,MICHIGAN,North Central,2022,28,0,0,0,0,0,0,0,0,-0.228125181162749,-0.973631810141525,no
4443,MICHIGAN,North Central,2022,29,0,0,0,0,0,0,0,0,-0.343434221058743,-0.939176732998521,no
4444,MICHIGAN,North Central,2022,30,0,0,0,0,0,0,0,0,-0.453769190820369,-0.891119252099419,no
4445,MICHIGAN,North Central,2022,31,0,0,0,0,0,0,0,0,-0.557532072998533,-0.830155399655967,no
4446,MICHIGAN,North Central,2022,32,0,0,0,0,0,0,0,0,-0.653220035837834,-0.757168135079666,no
4447,MICHIGAN,North Central,2022,33,0,0,0,0,0,0,0,0,-0.739447199280337,-0.673214556791863,no
4448,MICHIGAN,North Central,2022,34,0,0,0,0,0,0,0,0,-0.814964707119669,-0.579510591921625,no
4449,MICHIGAN,North Central,2022,35,0,0,0,0,0,0,0,0,-0.878678814593855,-0.477413385635487,no
4450,MICHIGAN,North Central,2022,36,0,0,0,0,0,0,0,0,-0.929666729448389,-0.368401645160191,no
4451,MICHIGAN,North Central,2022,37,0,0,0,0,0,0,0,0,-0.96718997703823,-0.254054223182352,no
4452,MICHIGAN,North Central,2022,38,0,0,0,0,0,0,0,0,-0.990705095897581,-0.136027250808674,no
4453,MICHIGAN,North Central,2022,39,0,0,0,0,0,0,0,0,-0.999871508870024,-0.0160301512775393,no
4454,MICHIGAN,North Central,2022,40,0,0,0,0,0,0,0,0,-0.994556455798857,0.104199118176771,no
4455,MICHIGAN,North Central,2022,41,0,0,0,0,0,0,0,0,-0.97483691633585,0.222919237727053,no
4456,MICHIGAN,North Central,2022,42,0,0,0,0,0,0,0,0,-0.940998495019784,0.338410745057692,no
4457,MICHIGAN,North Central,2022,43,0,0,0,0,0,0,0,0,-0.893531284772509,0.449000938899674,no
4458,MICHIGAN,North Central,2022,44,0,0,0,0,0,0,0,0,-0.833122768722891,0.553088105310089,no
4459,MICHIGAN,North Central,2022,45,0,0,0,0,0,0,0,0,-0.760647863163829,0.649164715818952,no
4460,MICHIGAN,North Central,2022,46,0,0,0,0,0,0,0,0,-0.677156245853474,0.735839261457031,no
4461,MICHIGAN,North Central,2022,47,0,0,0,0,0,0,0,0,-0.583857153188981,0.811856406435312,no
4462,MICHIGAN,North Central,2022,48,0,0,0,0,0,0,0,0,-0.48210186644033,0.876115169583743,no
4463,MICHIGAN,North Central,2022,49,0,0,0,0,0,0,0,0,-0.373364140701786,0.927684870221573,no
4464,MICHIGAN,North Central,2022,50,0,0,0,0,0,0,0,0,-0.25921886001492,0.965818607510005,no
4465,MICHIGAN,North Central,2022,51,0,0,0,0,0,0,0,0,-0.141319227808016,0.989964078061293,no
4466,MICHIGAN,North Central,2022,52,0,0,0,0,0,0,0,0,-0.0213728230101764,0.999771575129327,no
4467,MICHIGAN,North Central,2023,1,0,0,0,0,0,0,0,0,0.120128619954843,0.992758336488667,no
4468,MICHIGAN,North Central,2023,2,0,0,0,0,0,0,0,0,0.238517377822098,0.97113822933549,no
4469,MICHIGAN,North Central,2023,3,0,0,0,0,0,0,0,0,0.353451610505767,0.935452809622634,no
4470,MICHIGAN,North Central,2023,4,0,0,0,0,0,0,0,0,0.463266687927793,0.886218920953741,no
4471,MICHIGAN,North Central,2023,5,0,0,0,0,0,0,0,0,0.566372122409852,0.824149633839001,no
4472,MICHIGAN,North Central,2023,6,0,0,0,0,0,0,0,0,0.661274604226529,0.750143918061759,no
4473,MICHIGAN,North Central,2023,7,0,0,0,0,0,0,0,0,0.746599629698408,0.665273622605165,no
4474,MICHIGAN,North Central,2023,8,0,0,0,0,0,0,0,0,0.821111408578364,0.570767951712827,no
4475,MICHIGAN,North Central,2023,9,0,0,0,0,0,0,0,0,0.883730762405837,0.467995661921774,no
4476,MICHIGAN,North Central,2023,10,0,0,0,0,0,0,0,0,0.933550754601395,0.358445237913918,no
4477,MICHIGAN,North Central,2023,11,0,0,0,0,0,0,0,0,0.969849825925805,0.243703334305638,no
4478,MICHIGAN,North Central,2023,12,0,0,0,0,0,0,0,0,0.992102245058455,0.125431795610095,no
4479,MICHIGAN,North Central,2023,13,0,0,0,0,0,0,0,0,0.999985722936002,0.00534358719969101,no
4480,MICHIGAN,North Central,2023,14,0,0,0,0,0,0,0,0,0.99338608057027,-0.1148220141316,no
4481,MICHIGAN,North Central,2023,15,0,0,0,0,0,0,0,0,0.972398902739873,-0.233324610682822,no
4482,MICHIGAN,North Central,2023,16,0,0,0,0,0,0,0,0,0.937328153604613,-0.348447890595089,no
4483,MICHIGAN,North Central,2023,17,0,0,0,0,0,0,0,0,0.888681774293145,-0.458524485757508,no
4484,MICHIGAN,North Central,2023,18,0,0,0,0,0,0,0,0,0.827164326225506,-0.561960120844802,no
4485,MICHIGAN,North Central,2023,19,0,0,0,0,0,0,0,0,0.75366678671966,-0.657256703728203,no
4486,MICHIGAN,North Central,2023,20,0,0,0,0,0,0,0,0,0.66925364467563,-0.743034022833669,no
4487,MICHIGAN,North Central,2023,21,0,0,0,0,0,0,0,0,0.575147483234652,-0.818049737197468,no
4488,MICHIGAN,North Central,2023,22,0,0,0,0,0,0,0,0,0.472711272707723,-0.881217369696629,no
4489,MICHIGAN,North Central,2023,23,0,0,0,0,0,0,0,0,0.363428630230867,-0.93162204285242,no
4490,MICHIGAN,North Central,2023,24,0,0,0,0,0,0,0,0,0.248882332052978,-0.968533729300055,no
4491,MICHIGAN,North Central,2023,25,0,0,0,0,0,0,0,0,0.130731389669801,-0.991417825013754,no
4492,MICHIGAN,North Central,2023,26,0,0,0,0,0,0,0,0,0.0106870218179092,-0.999942892151679,no
4493,MICHIGAN,North Central,2023,27,0,0,0,0,0,0,0,0,-0.109512129665869,-0.99398545937858,no
4494,MICHIGAN,North Central,2023,28,0,0,0,0,0,0,0,0,-0.228125181162749,-0.973631810141525,no
4495,MICHIGAN,North Central,2023,29,0,0,0,0,0,0,0,0,-0.343434221058743,-0.939176732998521,no
4496,MICHIGAN,North Central,2023,30,0,0,0,0,0,0,0,0,-0.453769190820369,-0.891119252099419,no
4497,MICHIGAN,North Central,2023,31,0,0,0,0,0,0,0,0,-0.557532072998533,-0.830155399655967,no
4498,MICHIGAN,North Central,2023,32,0,0,0,0,0,0,0,1,-0.653220035837834,-0.757168135079666,yes
4499,MICHIGAN,North Central,2023,33,0,0,0,0,0,0,0,1,-0.739447199280337,-0.673214556791863,yes
4500,MICHIGAN,North Central,2023,34,0,0,0,0,0,0,0,1,-0.814964707119669,-0.579510591921625,yes
4501,MICHIGAN,North Central,2023,35,0,0,0,0,0,0,0,1,-0.878678814593855,-0.477413385635487,yes
4502,MICHIGAN,North Central,2023,36,1,0,0,0,0,0,0,1,-0.929666729448389,-0.368401645160191,yes
4503,MICHIGAN,North Central,2023,37,0,1,0,0,1,1,1,1,-0.96718997703823,-0.254054223182352,yes
4504,MICHIGAN,North Central,2023,38,0,0,1,0,1,1,1,1,-0.990705095897581,-0.136027250808674,yes
4505,MICHIGAN,North Central,2023,39,0,0,0,0,1,1,1,1,-0.999871508870024,-0.0160301512775393,yes
4506,MICHIGAN,North Central,2023,40,1,0,0,1,1,1,1,0,-0.994556455798857,0.104199118176771,no
4507,MICHIGAN,North Central,2023,41,0,1,0,0,1,2,2,0,-0.97483691633585,0.222919237727053,no
4508,MICHIGAN,North Central,2023,42,0,0,1,0,1,2,2,0,-0.940998495019784,0.338410745057692,no
4509,MICHIGAN,North Central,2023,43,0,0,0,0,1,2,2,0,-0.893531284772509,0.449000938899674,no
4510,MICHIGAN,North Central,2023,44,0,0,0,1,1,2,2,0,-0.833122768722891,0.553088105310089,no
4511,MICHIGAN,North Central,2023,45,0,0,0,0,0,1,1,0,-0.760647863163829,0.649164715818952,no
4512,MICHIGAN,North Central,2023,46,0,0,0,0,0,1,1,0,-0.677156245853474,0.735839261457031,no
4513,MICHIGAN,North Central,2023,47,0,0,0,0,0,1,1,0,-0.583857153188981,0.811856406435312,no
4514,MICHIGAN,North Central,2023,48,0,0,0,0,0,1,1,0,-0.48210186644033,0.876115169583743,no
4515,MICHIGAN,North Central,2023,49,0,0,0,0,0,0,0,0,-0.373364140701786,0.927684870221573,no
4516,MICHIGAN,North Central,2023,50,0,0,0,0,0,0,0,0,-0.25921886001492,0.965818607510005,no
4517,MICHIGAN,North Central,2023,51,0,0,0,0,0,0,0,0,-0.141319227808016,0.989964078061293,no
4518,MICHIGAN,North Central,2023,52,0,0,0,0,0,0,0,0,-0.0213728230101764,0.999771575129327,no
4519,MICHIGAN,North Central,2024,1,0,0,0,0,0,0,0,0,0.120128619954843,0.992758336488667,no
4520,MICHIGAN,North Central,2024,2,0,0,0,0,0,0,0,0,0.238517377822098,0.97113822933549,no
4521,MICHIGAN,North Central,2024,3,0,0,0,0,0,0,0,0,0.353451610505767,0.935452809622634,no
4522,MICHIGAN,North Central,2024,4,0,0,0,0,0,0,0,0,0.463266687927793,0.886218920953741,no
4523,MICHIGAN,North Central,2024,5,0,0,0,0,0,0,0,0,0.566372122409852,0.824149633839001,no
4524,MICHIGAN,North Central,2024,6,0,0,0,0,0,0,0,0,0.661274604226529,0.750143918061759,no
4525,MICHIGAN,North Central,2024,7,0,0,0,0,0,0,0,0,0.746599629698408,0.665273622605165,no
4526,MICHIGAN,North Central,2024,8,0,0,0,0,0,0,0,0,0.821111408578364,0.570767951712827,no
4527,MICHIGAN,North Central,2024,9,0,0,0,0,0,0,0,0,0.883730762405837,0.467995661921774,no
4528,MICHIGAN,North Central,2024,10,0,0,0,0,0,0,0,0,0.933550754601395,0.358445237913918,no
4529,MICHIGAN,North Central,2024,11,0,0,0,0,0,0,0,0,0.969849825925805,0.243703334305638,no
4530,MICHIGAN,North Central,2024,12,0,0,0,0,0,0,0,0,0.992102245058455,0.125431795610095,no
4531,MICHIGAN,North Central,2024,13,0,0,0,0,0,0,0,0,0.999985722936002,0.00534358719969101,no
4532,MICHIGAN,North Central,2024,14,0,0,0,0,0,0,0,0,0.99338608057027,-0.1148220141316,no
4533,MICHIGAN,North Central,2024,15,0,0,0,0,0,0,0,0,0.972398902739873,-0.233324610682822,no
4534,MICHIGAN,North Central,2024,16,0,0,0,0,0,0,0,0,0.937328153604613,-0.348447890595089,no
4535,MICHIGAN,North Central,2024,17,0,0,0,0,0,0,0,0,0.888681774293145,-0.458524485757508,no
4536,MICHIGAN,North Central,2024,18,0,0,0,0,0,0,0,0,0.827164326225506,-0.561960120844802,no
4537,MICHIGAN,North Central,2024,19,0,0,0,0,0,0,0,0,0.75366678671966,-0.657256703728203,no
4538,MICHIGAN,North Central,2024,20,0,0,0,0,0,0,0,0,0.66925364467563,-0.743034022833669,no
4539,MICHIGAN,North Central,2024,21,0,0,0,0,0,0,0,0,0.575147483234652,-0.818049737197468,no
4540,MICHIGAN,North Central,2024,22,0,0,0,0,0,0,0,0,0.472711272707723,-0.881217369696629,no
4541,MICHIGAN,North Central,2024,23,0,0,0,0,0,0,0,0,0.363428630230867,-0.93162204285242,no
4542,MICHIGAN,North Central,2024,24,0,0,0,0,0,0,0,0,0.248882332052978,-0.968533729300055,no
4543,MICHIGAN,North Central,2024,25,0,0,0,0,0,0,0,0,0.130731389669801,-0.991417825013754,no
4544,MICHIGAN,North Central,2024,26,0,0,0,0,0,0,0,0,0.0106870218179092,-0.999942892151679,no
4545,MICHIGAN,North Central,2024,27,0,0,0,0,0,0,0,0,-0.109512129665869,-0.99398545937858,no
4546,MICHIGAN,North Central,2024,28,0,0,0,0,0,0,0,0,-0.228125181162749,-0.973631810141525,no
4547,MICHIGAN,North Central,2024,29,0,0,0,0,0,0,0,0,-0.343434221058743,-0.939176732998521,no
4548,MICHIGAN,North Central,2024,30,0,0,0,0,0,0,0,0,-0.453769190820369,-0.891119252099419,no
4549,MICHIGAN,North Central,2024,31,0,0,0,0,0,0,0,0,-0.557532072998533,-0.830155399655967,no
4550,MICHIGAN,North Central,2024,32,0,0,0,0,0,0,0,0,-0.653220035837834,-0.757168135079666,no
4551,MICHIGAN,North Central,2024,33,0,0,0,0,0,0,0,0,-0.739447199280337,-0.673214556791863,no
4552,MICHIGAN,North Central,2024,34,0,0,0,0,0,0,0,0,-0.814964707119669,-0.579510591921625,no
4553,MICHIGAN,North Central,2024,35,0,0,0,0,0,0,0,1,-0.878678814593855,-0.477413385635487,yes
4554,MICHIGAN,North Central,2024,36,0,0,0,0,0,0,0,1,-0.929666729448389,-0.368401645160191,yes
4555,MICHIGAN,North Central,2024,37,0,0,0,0,0,0,0,1,-0.96718997703823,-0.254054223182352,yes
4556,MICHIGAN,North Central,2024,38,0,0,0,0,0,0,0,1,-0.990705095897581,-0.136027250808674,yes
4557,MICHIGAN,North Central,2024,39,1,0,0,0,0,0,0,0,-0.999871508870024,-0.0160301512775393,no
4558,MICHIGAN,North Central,2024,40,0,1,0,0,1,1,1,0,-0.994556455798857,0.104199118176771,no
4559,MICHIGAN,North Central,2024,41,0,0,1,0,1,1,1,0,-0.97483691633585,0.222919237727053,no
4560,MICHIGAN,North Central,2024,42,0,0,0,0,1,1,1,0,-0.940998495019784,0.338410745057692,no
4561,MICHIGAN,North Central,2024,43,0,0,0,1,1,1,1,0,-0.893531284772509,0.449000938899674,no
4562,MICHIGAN,North Central,2024,44,0,0,0,0,0,1,1,0,-0.833122768722891,0.553088105310089,no
4563,MICHIGAN,North Central,2024,45,0,0,0,0,0,1,1,0,-0.760647863163829,0.649164715818952,no
4564,MICHIGAN,North Central,2024,46,0,0,0,0,0,1,1,0,-0.677156245853474,0.735839261457031,no
4565,MICHIGAN,North Central,2024,47,0,0,0,0,0,1,1,0,-0.583857153188981,0.811856406435312,no
4566,MICHIGAN,North Central,2024,48,0,0,0,0,0,0,0,0,-0.48210186644033,0.876115169583743,no
4567,MICHIGAN,North Central,2024,49,0,0,0,0,0,0,0,0,-0.373364140701786,0.927684870221573,no
4568,MICHIGAN,North Central,2024,50,0,0,0,0,0,0,0,0,-0.25921886001492,0.965818607510005,no
4569,MICHIGAN,North Central,2024,51,0,0,0,0,0,0,0,0,-0.141319227808016,0.989964078061293,no
4570,MICHIGAN,North Central,2024,52,0,0,0,0,0,0,0,0,-0.0213728230101764,0.999771575129327,no
4571,MICHIGAN,North Central,2025,1,0,0,0,0,0,0,0,0,0.120128619954843,0.992758336488667,no
4572,MICHIGAN,North Central,2025,2,0,0,0,0,0,0,0,0,0.238517377822098,0.97113822933549,no
4573,MICHIGAN,North Central,2025,3,0,0,0,0,0,0,0,0,0.353451610505767,0.935452809622634,no
4574,MICHIGAN,North Central,2025,4,0,0,0,0,0,0,0,0,0.463266687927793,0.886218920953741,no
4575,MICHIGAN,North Central,2025,5,0,0,0,0,0,0,0,0,0.566372122409852,0.824149633839001,no
4576,MICHIGAN,North Central,2025,6,0,0,0,0,0,0,0,1,0.661274604226529,0.750143918061759,yes
4577,MICHIGAN,North Central,2025,7,0,0,0,0,0,0,0,1,0.746599629698408,0.665273622605165,yes
4578,MICHIGAN,North Central,2025,8,0,0,0,0,0,0,0,1,0.821111408578364,0.570767951712827,yes
4579,MICHIGAN,North Central,2025,9,0,0,0,0,0,0,0,1,0.883730762405837,0.467995661921774,yes
4580,MICHIGAN,North Central,2025,10,1,0,0,0,0,0,0,0,0.933550754601395,0.358445237913918,no
4581,MICHIGAN,North Central,2025,11,0,1,0,0,1,1,1,0,0.969849825925805,0.243703334305638,no
4582,MICHIGAN,North Central,2025,12,0,0,1,0,1,1,1,0,0.992102245058455,0.125431795610095,no
4583,MICHIGAN,North Central,2025,13,0,0,0,0,1,1,1,0,0.999985722936002,0.00534358719969101,no
4584,MICHIGAN,North Central,2025,14,0,0,0,1,1,1,1,0,0.99338608057027,-0.1148220141316,no
4585,MICHIGAN,North Central,2025,15,0,0,0,0,0,1,1,0,0.972398902739873,-0.233324610682822,no
4586,MICHIGAN,North Central,2025,16,0,0,0,0,0,1,1,0,0.937328153604613,-0.348447890595089,no
4587,MICHIGAN,North Central,2025,17,0,0,0,0,0,1,1,0,0.888681774293145,-0.458524485757508,no
4588,MICHIGAN,North Central,2025,18,0,0,0,0,0,1,1,0,0.827164326225506,-0.561960120844802,no
4589,MICHIGAN,North Central,2025,19,0,0,0,0,0,0,0,0,0.75366678671966,-0.657256703728203,no
4590,MICHIGAN,North Central,2025,20,0,0,0,0,0,0,0,0,0.66925364467563,-0.743034022833669,no
4591,MICHIGAN,North Central,2025,21,0,0,0,0,0,0,0,0,0.575147483234652,-0.818049737197468,no
4592,MICHIGAN,North Central,2025,22,0,0,0,0,0,0,0,0,0.472711272707723,-0.881217369696629,no
4593,MICHIGAN,North Central,2025,23,0,0,0,0,0,0,0,0,0.363428630230867,-0.93162204285242,no
4594,MICHIGAN,North Central,2025,24,0,0,0,0,0,0,0,0,0.248882332052978,-0.968533729300055,no
4595,MICHIGAN,North Central,2025,25,0,0,0,0,0,0,0,0,0.130731389669801,-0.991417825013754,no
4596,MICHIGAN,North Central,2025,26,0,0,0,0,0,0,0,0,0.0106870218179092,-0.999942892151679,no
4597,MICHIGAN,North Central,2025,27,0,0,0,0,0,0,0,0,-0.109512129665869,-0.99398545937858,no
4598,MICHIGAN,North Central,2025,28,0,0,0,0,0,0,0,0,-0.228125181162749,-0.973631810141525,no
4599,MICHIGAN,North Central,2025,29,0,0,0,0,0,0,0,0,-0.343434221058743,-0.939176732998521,no
4600,MICHIGAN,North Central,2025,30,0,0,0,0,0,0,0,0,-0.453769190820369,-0.891119252099419,no
4601,MICHIGAN,North Central,2025,31,0,0,0,0,0,0,0,0,-0.557532072998533,-0.830155399655967,no
4602,MICHIGAN,North Central,2025,32,0,0,0,0,0,0,0,0,-0.653220035837834,-0.757168135079666,no
4603,MICHIGAN,North Central,2025,33,0,0,0,0,0,0,0,0,-0.739447199280337,-0.673214556791863,no
4604,MICHIGAN,North Central,2025,34,0,0,0,0,0,0,0,0,-0.814964707119669,-0.579510591921625,no
4605,MICHIGAN,North Central,2025,35,0,0,0,0,0,0,0,0,-0.878678814593855,-0.477413385635487,no
4606,MICHIGAN,North Central,2025,36,0,0,0,0,0,0,0,0,-0.929666729448389,-0.368401645160191,no
4607,MICHIGAN,North Central,2025,37,0,0,0,0,0,0,0,0,-0.96718997703823,-0.254054223182352,no
4608,MICHIGAN,North Central,2025,38,0,0,0,0,0,0,0,0,-0.990705095897581,-0.136027250808674,no
4609,MICHIGAN,North Central,2025,39,0,0,0,0,0,0,0,0,-0.999871508870024,-0.0160301512775393,no
4610,MICHIGAN,North Central,2025,40,0,0,0,0,0,0,0,0,-0.994556455798857,0.104199118176771,no
4611,MICHIGAN,North Central,2025,41,0,0,0,0,0,0,0,0,-0.97483691633585,0.222919237727053,no
4612,MICHIGAN,North Central,2025,42,0,0,0,0,0,0,0,0,-0.940998495019784,0.338410745057692,no
4613,MICHIGAN,North Central,2025,43,0,0,0,0,0,0,0,0,-0.893531284772509,0.449000938899674,no
4614,MICHIGAN,North Central,2025,44,0,0,0,0,0,0,0,0,-0.833122768722891,0.553088105310089,no
4615,MICHIGAN,North Central,2025,45,0,0,0,0,0,0,0,0,-0.760647863163829,0.649164715818952,no
4616,MICHIGAN,North Central,2025,46,0,0,0,0,0,0,0,0,-0.677156245853474,0.735839261457031,no
4617,MICHIGAN,North Central,2025,47,0,0,0,0,0,0,0,0,-0.583857153188981,0.811856406435312,no
4618,MICHIGAN,North Central,2025,48,0,0,0,0,0,0,0,0,-0.48210186644033,0.876115169583743,no
4619,MICHIGAN,North Central,2025,49,0,0,0,0,0,0,0,0,-0.373364140701786,0.927684870221573,no
4620,MICHIGAN,North Central,2025,50,0,0,0,0,0,0,0,0,-0.25921886001492,0.965818607510005,no
4621,MICHIGAN,North Central,2025,51,0,0,0,0,0,0,0,0,-0.141319227808016,0.989964078061293,no
4622,MICHIGAN,North Central,2025,52,0,0,0,0,0,0,0,0,-0.0213728230101764,0.999771575129327,no
4623,MICHIGAN,North Central,2025,53,0,0,0,0,0,0,0,0,0.0988831313727152,0.995099053526797,no
4624,MINNESOTA,North Central,2022,9,0,0,0,0,0,0,0,0,0.883730762405837,0.467995661921774,no
4625,MINNESOTA,North Central,2022,10,0,0,0,0,0,0,0,0,0.933550754601395,0.358445237913918,no
4626,MINNESOTA,North Central,2022,11,0,0,0,0,0,0,0,0,0.969849825925805,0.243703334305638,no
4627,MINNESOTA,North Central,2022,12,0,0,0,0,0,0,0,0,0.992102245058455,0.125431795610095,no
4628,MINNESOTA,North Central,2022,13,0,0,0,0,0,0,0,0,0.999985722936002,0.00534358719969101,no
4629,MINNESOTA,North Central,2022,14,0,0,0,0,0,0,0,0,0.99338608057027,-0.1148220141316,no
4630,MINNESOTA,North Central,2022,15,0,0,0,0,0,0,0,0,0.972398902739873,-0.233324610682822,no
4631,MINNESOTA,North Central,2022,16,0,0,0,0,0,0,0,0,0.937328153604613,-0.348447890595089,no
4632,MINNESOTA,North Central,2022,17,0,0,0,0,0,0,0,0,0.888681774293145,-0.458524485757508,no
4633,MINNESOTA,North Central,2022,18,0,0,0,0,0,0,0,0,0.827164326225506,-0.561960120844802,no
4634,MINNESOTA,North Central,2022,19,0,0,0,0,0,0,0,0,0.75366678671966,-0.657256703728203,no
4635,MINNESOTA,North Central,2022,20,0,0,0,0,0,0,0,0,0.66925364467563,-0.743034022833669,no
4636,MINNESOTA,North Central,2022,21,0,0,0,0,0,0,0,0,0.575147483234652,-0.818049737197468,no
4637,MINNESOTA,North Central,2022,22,0,0,0,0,0,0,0,0,0.472711272707723,-0.881217369696629,no
4638,MINNESOTA,North Central,2022,23,0,0,0,0,0,0,0,0,0.363428630230867,-0.93162204285242,no
4639,MINNESOTA,North Central,2022,24,0,0,0,0,0,0,0,0,0.248882332052978,-0.968533729300055,no
4640,MINNESOTA,North Central,2022,25,0,0,0,0,0,0,0,0,0.130731389669801,-0.991417825013754,no
4641,MINNESOTA,North Central,2022,26,0,0,0,0,0,0,0,0,0.0106870218179092,-0.999942892151679,no
4642,MINNESOTA,North Central,2022,27,0,0,0,0,0,0,0,0,-0.109512129665869,-0.99398545937858,no
4643,MINNESOTA,North Central,2022,28,0,0,0,0,0,0,0,0,-0.228125181162749,-0.973631810141525,no
4644,MINNESOTA,North Central,2022,29,0,0,0,0,0,0,0,0,-0.343434221058743,-0.939176732998521,no
4645,MINNESOTA,North Central,2022,30,0,0,0,0,0,0,0,0,-0.453769190820369,-0.891119252099419,no
4646,MINNESOTA,North Central,2022,31,0,0,0,0,0,0,0,0,-0.557532072998533,-0.830155399655967,no
4647,MINNESOTA,North Central,2022,32,0,0,0,0,0,0,0,0,-0.653220035837834,-0.757168135079666,no
4648,MINNESOTA,North Central,2022,33,0,0,0,0,0,0,0,0,-0.739447199280337,-0.673214556791863,no
4649,MINNESOTA,North Central,2022,34,0,0,0,0,0,0,0,0,-0.814964707119669,-0.579510591921625,no
4650,MINNESOTA,North Central,2022,35,0,0,0,0,0,0,0,0,-0.878678814593855,-0.477413385635487,no
4651,MINNESOTA,North Central,2022,36,0,0,0,0,0,0,0,0,-0.929666729448389,-0.368401645160191,no
4652,MINNESOTA,North Central,2022,37,0,0,0,0,0,0,0,0,-0.96718997703823,-0.254054223182352,no
4653,MINNESOTA,North Central,2022,38,0,0,0,0,0,0,0,0,-0.990705095897581,-0.136027250808674,no
4654,MINNESOTA,North Central,2022,39,0,0,0,0,0,0,0,0,-0.999871508870024,-0.0160301512775393,no
4655,MINNESOTA,North Central,2022,40,0,0,0,0,0,0,0,0,-0.994556455798857,0.104199118176771,no
4656,MINNESOTA,North Central,2022,41,0,0,0,0,0,0,0,0,-0.97483691633585,0.222919237727053,no
4657,MINNESOTA,North Central,2022,42,0,0,0,0,0,0,0,0,-0.940998495019784,0.338410745057692,no
4658,MINNESOTA,North Central,2022,43,0,0,0,0,0,0,0,0,-0.893531284772509,0.449000938899674,no
4659,MINNESOTA,North Central,2022,44,0,0,0,0,0,0,0,0,-0.833122768722891,0.553088105310089,no
4660,MINNESOTA,North Central,2022,45,0,0,0,0,0,0,0,0,-0.760647863163829,0.649164715818952,no
4661,MINNESOTA,North Central,2022,46,0,0,0,0,0,0,0,0,-0.677156245853474,0.735839261457031,no
4662,MINNESOTA,North Central,2022,47,0,0,0,0,0,0,0,0,-0.583857153188981,0.811856406435312,no
4663,MINNESOTA,North Central,2022,48,0,0,0,0,0,0,0,0,-0.48210186644033,0.876115169583743,no
4664,MINNESOTA,North Central,2022,49,0,0,0,0,0,0,0,0,-0.373364140701786,0.927684870221573,no
4665,MINNESOTA,North Central,2022,50,0,0,0,0,0,0,0,0,-0.25921886001492,0.965818607510005,no
4666,MINNESOTA,North Central,2022,51,0,0,0,0,0,0,0,0,-0.141319227808016,0.989964078061293,no
4667,MINNESOTA,North Central,2022,52,0,0,0,0,0,0,0,0,-0.0213728230101764,0.999771575129327,no
4668,MINNESOTA,North Central,2023,1,0,0,0,0,0,0,0,0,0.120128619954843,0.992758336488667,no
4669,MINNESOTA,North Central,2023,2,0,0,0,0,0,0,0,0,0.238517377822098,0.97113822933549,no
4670,MINNESOTA,North Central,2023,3,0,0,0,0,0,0,0,0,0.353451610505767,0.935452809622634,no
4671,MINNESOTA,North Central,2023,4,0,0,0,0,0,0,0,0,0.463266687927793,0.886218920953741,no
4672,MINNESOTA,North Central,2023,5,0,0,0,0,0,0,0,0,0.566372122409852,0.824149633839001,no
4673,MINNESOTA,North Central,2023,6,0,0,0,0,0,0,0,0,0.661274604226529,0.750143918061759,no
4674,MINNESOTA,North Central,2023,7,0,0,0,0,0,0,0,0,0.746599629698408,0.665273622605165,no
4675,MINNESOTA,North Central,2023,8,0,0,0,0,0,0,0,0,0.821111408578364,0.570767951712827,no
4676,MINNESOTA,North Central,2023,9,0,0,0,0,0,0,0,0,0.883730762405837,0.467995661921774,no
4677,MINNESOTA,North Central,2023,10,0,0,0,0,0,0,0,0,0.933550754601395,0.358445237913918,no
4678,MINNESOTA,North Central,2023,11,0,0,0,0,0,0,0,0,0.969849825925805,0.243703334305638,no
4679,MINNESOTA,North Central,2023,12,0,0,0,0,0,0,0,0,0.992102245058455,0.125431795610095,no
4680,MINNESOTA,North Central,2023,13,0,0,0,0,0,0,0,0,0.999985722936002,0.00534358719969101,no
4681,MINNESOTA,North Central,2023,14,0,0,0,0,0,0,0,0,0.99338608057027,-0.1148220141316,no
4682,MINNESOTA,North Central,2023,15,0,0,0,0,0,0,0,0,0.972398902739873,-0.233324610682822,no
4683,MINNESOTA,North Central,2023,16,0,0,0,0,0,0,0,0,0.937328153604613,-0.348447890595089,no
4684,MINNESOTA,North Central,2023,17,0,0,0,0,0,0,0,0,0.888681774293145,-0.458524485757508,no
4685,MINNESOTA,North Central,2023,18,0,0,0,0,0,0,0,0,0.827164326225506,-0.561960120844802,no
4686,MINNESOTA,North Central,2023,19,0,0,0,0,0,0,0,0,0.75366678671966,-0.657256703728203,no
4687,MINNESOTA,North Central,2023,20,0,0,0,0,0,0,0,0,0.66925364467563,-0.743034022833669,no
4688,MINNESOTA,North Central,2023,21,0,0,0,0,0,0,0,0,0.575147483234652,-0.818049737197468,no
4689,MINNESOTA,North Central,2023,22,0,0,0,0,0,0,0,0,0.472711272707723,-0.881217369696629,no
4690,MINNESOTA,North Central,2023,23,0,0,0,0,0,0,0,0,0.363428630230867,-0.93162204285242,no
4691,MINNESOTA,North Central,2023,24,0,0,0,0,0,0,0,0,0.248882332052978,-0.968533729300055,no
4692,MINNESOTA,North Central,2023,25,0,0,0,0,0,0,0,0,0.130731389669801,-0.991417825013754,no
4693,MINNESOTA,North Central,2023,26,0,0,0,0,0,0,0,0,0.0106870218179092,-0.999942892151679,no
4694,MINNESOTA,North Central,2023,27,0,0,0,0,0,0,0,0,-0.109512129665869,-0.99398545937858,no
4695,MINNESOTA,North Central,2023,28,0,0,0,0,0,0,0,0,-0.228125181162749,-0.973631810141525,no
4696,MINNESOTA,North Central,2023,29,0,0,0,0,0,0,0,0,-0.343434221058743,-0.939176732998521,no
4697,MINNESOTA,North Central,2023,30,0,0,0,0,0,0,0,0,-0.453769190820369,-0.891119252099419,no
4698,MINNESOTA,North Central,2023,31,0,0,0,0,0,0,0,0,-0.557532072998533,-0.830155399655967,no
4699,MINNESOTA,North Central,2023,32,0,0,0,0,0,0,0,0,-0.653220035837834,-0.757168135079666,no
4700,MINNESOTA,North Central,2023,33,0,0,0,0,0,0,0,0,-0.739447199280337,-0.673214556791863,no
4701,MINNESOTA,North Central,2023,34,0,0,0,0,0,0,0,0,-0.814964707119669,-0.579510591921625,no
4702,MINNESOTA,North Central,2023,35,0,0,0,0,0,0,0,0,-0.878678814593855,-0.477413385635487,no
4703,MINNESOTA,North Central,2023,36,0,0,0,0,0,0,0,0,-0.929666729448389,-0.368401645160191,no
4704,MINNESOTA,North Central,2023,37,0,0,0,0,0,0,0,0,-0.96718997703823,-0.254054223182352,no
4705,MINNESOTA,North Central,2023,38,0,0,0,0,0,0,0,0,-0.990705095897581,-0.136027250808674,no
4706,MINNESOTA,North Central,2023,39,0,0,0,0,0,0,0,0,-0.999871508870024,-0.0160301512775393,no
4707,MINNESOTA,North Central,2023,40,0,0,0,0,0,0,0,0,-0.994556455798857,0.104199118176771,no
4708,MINNESOTA,North Central,2023,41,0,0,0,0,0,0,0,0,-0.97483691633585,0.222919237727053,no
4709,MINNESOTA,North Central,2023,42,0,0,0,0,0,0,0,0,-0.940998495019784,0.338410745057692,no
4710,MINNESOTA,North Central,2023,43,0,0,0,0,0,0,0,0,-0.893531284772509,0.449000938899674,no
4711,MINNESOTA,North Central,2023,44,0,0,0,0,0,0,0,0,-0.833122768722891,0.553088105310089,no
4712,MINNESOTA,North Central,2023,45,0,0,0,0,0,0,0,0,-0.760647863163829,0.649164715818952,no
4713,MINNESOTA,North Central,2023,46,0,0,0,0,0,0,0,0,-0.677156245853474,0.735839261457031,no
4714,MINNESOTA,North Central,2023,47,0,0,0,0,0,0,0,0,-0.583857153188981,0.811856406435312,no
4715,MINNESOTA,North Central,2023,48,0,0,0,0,0,0,0,0,-0.48210186644033,0.876115169583743,no
4716,MINNESOTA,North Central,2023,49,0,0,0,0,0,0,0,0,-0.373364140701786,0.927684870221573,no
4717,MINNESOTA,North Central,2023,50,0,0,0,0,0,0,0,0,-0.25921886001492,0.965818607510005,no
4718,MINNESOTA,North Central,2023,51,0,0,0,0,0,0,0,0,-0.141319227808016,0.989964078061293,no
4719,MINNESOTA,North Central,2023,52,0,0,0,0,0,0,0,0,-0.0213728230101764,0.999771575129327,no
4720,MINNESOTA,North Central,2024,1,0,0,0,0,0,0,0,0,0.120128619954843,0.992758336488667,no
4721,MINNESOTA,North Central,2024,2,0,0,0,0,0,0,0,0,0.238517377822098,0.97113822933549,no
4722,MINNESOTA,North Central,2024,3,0,0,0,0,0,0,0,0,0.353451610505767,0.935452809622634,no
4723,MINNESOTA,North Central,2024,4,0,0,0,0,0,0,0,0,0.463266687927793,0.886218920953741,no
4724,MINNESOTA,North Central,2024,5,0,0,0,0,0,0,0,0,0.566372122409852,0.824149633839001,no
4725,MINNESOTA,North Central,2024,6,0,0,0,0,0,0,0,0,0.661274604226529,0.750143918061759,no
4726,MINNESOTA,North Central,2024,7,0,0,0,0,0,0,0,0,0.746599629698408,0.665273622605165,no
4727,MINNESOTA,North Central,2024,8,0,0,0,0,0,0,0,0,0.821111408578364,0.570767951712827,no
4728,MINNESOTA,North Central,2024,9,0,0,0,0,0,0,0,0,0.883730762405837,0.467995661921774,no
4729,MINNESOTA,North Central,2024,10,0,0,0,0,0,0,0,0,0.933550754601395,0.358445237913918,no
4730,MINNESOTA,North Central,2024,11,0,0,0,0,0,0,0,0,0.969849825925805,0.243703334305638,no
4731,MINNESOTA,North Central,2024,12,0,0,0,0,0,0,0,0,0.992102245058455,0.125431795610095,no
4732,MINNESOTA,North Central,2024,13,0,0,0,0,0,0,0,0,0.999985722936002,0.00534358719969101,no
4733,MINNESOTA,North Central,2024,14,0,0,0,0,0,0,0,0,0.99338608057027,-0.1148220141316,no
4734,MINNESOTA,North Central,2024,15,0,0,0,0,0,0,0,0,0.972398902739873,-0.233324610682822,no
4735,MINNESOTA,North Central,2024,16,0,0,0,0,0,0,0,0,0.937328153604613,-0.348447890595089,no
4736,MINNESOTA,North Central,2024,17,0,0,0,0,0,0,0,0,0.888681774293145,-0.458524485757508,no
4737,MINNESOTA,North Central,2024,18,0,0,0,0,0,0,0,0,0.827164326225506,-0.561960120844802,no
4738,MINNESOTA,North Central,2024,19,0,0,0,0,0,0,0,0,0.75366678671966,-0.657256703728203,no
4739,MINNESOTA,North Central,2024,20,0,0,0,0,0,0,0,0,0.66925364467563,-0.743034022833669,no
4740,MINNESOTA,North Central,2024,21,0,0,0,0,0,0,0,0,0.575147483234652,-0.818049737197468,no
4741,MINNESOTA,North Central,2024,22,0,0,0,0,0,0,0,0,0.472711272707723,-0.881217369696629,no
4742,MINNESOTA,North Central,2024,23,0,0,0,0,0,0,0,0,0.363428630230867,-0.93162204285242,no
4743,MINNESOTA,North Central,2024,24,0,0,0,0,0,0,0,0,0.248882332052978,-0.968533729300055,no
4744,MINNESOTA,North Central,2024,25,0,0,0,0,0,0,0,0,0.130731389669801,-0.991417825013754,no
4745,MINNESOTA,North Central,2024,26,0,0,0,0,0,0,0,0,0.0106870218179092,-0.999942892151679,no
4746,MINNESOTA,North Central,2024,27,0,0,0,0,0,0,0,0,-0.109512129665869,-0.99398545937858,no
4747,MINNESOTA,North Central,2024,28,0,0,0,0,0,0,0,0,-0.228125181162749,-0.973631810141525,no
4748,MINNESOTA,North Central,2024,29,0,0,0,0,0,0,0,0,-0.343434221058743,-0.939176732998521,no
4749,MINNESOTA,North Central,2024,30,0,0,0,0,0,0,0,0,-0.453769190820369,-0.891119252099419,no
4750,MINNESOTA,North Central,2024,31,0,0,0,0,0,0,0,0,-0.557532072998533,-0.830155399655967,no
4751,MINNESOTA,North Central,2024,32,0,0,0,0,0,0,0,0,-0.653220035837834,-0.757168135079666,no
4752,MINNESOTA,North Central,2024,33,0,0,0,0,0,0,0,0,-0.739447199280337,-0.673214556791863,no
4753,MINNESOTA,North Central,2024,34,0,0,0,0,0,0,0,0,-0.814964707119669,-0.579510591921625,no
4754,MINNESOTA,North Central,2024,35,0,0,0,0,0,0,0,0,-0.878678814593855,-0.477413385635487,no
4755,MINNESOTA,North Central,2024,36,0,0,0,0,0,0,0,0,-0.929666729448389,-0.368401645160191,no
4756,MINNESOTA,North Central,2024,37,0,0,0,0,0,0,0,0,-0.96718997703823,-0.254054223182352,no
4757,MINNESOTA,North Central,2024,38,0,0,0,0,0,0,0,0,-0.990705095897581,-0.136027250808674,no
4758,MINNESOTA,North Central,2024,39,0,0,0,0,0,0,0,0,-0.999871508870024,-0.0160301512775393,no
4759,MINNESOTA,North Central,2024,40,0,0,0,0,0,0,0,0,-0.994556455798857,0.104199118176771,no
4760,MINNESOTA,North Central,2024,41,0,0,0,0,0,0,0,0,-0.97483691633585,0.222919237727053,no
4761,MINNESOTA,North Central,2024,42,0,0,0,0,0,0,0,0,-0.940998495019784,0.338410745057692,no
4762,MINNESOTA,North Central,2024,43,0,0,0,0,0,0,0,0,-0.893531284772509,0.449000938899674,no
4763,MINNESOTA,North Central,2024,44,0,0,0,0,0,0,0,0,-0.833122768722891,0.553088105310089,no
4764,MINNESOTA,North Central,2024,45,0,0,0,0,0,0,0,0,-0.760647863163829,0.649164715818952,no
4765,MINNESOTA,North Central,2024,46,0,0,0,0,0,0,0,0,-0.677156245853474,0.735839261457031,no
4766,MINNESOTA,North Central,2024,47,0,0,0,0,0,0,0,0,-0.583857153188981,0.811856406435312,no
4767,MINNESOTA,North Central,2024,48,0,0,0,0,0,0,0,0,-0.48210186644033,0.876115169583743,no
4768,MINNESOTA,North Central,2024,49,0,0,0,0,0,0,0,0,-0.373364140701786,0.927684870221573,no
4769,MINNESOTA,North Central,2024,50,0,0,0,0,0,0,0,0,-0.25921886001492,0.965818607510005,no
4770,MINNESOTA,North Central,2024,51,0,0,0,0,0,0,0,0,-0.141319227808016,0.989964078061293,no
4771,MINNESOTA,North Central,2024,52,0,0,0,0,0,0,0,0,-0.0213728230101764,0.999771575129327,no
4772,MINNESOTA,North Central,2025,1,0,0,0,0,0,0,0,0,0.120128619954843,0.992758336488667,no
4773,MINNESOTA,North Central,2025,2,0,0,0,0,0,0,0,0,0.238517377822098,0.97113822933549,no
4774,MINNESOTA,North Central,2025,3,0,0,0,0,0,0,0,0,0.353451610505767,0.935452809622634,no
4775,MINNESOTA,North Central,2025,4,0,0,0,0,0,0,0,0,0.463266687927793,0.886218920953741,no
4776,MINNESOTA,North Central,2025,5,0,0,0,0,0,0,0,0,0.566372122409852,0.824149633839001,no
4777,MINNESOTA,North Central,2025,6,0,0,0,0,0,0,0,0,0.661274604226529,0.750143918061759,no
4778,MINNESOTA,North Central,2025,7,0,0,0,0,0,0,0,0,0.746599629698408,0.665273622605165,no
4779,MINNESOTA,North Central,2025,8,0,0,0,0,0,0,0,0,0.821111408578364,0.570767951712827,no
4780,MINNESOTA,North Central,2025,9,0,0,0,0,0,0,0,0,0.883730762405837,0.467995661921774,no
4781,MINNESOTA,North Central,2025,10,0,0,0,0,0,0,0,0,0.933550754601395,0.358445237913918,no
4782,MINNESOTA,North Central,2025,11,0,0,0,0,0,0,0,0,0.969849825925805,0.243703334305638,no
4783,MINNESOTA,North Central,2025,12,0,0,0,0,0,0,0,0,0.992102245058455,0.125431795610095,no
4784,MINNESOTA,North Central,2025,13,0,0,0,0,0,0,0,0,0.999985722936002,0.00534358719969101,no
4785,MINNESOTA,North Central,2025,14,0,0,0,0,0,0,0,0,0.99338608057027,-0.1148220141316,no
4786,MINNESOTA,North Central,2025,15,0,0,0,0,0,0,0,0,0.972398902739873,-0.233324610682822,no
4787,MINNESOTA,North Central,2025,16,0,0,0,0,0,0,0,0,0.937328153604613,-0.348447890595089,no
4788,MINNESOTA,North Central,2025,17,0,0,0,0,0,0,0,0,0.888681774293145,-0.458524485757508,no
4789,MINNESOTA,North Central,2025,18,0,0,0,0,0,0,0,0,0.827164326225506,-0.561960120844802,no
4790,MINNESOTA,North Central,2025,19,0,0,0,0,0,0,0,0,0.75366678671966,-0.657256703728203,no
4791,MINNESOTA,North Central,2025,20,0,0,0,0,0,0,0,0,0.66925364467563,-0.743034022833669,no
4792,MINNESOTA,North Central,2025,21,0,0,0,0,0,0,0,0,0.575147483234652,-0.818049737197468,no
4793,MINNESOTA,North Central,2025,22,0,0,0,0,0,0,0,0,0.472711272707723,-0.881217369696629,no
4794,MINNESOTA,North Central,2025,23,0,0,0,0,0,0,0,0,0.363428630230867,-0.93162204285242,no
4795,MINNESOTA,North Central,2025,24,0,0,0,0,0,0,0,0,0.248882332052978,-0.968533729300055,no
4796,MINNESOTA,North Central,2025,25,0,0,0,0,0,0,0,0,0.130731389669801,-0.991417825013754,no
4797,MINNESOTA,North Central,2025,26,0,0,0,0,0,0,0,0,0.0106870218179092,-0.999942892151679,no
4798,MINNESOTA,North Central,2025,27,0,0,0,0,0,0,0,0,-0.109512129665869,-0.99398545937858,no
4799,MINNESOTA,North Central,2025,28,0,0,0,0,0,0,0,0,-0.228125181162749,-0.973631810141525,no
4800,MINNESOTA,North Central,2025,29,0,0,0,0,0,0,0,0,-0.343434221058743,-0.939176732998521,no
4801,MINNESOTA,North Central,2025,30,0,0,0,0,0,0,0,0,-0.453769190820369,-0.891119252099419,no
4802,MINNESOTA,North Central,2025,31,0,0,0,0,0,0,0,0,-0.557532072998533,-0.830155399655967,no
4803,MINNESOTA,North Central,2025,32,0,0,0,0,0,0,0,0,-0.653220035837834,-0.757168135079666,no
4804,MINNESOTA,North Central,2025,33,0,0,0,0,0,0,0,0,-0.739447199280337,-0.673214556791863,no
4805,MINNESOTA,North Central,2025,34,0,0,0,0,0,0,0,0,-0.814964707119669,-0.579510591921625,no
4806,MINNESOTA,North Central,2025,35,0,0,0,0,0,0,0,0,-0.878678814593855,-0.477413385635487,no
4807,MINNESOTA,North Central,2025,36,0,0,0,0,0,0,0,0,-0.929666729448389,-0.368401645160191,no
4808,MINNESOTA,North Central,2025,37,0,0,0,0,0,0,0,0,-0.96718997703823,-0.254054223182352,no
4809,MINNESOTA,North Central,2025,38,0,0,0,0,0,0,0,0,-0.990705095897581,-0.136027250808674,no
4810,MINNESOTA,North Central,2025,39,0,0,0,0,0,0,0,0,-0.999871508870024,-0.0160301512775393,no
4811,MINNESOTA,North Central,2025,40,0,0,0,0,0,0,0,0,-0.994556455798857,0.104199118176771,no
4812,MINNESOTA,North Central,2025,41,0,0,0,0,0,0,0,0,-0.97483691633585,0.222919237727053,no
4813,MINNESOTA,North Central,2025,42,0,0,0,0,0,0,0,0,-0.940998495019784,0.338410745057692,no
4814,MINNESOTA,North Central,2025,43,0,0,0,0,0,0,0,0,-0.893531284772509,0.449000938899674,no
4815,MINNESOTA,North Central,2025,44,0,0,0,0,0,0,0,0,-0.833122768722891,0.553088105310089,no
4816,MINNESOTA,North Central,2025,45,0,0,0,0,0,0,0,0,-0.760647863163829,0.649164715818952,no
4817,MINNESOTA,North Central,2025,46,0,0,0,0,0,0,0,0,-0.677156245853474,0.735839261457031,no
4818,MINNESOTA,North Central,2025,47,0,0,0,0,0,0,0,0,-0.583857153188981,0.811856406435312,no
4819,MINNESOTA,North Central,2025,48,0,0,0,0,0,0,0,0,-0.48210186644033,0.876115169583743,no
4820,MINNESOTA,North Central,2025,49,0,0,0,0,0,0,0,0,-0.373364140701786,0.927684870221573,no
4821,MINNESOTA,North Central,2025,50,0,0,0,0,0,0,0,0,-0.25921886001492,0.965818607510005,no
4822,MINNESOTA,North Central,2025,51,0,0,0,0,0,0,0,0,-0.141319227808016,0.989964078061293,no
4823,MINNESOTA,North Central,2025,52,0,0,0,0,0,0,0,0,-0.0213728230101764,0.999771575129327,no
4824,MINNESOTA,North Central,2025,53,0,0,0,0,0,0,0,0,0.0988831313727152,0.995099053526797,no
4825,MISSISSIPPI,South,2022,9,0,0,0,0,0,0,0,0,0.883730762405837,0.467995661921774,no
4826,MISSISSIPPI,South,2022,10,0,0,0,0,0,0,0,0,0.933550754601395,0.358445237913918,no
4827,MISSISSIPPI,South,2022,11,0,0,0,0,0,0,0,0,0.969849825925805,0.243703334305638,no
4828,MISSISSIPPI,South,2022,12,0,0,0,0,0,0,0,0,0.992102245058455,0.125431795610095,no
4829,MISSISSIPPI,South,2022,13,0,0,0,0,0,0,0,0,0.999985722936002,0.00534358719969101,no
4830,MISSISSIPPI,South,2022,14,0,0,0,0,0,0,0,0,0.99338608057027,-0.1148220141316,no
4831,MISSISSIPPI,South,2022,15,0,0,0,0,0,0,0,0,0.972398902739873,-0.233324610682822,no
4832,MISSISSIPPI,South,2022,16,0,0,0,0,0,0,0,0,0.937328153604613,-0.348447890595089,no
4833,MISSISSIPPI,South,2022,17,0,0,0,0,0,0,0,0,0.888681774293145,-0.458524485757508,no
4834,MISSISSIPPI,South,2022,18,0,0,0,0,0,0,0,0,0.827164326225506,-0.561960120844802,no
4835,MISSISSIPPI,South,2022,19,0,0,0,0,0,0,0,0,0.75366678671966,-0.657256703728203,no
4836,MISSISSIPPI,South,2022,20,0,0,0,0,0,0,0,0,0.66925364467563,-0.743034022833669,no
4837,MISSISSIPPI,South,2022,21,0,0,0,0,0,0,0,0,0.575147483234652,-0.818049737197468,no
4838,MISSISSIPPI,South,2022,22,0,0,0,0,0,0,0,0,0.472711272707723,-0.881217369696629,no
4839,MISSISSIPPI,South,2022,23,0,0,0,0,0,0,0,0,0.363428630230867,-0.93162204285242,no
4840,MISSISSIPPI,South,2022,24,0,0,0,0,0,0,0,0,0.248882332052978,-0.968533729300055,no
4841,MISSISSIPPI,South,2022,25,0,0,0,0,0,0,0,0,0.130731389669801,-0.991417825013754,no
4842,MISSISSIPPI,South,2022,26,0,0,0,0,0,0,0,0,0.0106870218179092,-0.999942892151679,no
4843,MISSISSIPPI,South,2022,27,0,0,0,0,0,0,0,0,-0.109512129665869,-0.99398545937858,no
4844,MISSISSIPPI,South,2022,28,0,0,0,0,0,0,0,0,-0.228125181162749,-0.973631810141525,no
4845,MISSISSIPPI,South,2022,29,0,0,0,0,0,0,0,0,-0.343434221058743,-0.939176732998521,no
4846,MISSISSIPPI,South,2022,30,0,0,0,0,0,0,0,0,-0.453769190820369,-0.891119252099419,no
4847,MISSISSIPPI,South,2022,31,0,0,0,0,0,0,0,0,-0.557532072998533,-0.830155399655967,no
4848,MISSISSIPPI,South,2022,32,0,0,0,0,0,0,0,0,-0.653220035837834,-0.757168135079666,no
4849,MISSISSIPPI,South,2022,33,0,0,0,0,0,0,0,0,-0.739447199280337,-0.673214556791863,no
4850,MISSISSIPPI,South,2022,34,0,0,0,0,0,0,0,0,-0.814964707119669,-0.579510591921625,no
4851,MISSISSIPPI,South,2022,35,0,0,0,0,0,0,0,0,-0.878678814593855,-0.477413385635487,no
4852,MISSISSIPPI,South,2022,36,0,0,0,0,0,0,0,0,-0.929666729448389,-0.368401645160191,no
4853,MISSISSIPPI,South,2022,37,0,0,0,0,0,0,0,0,-0.96718997703823,-0.254054223182352,no
4854,MISSISSIPPI,South,2022,38,0,0,0,0,0,0,0,0,-0.990705095897581,-0.136027250808674,no
4855,MISSISSIPPI,South,2022,39,0,0,0,0,0,0,0,0,-0.999871508870024,-0.0160301512775393,no
4856,MISSISSIPPI,South,2022,40,0,0,0,0,0,0,0,0,-0.994556455798857,0.104199118176771,no
4857,MISSISSIPPI,South,2022,41,0,0,0,0,0,0,0,0,-0.97483691633585,0.222919237727053,no
4858,MISSISSIPPI,South,2022,42,0,0,0,0,0,0,0,0,-0.940998495019784,0.338410745057692,no
4859,MISSISSIPPI,South,2022,43,0,0,0,0,0,0,0,0,-0.893531284772509,0.449000938899674,no
4860,MISSISSIPPI,South,2022,44,0,0,0,0,0,0,0,0,-0.833122768722891,0.553088105310089,no
4861,MISSISSIPPI,South,2022,45,0,0,0,0,0,0,0,0,-0.760647863163829,0.649164715818952,no
4862,MISSISSIPPI,South,2022,46,0,0,0,0,0,0,0,0,-0.677156245853474,0.735839261457031,no
4863,MISSISSIPPI,South,2022,47,0,0,0,0,0,0,0,0,-0.583857153188981,0.811856406435312,no
4864,MISSISSIPPI,South,2022,48,0,0,0,0,0,0,0,0,-0.48210186644033,0.876115169583743,no
4865,MISSISSIPPI,South,2022,49,0,0,0,0,0,0,0,0,-0.373364140701786,0.927684870221573,no
4866,MISSISSIPPI,South,2022,50,0,0,0,0,0,0,0,0,-0.25921886001492,0.965818607510005,no
4867,MISSISSIPPI,South,2022,51,0,0,0,0,0,0,0,0,-0.141319227808016,0.989964078061293,no
4868,MISSISSIPPI,South,2022,52,0,0,0,0,0,0,0,0,-0.0213728230101764,0.999771575129327,no
4869,MISSISSIPPI,South,2023,1,0,0,0,0,0,0,0,0,0.120128619954843,0.992758336488667,no
4870,MISSISSIPPI,South,2023,2,0,0,0,0,0,0,0,0,0.238517377822098,0.97113822933549,no
4871,MISSISSIPPI,South,2023,3,0,0,0,0,0,0,0,0,0.353451610505767,0.935452809622634,no
4872,MISSISSIPPI,South,2023,4,0,0,0,0,0,0,0,0,0.463266687927793,0.886218920953741,no
4873,MISSISSIPPI,South,2023,5,0,0,0,0,0,0,0,0,0.566372122409852,0.824149633839001,no
4874,MISSISSIPPI,South,2023,6,0,0,0,0,0,0,0,0,0.661274604226529,0.750143918061759,no
4875,MISSISSIPPI,South,2023,7,0,0,0,0,0,0,0,0,0.746599629698408,0.665273622605165,no
4876,MISSISSIPPI,South,2023,8,0,0,0,0,0,0,0,0,0.821111408578364,0.570767951712827,no
4877,MISSISSIPPI,South,2023,9,0,0,0,0,0,0,0,0,0.883730762405837,0.467995661921774,no
4878,MISSISSIPPI,South,2023,10,0,0,0,0,0,0,0,0,0.933550754601395,0.358445237913918,no
4879,MISSISSIPPI,South,2023,11,0,0,0,0,0,0,0,0,0.969849825925805,0.243703334305638,no
4880,MISSISSIPPI,South,2023,12,0,0,0,0,0,0,0,0,0.992102245058455,0.125431795610095,no
4881,MISSISSIPPI,South,2023,13,0,0,0,0,0,0,0,0,0.999985722936002,0.00534358719969101,no
4882,MISSISSIPPI,South,2023,14,0,0,0,0,0,0,0,0,0.99338608057027,-0.1148220141316,no
4883,MISSISSIPPI,South,2023,15,0,0,0,0,0,0,0,0,0.972398902739873,-0.233324610682822,no
4884,MISSISSIPPI,South,2023,16,0,0,0,0,0,0,0,0,0.937328153604613,-0.348447890595089,no
4885,MISSISSIPPI,South,2023,17,0,0,0,0,0,0,0,0,0.888681774293145,-0.458524485757508,no
4886,MISSISSIPPI,South,2023,18,0,0,0,0,0,0,0,0,0.827164326225506,-0.561960120844802,no
4887,MISSISSIPPI,South,2023,19,0,0,0,0,0,0,0,0,0.75366678671966,-0.657256703728203,no
4888,MISSISSIPPI,South,2023,20,0,0,0,0,0,0,0,0,0.66925364467563,-0.743034022833669,no
4889,MISSISSIPPI,South,2023,21,0,0,0,0,0,0,0,0,0.575147483234652,-0.818049737197468,no
4890,MISSISSIPPI,South,2023,22,0,0,0,0,0,0,0,0,0.472711272707723,-0.881217369696629,no
4891,MISSISSIPPI,South,2023,23,0,0,0,0,0,0,0,0,0.363428630230867,-0.93162204285242,no
4892,MISSISSIPPI,South,2023,24,0,0,0,0,0,0,0,0,0.248882332052978,-0.968533729300055,no
4893,MISSISSIPPI,South,2023,25,0,0,0,0,0,0,0,0,0.130731389669801,-0.991417825013754,no
4894,MISSISSIPPI,South,2023,26,0,0,0,0,0,0,0,0,0.0106870218179092,-0.999942892151679,no
4895,MISSISSIPPI,South,2023,27,0,0,0,0,0,0,0,0,-0.109512129665869,-0.99398545937858,no
4896,MISSISSIPPI,South,2023,28,0,0,0,0,0,0,0,0,-0.228125181162749,-0.973631810141525,no
4897,MISSISSIPPI,South,2023,29,0,0,0,0,0,0,0,0,-0.343434221058743,-0.939176732998521,no
4898,MISSISSIPPI,South,2023,30,0,0,0,0,0,0,0,0,-0.453769190820369,-0.891119252099419,no
4899,MISSISSIPPI,South,2023,31,0,0,0,0,0,0,0,0,-0.557532072998533,-0.830155399655967,no
4900,MISSISSIPPI,South,2023,32,0,0,0,0,0,0,0,0,-0.653220035837834,-0.757168135079666,no
4901,MISSISSIPPI,South,2023,33,0,0,0,0,0,0,0,0,-0.739447199280337,-0.673214556791863,no
4902,MISSISSIPPI,South,2023,34,0,0,0,0,0,0,0,0,-0.814964707119669,-0.579510591921625,no
4903,MISSISSIPPI,South,2023,35,0,0,0,0,0,0,0,0,-0.878678814593855,-0.477413385635487,no
4904,MISSISSIPPI,South,2023,36,0,0,0,0,0,0,0,0,-0.929666729448389,-0.368401645160191,no
4905,MISSISSIPPI,South,2023,37,0,0,0,0,0,0,0,0,-0.96718997703823,-0.254054223182352,no
4906,MISSISSIPPI,South,2023,38,0,0,0,0,0,0,0,0,-0.990705095897581,-0.136027250808674,no
4907,MISSISSIPPI,South,2023,39,0,0,0,0,0,0,0,0,-0.999871508870024,-0.0160301512775393,no
4908,MISSISSIPPI,South,2023,40,0,0,0,0,0,0,0,0,-0.994556455798857,0.104199118176771,no
4909,MISSISSIPPI,South,2023,41,0,0,0,0,0,0,0,0,-0.97483691633585,0.222919237727053,no
4910,MISSISSIPPI,South,2023,42,0,0,0,0,0,0,0,0,-0.940998495019784,0.338410745057692,no
4911,MISSISSIPPI,South,2023,43,0,0,0,0,0,0,0,0,-0.893531284772509,0.449000938899674,no
4912,MISSISSIPPI,South,2023,44,0,0,0,0,0,0,0,0,-0.833122768722891,0.553088105310089,no
4913,MISSISSIPPI,South,2023,45,0,0,0,0,0,0,0,0,-0.760647863163829,0.649164715818952,no
4914,MISSISSIPPI,South,2023,46,0,0,0,0,0,0,0,0,-0.677156245853474,0.735839261457031,no
4915,MISSISSIPPI,South,2023,47,0,0,0,0,0,0,0,0,-0.583857153188981,0.811856406435312,no
4916,MISSISSIPPI,South,2023,48,0,0,0,0,0,0,0,0,-0.48210186644033,0.876115169583743,no
4917,MISSISSIPPI,South,2023,49,0,0,0,0,0,0,0,0,-0.373364140701786,0.927684870221573,no
4918,MISSISSIPPI,South,2023,50,0,0,0,0,0,0,0,0,-0.25921886001492,0.965818607510005,no
4919,MISSISSIPPI,South,2023,51,0,0,0,0,0,0,0,0,-0.141319227808016,0.989964078061293,no
4920,MISSISSIPPI,South,2023,52,0,0,0,0,0,0,0,0,-0.0213728230101764,0.999771575129327,no
4921,MISSISSIPPI,South,2024,1,0,0,0,0,0,0,0,0,0.120128619954843,0.992758336488667,no
4922,MISSISSIPPI,South,2024,2,0,0,0,0,0,0,0,0,0.238517377822098,0.97113822933549,no
4923,MISSISSIPPI,South,2024,3,0,0,0,0,0,0,0,0,0.353451610505767,0.935452809622634,no
4924,MISSISSIPPI,South,2024,4,0,0,0,0,0,0,0,0,0.463266687927793,0.886218920953741,no
4925,MISSISSIPPI,South,2024,5,0,0,0,0,0,0,0,0,0.566372122409852,0.824149633839001,no
4926,MISSISSIPPI,South,2024,6,0,0,0,0,0,0,0,0,0.661274604226529,0.750143918061759,no
4927,MISSISSIPPI,South,2024,7,0,0,0,0,0,0,0,0,0.746599629698408,0.665273622605165,no
4928,MISSISSIPPI,South,2024,8,0,0,0,0,0,0,0,0,0.821111408578364,0.570767951712827,no
4929,MISSISSIPPI,South,2024,9,0,0,0,0,0,0,0,0,0.883730762405837,0.467995661921774,no
4930,MISSISSIPPI,South,2024,10,0,0,0,0,0,0,0,0,0.933550754601395,0.358445237913918,no
4931,MISSISSIPPI,South,2024,11,0,0,0,0,0,0,0,0,0.969849825925805,0.243703334305638,no
4932,MISSISSIPPI,South,2024,12,0,0,0,0,0,0,0,0,0.992102245058455,0.125431795610095,no
4933,MISSISSIPPI,South,2024,13,0,0,0,0,0,0,0,0,0.999985722936002,0.00534358719969101,no
4934,MISSISSIPPI,South,2024,14,0,0,0,0,0,0,0,0,0.99338608057027,-0.1148220141316,no
4935,MISSISSIPPI,South,2024,15,0,0,0,0,0,0,0,0,0.972398902739873,-0.233324610682822,no
4936,MISSISSIPPI,South,2024,16,0,0,0,0,0,0,0,0,0.937328153604613,-0.348447890595089,no
4937,MISSISSIPPI,South,2024,17,0,0,0,0,0,0,0,0,0.888681774293145,-0.458524485757508,no
4938,MISSISSIPPI,South,2024,18,0,0,0,0,0,0,0,0,0.827164326225506,-0.561960120844802,no
4939,MISSISSIPPI,South,2024,19,0,0,0,0,0,0,0,0,0.75366678671966,-0.657256703728203,no
4940,MISSISSIPPI,South,2024,20,0,0,0,0,0,0,0,0,0.66925364467563,-0.743034022833669,no
4941,MISSISSIPPI,South,2024,21,0,0,0,0,0,0,0,0,0.575147483234652,-0.818049737197468,no
4942,MISSISSIPPI,South,2024,22,0,0,0,0,0,0,0,0,0.472711272707723,-0.881217369696629,no
4943,MISSISSIPPI,South,2024,23,0,0,0,0,0,0,0,0,0.363428630230867,-0.93162204285242,no
4944,MISSISSIPPI,South,2024,24,0,0,0,0,0,0,0,0,0.248882332052978,-0.968533729300055,no
4945,MISSISSIPPI,South,2024,25,0,0,0,0,0,0,0,0,0.130731389669801,-0.991417825013754,no
4946,MISSISSIPPI,South,2024,26,0,0,0,0,0,0,0,0,0.0106870218179092,-0.999942892151679,no
4947,MISSISSIPPI,South,2024,27,0,0,0,0,0,0,0,0,-0.109512129665869,-0.99398545937858,no
4948,MISSISSIPPI,South,2024,28,0,0,0,0,0,0,0,0,-0.228125181162749,-0.973631810141525,no
4949,MISSISSIPPI,South,2024,29,0,0,0,0,0,0,0,0,-0.343434221058743,-0.939176732998521,no
4950,MISSISSIPPI,South,2024,30,0,0,0,0,0,0,0,0,-0.453769190820369,-0.891119252099419,no
4951,MISSISSIPPI,South,2024,31,0,0,0,0,0,0,0,0,-0.557532072998533,-0.830155399655967,no
4952,MISSISSIPPI,South,2024,32,0,0,0,0,0,0,0,0,-0.653220035837834,-0.757168135079666,no
4953,MISSISSIPPI,South,2024,33,0,0,0,0,0,0,0,0,-0.739447199280337,-0.673214556791863,no
4954,MISSISSIPPI,South,2024,34,0,0,0,0,0,0,0,0,-0.814964707119669,-0.579510591921625,no
4955,MISSISSIPPI,South,2024,35,0,0,0,0,0,0,0,0,-0.878678814593855,-0.477413385635487,no
4956,MISSISSIPPI,South,2024,36,0,0,0,0,0,0,0,0,-0.929666729448389,-0.368401645160191,no
4957,MISSISSIPPI,South,2024,37,0,0,0,0,0,0,0,0,-0.96718997703823,-0.254054223182352,no
4958,MISSISSIPPI,South,2024,38,0,0,0,0,0,0,0,0,-0.990705095897581,-0.136027250808674,no
4959,MISSISSIPPI,South,2024,39,0,0,0,0,0,0,0,0,-0.999871508870024,-0.0160301512775393,no
4960,MISSISSIPPI,South,2024,40,0,0,0,0,0,0,0,0,-0.994556455798857,0.104199118176771,no
4961,MISSISSIPPI,South,2024,41,0,0,0,0,0,0,0,0,-0.97483691633585,0.222919237727053,no
4962,MISSISSIPPI,South,2024,42,0,0,0,0,0,0,0,0,-0.940998495019784,0.338410745057692,no
4963,MISSISSIPPI,South,2024,43,0,0,0,0,0,0,0,0,-0.893531284772509,0.449000938899674,no
4964,MISSISSIPPI,South,2024,44,0,0,0,0,0,0,0,0,-0.833122768722891,0.553088105310089,no
4965,MISSISSIPPI,South,2024,45,0,0,0,0,0,0,0,0,-0.760647863163829,0.649164715818952,no
4966,MISSISSIPPI,South,2024,46,0,0,0,0,0,0,0,0,-0.677156245853474,0.735839261457031,no
4967,MISSISSIPPI,South,2024,47,0,0,0,0,0,0,0,0,-0.583857153188981,0.811856406435312,no
4968,MISSISSIPPI,South,2024,48,0,0,0,0,0,0,0,0,-0.48210186644033,0.876115169583743,no
4969,MISSISSIPPI,South,2024,49,0,0,0,0,0,0,0,0,-0.373364140701786,0.927684870221573,no
4970,MISSISSIPPI,South,2024,50,0,0,0,0,0,0,0,0,-0.25921886001492,0.965818607510005,no
4971,MISSISSIPPI,South,2024,51,0,0,0,0,0,0,0,0,-0.141319227808016,0.989964078061293,no
4972,MISSISSIPPI,South,2024,52,0,0,0,0,0,0,0,0,-0.0213728230101764,0.999771575129327,no
4973,MISSISSIPPI,South,2025,1,0,0,0,0,0,0,0,0,0.120128619954843,0.992758336488667,no
4974,MISSISSIPPI,South,2025,2,0,0,0,0,0,0,0,0,0.238517377822098,0.97113822933549,no
4975,MISSISSIPPI,South,2025,3,0,0,0,0,0,0,0,0,0.353451610505767,0.935452809622634,no
4976,MISSISSIPPI,South,2025,4,0,0,0,0,0,0,0,0,0.463266687927793,0.886218920953741,no
4977,MISSISSIPPI,South,2025,5,0,0,0,0,0,0,0,0,0.566372122409852,0.824149633839001,no
4978,MISSISSIPPI,South,2025,6,0,0,0,0,0,0,0,0,0.661274604226529,0.750143918061759,no
4979,MISSISSIPPI,South,2025,7,0,0,0,0,0,0,0,0,0.746599629698408,0.665273622605165,no
4980,MISSISSIPPI,South,2025,8,0,0,0,0,0,0,0,0,0.821111408578364,0.570767951712827,no
4981,MISSISSIPPI,South,2025,9,0,0,0,0,0,0,0,0,0.883730762405837,0.467995661921774,no
4982,MISSISSIPPI,South,2025,10,0,0,0,0,0,0,0,0,0.933550754601395,0.358445237913918,no
4983,MISSISSIPPI,South,2025,11,0,0,0,0,0,0,0,0,0.969849825925805,0.243703334305638,no
4984,MISSISSIPPI,South,2025,12,0,0,0,0,0,0,0,0,0.992102245058455,0.125431795610095,no
4985,MISSISSIPPI,South,2025,13,0,0,0,0,0,0,0,0,0.999985722936002,0.00534358719969101,no
4986,MISSISSIPPI,South,2025,14,0,0,0,0,0,0,0,0,0.99338608057027,-0.1148220141316,no
4987,MISSISSIPPI,South,2025,15,0,0,0,0,0,0,0,0,0.972398902739873,-0.233324610682822,no
4988,MISSISSIPPI,South,2025,16,0,0,0,0,0,0,0,0,0.937328153604613,-0.348447890595089,no
4989,MISSISSIPPI,South,2025,17,0,0,0,0,0,0,0,0,0.888681774293145,-0.458524485757508,no
4990,MISSISSIPPI,South,2025,18,0,0,0,0,0,0,0,0,0.827164326225506,-0.561960120844802,no
4991,MISSISSIPPI,South,2025,19,0,0,0,0,0,0,0,0,0.75366678671966,-0.657256703728203,no
4992,MISSISSIPPI,South,2025,20,0,0,0,0,0,0,0,0,0.66925364467563,-0.743034022833669,no
4993,MISSISSIPPI,South,2025,21,0,0,0,0,0,0,0,0,0.575147483234652,-0.818049737197468,no
4994,MISSISSIPPI,South,2025,22,0,0,0,0,0,0,0,0,0.472711272707723,-0.881217369696629,no
4995,MISSISSIPPI,South,2025,23,0,0,0,0,0,0,0,0,0.363428630230867,-0.93162204285242,no
4996,MISSISSIPPI,South,2025,24,0,0,0,0,0,0,0,0,0.248882332052978,-0.968533729300055,no
4997,MISSISSIPPI,South,2025,25,0,0,0,0,0,0,0,0,0.130731389669801,-0.991417825013754,no
4998,MISSISSIPPI,South,2025,26,0,0,0,0,0,0,0,0,0.0106870218179092,-0.999942892151679,no
4999,MISSISSIPPI,South,2025,27,0,0,0,0,0,0,0,0,-0.109512129665869,-0.99398545937858,no
5000,MISSISSIPPI,South,2025,28,0,0,0,0,0,0,0,0,-0.228125181162749,-0.973631810141525,no
5001,MISSISSIPPI,South,2025,29,0,0,0,0,0,0,0,0,-0.343434221058743,-0.939176732998521,no
5002,MISSISSIPPI,South,2025,30,0,0,0,0,0,0,0,0,-0.453769190820369,-0.891119252099419,no
5003,MISSISSIPPI,South,2025,31,0,0,0,0,0,0,0,0,-0.557532072998533,-0.830155399655967,no
5004,MISSISSIPPI,South,2025,32,0,0,0,0,0,0,0,0,-0.653220035837834,-0.757168135079666,no
5005,MISSISSIPPI,South,2025,33,0,0,0,0,0,0,0,0,-0.739447199280337,-0.673214556791863,no
5006,MISSISSIPPI,South,2025,34,0,0,0,0,0,0,0,0,-0.814964707119669,-0.579510591921625,no
5007,MISSISSIPPI,South,2025,35,0,0,0,0,0,0,0,0,-0.878678814593855,-0.477413385635487,no
5008,MISSISSIPPI,South,2025,36,0,0,0,0,0,0,0,0,-0.929666729448389,-0.368401645160191,no
5009,MISSISSIPPI,South,2025,37,0,0,0,0,0,0,0,0,-0.96718997703823,-0.254054223182352,no
5010,MISSISSIPPI,South,2025,38,0,0,0,0,0,0,0,0,-0.990705095897581,-0.136027250808674,no
5011,MISSISSIPPI,South,2025,39,0,0,0,0,0,0,0,0,-0.999871508870024,-0.0160301512775393,no
5012,MISSISSIPPI,South,2025,40,0,0,0,0,0,0,0,0,-0.994556455798857,0.104199118176771,no
5013,MISSISSIPPI,South,2025,41,0,0,0,0,0,0,0,0,-0.97483691633585,0.222919237727053,no
5014,MISSISSIPPI,South,2025,42,0,0,0,0,0,0,0,0,-0.940998495019784,0.338410745057692,no
5015,MISSISSIPPI,South,2025,43,0,0,0,0,0,0,0,0,-0.893531284772509,0.449000938899674,no
5016,MISSISSIPPI,South,2025,44,0,0,0,0,0,0,0,0,-0.833122768722891,0.553088105310089,no
5017,MISSISSIPPI,South,2025,45,0,0,0,0,0,0,0,0,-0.760647863163829,0.649164715818952,no
5018,MISSISSIPPI,South,2025,46,0,0,0,0,0,0,0,0,-0.677156245853474,0.735839261457031,no
5019,MISSISSIPPI,South,2025,47,0,0,0,0,0,0,0,0,-0.583857153188981,0.811856406435312,no
5020,MISSISSIPPI,South,2025,48,0,0,0,0,0,0,0,0,-0.48210186644033,0.876115169583743,no
5021,MISSISSIPPI,South,2025,49,0,0,0,0,0,0,0,0,-0.373364140701786,0.927684870221573,no
5022,MISSISSIPPI,South,2025,50,0,0,0,0,0,0,0,0,-0.25921886001492,0.965818607510005,no
5023,MISSISSIPPI,South,2025,51,0,0,0,0,0,0,0,0,-0.141319227808016,0.989964078061293,no
5024,MISSISSIPPI,South,2025,52,0,0,0,0,0,0,0,0,-0.0213728230101764,0.999771575129327,no
5025,MISSISSIPPI,South,2025,53,0,0,0,0,0,0,0,0,0.0988831313727152,0.995099053526797,no
5026,MISSOURI,North Central,2022,9,0,0,0,0,0,0,0,0,0.883730762405837,0.467995661921774,no
5027,MISSOURI,North Central,2022,10,0,0,0,0,0,0,0,0,0.933550754601395,0.358445237913918,no
5028,MISSOURI,North Central,2022,11,0,0,0,0,0,0,0,0,0.969849825925805,0.243703334305638,no
5029,MISSOURI,North Central,2022,12,0,0,0,0,0,0,0,0,0.992102245058455,0.125431795610095,no
5030,MISSOURI,North Central,2022,13,0,0,0,0,0,0,0,0,0.999985722936002,0.00534358719969101,no
5031,MISSOURI,North Central,2022,14,0,0,0,0,0,0,0,0,0.99338608057027,-0.1148220141316,no
5032,MISSOURI,North Central,2022,15,0,0,0,0,0,0,0,0,0.972398902739873,-0.233324610682822,no
5033,MISSOURI,North Central,2022,16,0,0,0,0,0,0,0,0,0.937328153604613,-0.348447890595089,no
5034,MISSOURI,North Central,2022,17,0,0,0,0,0,0,0,0,0.888681774293145,-0.458524485757508,no
5035,MISSOURI,North Central,2022,18,0,0,0,0,0,0,0,0,0.827164326225506,-0.561960120844802,no
5036,MISSOURI,North Central,2022,19,0,0,0,0,0,0,0,0,0.75366678671966,-0.657256703728203,no
5037,MISSOURI,North Central,2022,20,0,0,0,0,0,0,0,0,0.66925364467563,-0.743034022833669,no
5038,MISSOURI,North Central,2022,21,0,0,0,0,0,0,0,0,0.575147483234652,-0.818049737197468,no
5039,MISSOURI,North Central,2022,22,0,0,0,0,0,0,0,0,0.472711272707723,-0.881217369696629,no
5040,MISSOURI,North Central,2022,23,0,0,0,0,0,0,0,0,0.363428630230867,-0.93162204285242,no
5041,MISSOURI,North Central,2022,24,0,0,0,0,0,0,0,0,0.248882332052978,-0.968533729300055,no
5042,MISSOURI,North Central,2022,25,0,0,0,0,0,0,0,0,0.130731389669801,-0.991417825013754,no
5043,MISSOURI,North Central,2022,26,0,0,0,0,0,0,0,0,0.0106870218179092,-0.999942892151679,no
5044,MISSOURI,North Central,2022,27,0,0,0,0,0,0,0,0,-0.109512129665869,-0.99398545937858,no
5045,MISSOURI,North Central,2022,28,0,0,0,0,0,0,0,0,-0.228125181162749,-0.973631810141525,no
5046,MISSOURI,North Central,2022,29,0,0,0,0,0,0,0,0,-0.343434221058743,-0.939176732998521,no
5047,MISSOURI,North Central,2022,30,0,0,0,0,0,0,0,0,-0.453769190820369,-0.891119252099419,no
5048,MISSOURI,North Central,2022,31,0,0,0,0,0,0,0,0,-0.557532072998533,-0.830155399655967,no
5049,MISSOURI,North Central,2022,32,0,0,0,0,0,0,0,0,-0.653220035837834,-0.757168135079666,no
5050,MISSOURI,North Central,2022,33,0,0,0,0,0,0,0,0,-0.739447199280337,-0.673214556791863,no
5051,MISSOURI,North Central,2022,34,0,0,0,0,0,0,0,0,-0.814964707119669,-0.579510591921625,no
5052,MISSOURI,North Central,2022,35,0,0,0,0,0,0,0,0,-0.878678814593855,-0.477413385635487,no
5053,MISSOURI,North Central,2022,36,0,0,0,0,0,0,0,0,-0.929666729448389,-0.368401645160191,no
5054,MISSOURI,North Central,2022,37,0,0,0,0,0,0,0,0,-0.96718997703823,-0.254054223182352,no
5055,MISSOURI,North Central,2022,38,0,0,0,0,0,0,0,0,-0.990705095897581,-0.136027250808674,no
5056,MISSOURI,North Central,2022,39,0,0,0,0,0,0,0,0,-0.999871508870024,-0.0160301512775393,no
5057,MISSOURI,North Central,2022,40,0,0,0,0,0,0,0,0,-0.994556455798857,0.104199118176771,no
5058,MISSOURI,North Central,2022,41,0,0,0,0,0,0,0,0,-0.97483691633585,0.222919237727053,no
5059,MISSOURI,North Central,2022,42,0,0,0,0,0,0,0,0,-0.940998495019784,0.338410745057692,no
5060,MISSOURI,North Central,2022,43,0,0,0,0,0,0,0,0,-0.893531284772509,0.449000938899674,no
5061,MISSOURI,North Central,2022,44,0,0,0,0,0,0,0,0,-0.833122768722891,0.553088105310089,no
5062,MISSOURI,North Central,2022,45,0,0,0,0,0,0,0,0,-0.760647863163829,0.649164715818952,no
5063,MISSOURI,North Central,2022,46,0,0,0,0,0,0,0,0,-0.677156245853474,0.735839261457031,no
5064,MISSOURI,North Central,2022,47,0,0,0,0,0,0,0,0,-0.583857153188981,0.811856406435312,no
5065,MISSOURI,North Central,2022,48,0,0,0,0,0,0,0,0,-0.48210186644033,0.876115169583743,no
5066,MISSOURI,North Central,2022,49,0,0,0,0,0,0,0,0,-0.373364140701786,0.927684870221573,no
5067,MISSOURI,North Central,2022,50,0,0,0,0,0,0,0,0,-0.25921886001492,0.965818607510005,no
5068,MISSOURI,North Central,2022,51,0,0,0,0,0,0,0,0,-0.141319227808016,0.989964078061293,no
5069,MISSOURI,North Central,2022,52,0,0,0,0,0,0,0,0,-0.0213728230101764,0.999771575129327,no
5070,MISSOURI,North Central,2023,1,0,0,0,0,0,0,0,0,0.120128619954843,0.992758336488667,no
5071,MISSOURI,North Central,2023,2,0,0,0,0,0,0,0,0,0.238517377822098,0.97113822933549,no
5072,MISSOURI,North Central,2023,3,0,0,0,0,0,0,0,0,0.353451610505767,0.935452809622634,no
5073,MISSOURI,North Central,2023,4,0,0,0,0,0,0,0,0,0.463266687927793,0.886218920953741,no
5074,MISSOURI,North Central,2023,5,0,0,0,0,0,0,0,0,0.566372122409852,0.824149633839001,no
5075,MISSOURI,North Central,2023,6,0,0,0,0,0,0,0,0,0.661274604226529,0.750143918061759,no
5076,MISSOURI,North Central,2023,7,0,0,0,0,0,0,0,0,0.746599629698408,0.665273622605165,no
5077,MISSOURI,North Central,2023,8,0,0,0,0,0,0,0,0,0.821111408578364,0.570767951712827,no
5078,MISSOURI,North Central,2023,9,0,0,0,0,0,0,0,0,0.883730762405837,0.467995661921774,no
5079,MISSOURI,North Central,2023,10,0,0,0,0,0,0,0,0,0.933550754601395,0.358445237913918,no
5080,MISSOURI,North Central,2023,11,0,0,0,0,0,0,0,0,0.969849825925805,0.243703334305638,no
5081,MISSOURI,North Central,2023,12,0,0,0,0,0,0,0,0,0.992102245058455,0.125431795610095,no
5082,MISSOURI,North Central,2023,13,0,0,0,0,0,0,0,0,0.999985722936002,0.00534358719969101,no
5083,MISSOURI,North Central,2023,14,0,0,0,0,0,0,0,0,0.99338608057027,-0.1148220141316,no
5084,MISSOURI,North Central,2023,15,0,0,0,0,0,0,0,0,0.972398902739873,-0.233324610682822,no
5085,MISSOURI,North Central,2023,16,0,0,0,0,0,0,0,0,0.937328153604613,-0.348447890595089,no
5086,MISSOURI,North Central,2023,17,0,0,0,0,0,0,0,0,0.888681774293145,-0.458524485757508,no
5087,MISSOURI,North Central,2023,18,0,0,0,0,0,0,0,0,0.827164326225506,-0.561960120844802,no
5088,MISSOURI,North Central,2023,19,0,0,0,0,0,0,0,0,0.75366678671966,-0.657256703728203,no
5089,MISSOURI,North Central,2023,20,0,0,0,0,0,0,0,0,0.66925364467563,-0.743034022833669,no
5090,MISSOURI,North Central,2023,21,0,0,0,0,0,0,0,0,0.575147483234652,-0.818049737197468,no
5091,MISSOURI,North Central,2023,22,0,0,0,0,0,0,0,0,0.472711272707723,-0.881217369696629,no
5092,MISSOURI,North Central,2023,23,0,0,0,0,0,0,0,0,0.363428630230867,-0.93162204285242,no
5093,MISSOURI,North Central,2023,24,0,0,0,0,0,0,0,0,0.248882332052978,-0.968533729300055,no
5094,MISSOURI,North Central,2023,25,0,0,0,0,0,0,0,0,0.130731389669801,-0.991417825013754,no
5095,MISSOURI,North Central,2023,26,0,0,0,0,0,0,0,0,0.0106870218179092,-0.999942892151679,no
5096,MISSOURI,North Central,2023,27,0,0,0,0,0,0,0,0,-0.109512129665869,-0.99398545937858,no
5097,MISSOURI,North Central,2023,28,0,0,0,0,0,0,0,0,-0.228125181162749,-0.973631810141525,no
5098,MISSOURI,North Central,2023,29,0,0,0,0,0,0,0,0,-0.343434221058743,-0.939176732998521,no
5099,MISSOURI,North Central,2023,30,0,0,0,0,0,0,0,0,-0.453769190820369,-0.891119252099419,no
5100,MISSOURI,North Central,2023,31,0,0,0,0,0,0,0,0,-0.557532072998533,-0.830155399655967,no
5101,MISSOURI,North Central,2023,32,0,0,0,0,0,0,0,0,-0.653220035837834,-0.757168135079666,no
5102,MISSOURI,North Central,2023,33,0,0,0,0,0,0,0,0,-0.739447199280337,-0.673214556791863,no
5103,MISSOURI,North Central,2023,34,0,0,0,0,0,0,0,0,-0.814964707119669,-0.579510591921625,no
5104,MISSOURI,North Central,2023,35,0,0,0,0,0,0,0,0,-0.878678814593855,-0.477413385635487,no
5105,MISSOURI,North Central,2023,36,0,0,0,0,0,0,0,0,-0.929666729448389,-0.368401645160191,no
5106,MISSOURI,North Central,2023,37,0,0,0,0,0,0,0,0,-0.96718997703823,-0.254054223182352,no
5107,MISSOURI,North Central,2023,38,0,0,0,0,0,0,0,0,-0.990705095897581,-0.136027250808674,no
5108,MISSOURI,North Central,2023,39,0,0,0,0,0,0,0,0,-0.999871508870024,-0.0160301512775393,no
5109,MISSOURI,North Central,2023,40,0,0,0,0,0,0,0,0,-0.994556455798857,0.104199118176771,no
5110,MISSOURI,North Central,2023,41,0,0,0,0,0,0,0,0,-0.97483691633585,0.222919237727053,no
5111,MISSOURI,North Central,2023,42,0,0,0,0,0,0,0,0,-0.940998495019784,0.338410745057692,no
5112,MISSOURI,North Central,2023,43,0,0,0,0,0,0,0,0,-0.893531284772509,0.449000938899674,no
5113,MISSOURI,North Central,2023,44,0,0,0,0,0,0,0,0,-0.833122768722891,0.553088105310089,no
5114,MISSOURI,North Central,2023,45,0,0,0,0,0,0,0,0,-0.760647863163829,0.649164715818952,no
5115,MISSOURI,North Central,2023,46,0,0,0,0,0,0,0,0,-0.677156245853474,0.735839261457031,no
5116,MISSOURI,North Central,2023,47,0,0,0,0,0,0,0,0,-0.583857153188981,0.811856406435312,no
5117,MISSOURI,North Central,2023,48,0,0,0,0,0,0,0,0,-0.48210186644033,0.876115169583743,no
5118,MISSOURI,North Central,2023,49,0,0,0,0,0,0,0,0,-0.373364140701786,0.927684870221573,no
5119,MISSOURI,North Central,2023,50,0,0,0,0,0,0,0,0,-0.25921886001492,0.965818607510005,no
5120,MISSOURI,North Central,2023,51,0,0,0,0,0,0,0,0,-0.141319227808016,0.989964078061293,no
5121,MISSOURI,North Central,2023,52,0,0,0,0,0,0,0,0,-0.0213728230101764,0.999771575129327,no
5122,MISSOURI,North Central,2024,1,0,0,0,0,0,0,0,0,0.120128619954843,0.992758336488667,no
5123,MISSOURI,North Central,2024,2,0,0,0,0,0,0,0,0,0.238517377822098,0.97113822933549,no
5124,MISSOURI,North Central,2024,3,0,0,0,0,0,0,0,0,0.353451610505767,0.935452809622634,no
5125,MISSOURI,North Central,2024,4,0,0,0,0,0,0,0,0,0.463266687927793,0.886218920953741,no
5126,MISSOURI,North Central,2024,5,0,0,0,0,0,0,0,0,0.566372122409852,0.824149633839001,no
5127,MISSOURI,North Central,2024,6,0,0,0,0,0,0,0,0,0.661274604226529,0.750143918061759,no
5128,MISSOURI,North Central,2024,7,0,0,0,0,0,0,0,0,0.746599629698408,0.665273622605165,no
5129,MISSOURI,North Central,2024,8,0,0,0,0,0,0,0,0,0.821111408578364,0.570767951712827,no
5130,MISSOURI,North Central,2024,9,0,0,0,0,0,0,0,0,0.883730762405837,0.467995661921774,no
5131,MISSOURI,North Central,2024,10,0,0,0,0,0,0,0,0,0.933550754601395,0.358445237913918,no
5132,MISSOURI,North Central,2024,11,0,0,0,0,0,0,0,0,0.969849825925805,0.243703334305638,no
5133,MISSOURI,North Central,2024,12,0,0,0,0,0,0,0,0,0.992102245058455,0.125431795610095,no
5134,MISSOURI,North Central,2024,13,0,0,0,0,0,0,0,0,0.999985722936002,0.00534358719969101,no
5135,MISSOURI,North Central,2024,14,0,0,0,0,0,0,0,0,0.99338608057027,-0.1148220141316,no
5136,MISSOURI,North Central,2024,15,0,0,0,0,0,0,0,0,0.972398902739873,-0.233324610682822,no
5137,MISSOURI,North Central,2024,16,0,0,0,0,0,0,0,0,0.937328153604613,-0.348447890595089,no
5138,MISSOURI,North Central,2024,17,0,0,0,0,0,0,0,0,0.888681774293145,-0.458524485757508,no
5139,MISSOURI,North Central,2024,18,0,0,0,0,0,0,0,0,0.827164326225506,-0.561960120844802,no
5140,MISSOURI,North Central,2024,19,0,0,0,0,0,0,0,0,0.75366678671966,-0.657256703728203,no
5141,MISSOURI,North Central,2024,20,0,0,0,0,0,0,0,0,0.66925364467563,-0.743034022833669,no
5142,MISSOURI,North Central,2024,21,0,0,0,0,0,0,0,0,0.575147483234652,-0.818049737197468,no
5143,MISSOURI,North Central,2024,22,0,0,0,0,0,0,0,0,0.472711272707723,-0.881217369696629,no
5144,MISSOURI,North Central,2024,23,0,0,0,0,0,0,0,0,0.363428630230867,-0.93162204285242,no
5145,MISSOURI,North Central,2024,24,0,0,0,0,0,0,0,0,0.248882332052978,-0.968533729300055,no
5146,MISSOURI,North Central,2024,25,0,0,0,0,0,0,0,0,0.130731389669801,-0.991417825013754,no
5147,MISSOURI,North Central,2024,26,0,0,0,0,0,0,0,0,0.0106870218179092,-0.999942892151679,no
5148,MISSOURI,North Central,2024,27,0,0,0,0,0,0,0,0,-0.109512129665869,-0.99398545937858,no
5149,MISSOURI,North Central,2024,28,0,0,0,0,0,0,0,0,-0.228125181162749,-0.973631810141525,no
5150,MISSOURI,North Central,2024,29,0,0,0,0,0,0,0,0,-0.343434221058743,-0.939176732998521,no
5151,MISSOURI,North Central,2024,30,0,0,0,0,0,0,0,0,-0.453769190820369,-0.891119252099419,no
5152,MISSOURI,North Central,2024,31,0,0,0,0,0,0,0,0,-0.557532072998533,-0.830155399655967,no
5153,MISSOURI,North Central,2024,32,0,0,0,0,0,0,0,0,-0.653220035837834,-0.757168135079666,no
5154,MISSOURI,North Central,2024,33,0,0,0,0,0,0,0,0,-0.739447199280337,-0.673214556791863,no
5155,MISSOURI,North Central,2024,34,0,0,0,0,0,0,0,0,-0.814964707119669,-0.579510591921625,no
5156,MISSOURI,North Central,2024,35,0,0,0,0,0,0,0,0,-0.878678814593855,-0.477413385635487,no
5157,MISSOURI,North Central,2024,36,0,0,0,0,0,0,0,0,-0.929666729448389,-0.368401645160191,no
5158,MISSOURI,North Central,2024,37,0,0,0,0,0,0,0,0,-0.96718997703823,-0.254054223182352,no
5159,MISSOURI,North Central,2024,38,0,0,0,0,0,0,0,0,-0.990705095897581,-0.136027250808674,no
5160,MISSOURI,North Central,2024,39,0,0,0,0,0,0,0,0,-0.999871508870024,-0.0160301512775393,no
5161,MISSOURI,North Central,2024,40,0,0,0,0,0,0,0,0,-0.994556455798857,0.104199118176771,no
5162,MISSOURI,North Central,2024,41,0,0,0,0,0,0,0,0,-0.97483691633585,0.222919237727053,no
5163,MISSOURI,North Central,2024,42,0,0,0,0,0,0,0,0,-0.940998495019784,0.338410745057692,no
5164,MISSOURI,North Central,2024,43,0,0,0,0,0,0,0,0,-0.893531284772509,0.449000938899674,no
5165,MISSOURI,North Central,2024,44,0,0,0,0,0,0,0,0,-0.833122768722891,0.553088105310089,no
5166,MISSOURI,North Central,2024,45,0,0,0,0,0,0,0,0,-0.760647863163829,0.649164715818952,no
5167,MISSOURI,North Central,2024,46,0,0,0,0,0,0,0,0,-0.677156245853474,0.735839261457031,no
5168,MISSOURI,North Central,2024,47,0,0,0,0,0,0,0,0,-0.583857153188981,0.811856406435312,no
5169,MISSOURI,North Central,2024,48,0,0,0,0,0,0,0,0,-0.48210186644033,0.876115169583743,no
5170,MISSOURI,North Central,2024,49,0,0,0,0,0,0,0,0,-0.373364140701786,0.927684870221573,no
5171,MISSOURI,North Central,2024,50,0,0,0,0,0,0,0,0,-0.25921886001492,0.965818607510005,no
5172,MISSOURI,North Central,2024,51,0,0,0,0,0,0,0,0,-0.141319227808016,0.989964078061293,no
5173,MISSOURI,North Central,2024,52,0,0,0,0,0,0,0,0,-0.0213728230101764,0.999771575129327,no
5174,MISSOURI,North Central,2025,1,0,0,0,0,0,0,0,0,0.120128619954843,0.992758336488667,no
5175,MISSOURI,North Central,2025,2,0,0,0,0,0,0,0,0,0.238517377822098,0.97113822933549,no
5176,MISSOURI,North Central,2025,3,0,0,0,0,0,0,0,0,0.353451610505767,0.935452809622634,no
5177,MISSOURI,North Central,2025,4,0,0,0,0,0,0,0,0,0.463266687927793,0.886218920953741,no
5178,MISSOURI,North Central,2025,5,0,0,0,0,0,0,0,0,0.566372122409852,0.824149633839001,no
5179,MISSOURI,North Central,2025,6,0,0,0,0,0,0,0,0,0.661274604226529,0.750143918061759,no
5180,MISSOURI,North Central,2025,7,0,0,0,0,0,0,0,0,0.746599629698408,0.665273622605165,no
5181,MISSOURI,North Central,2025,8,0,0,0,0,0,0,0,0,0.821111408578364,0.570767951712827,no
5182,MISSOURI,North Central,2025,9,0,0,0,0,0,0,0,0,0.883730762405837,0.467995661921774,no
5183,MISSOURI,North Central,2025,10,0,0,0,0,0,0,0,0,0.933550754601395,0.358445237913918,no
5184,MISSOURI,North Central,2025,11,0,0,0,0,0,0,0,0,0.969849825925805,0.243703334305638,no
5185,MISSOURI,North Central,2025,12,0,0,0,0,0,0,0,0,0.992102245058455,0.125431795610095,no
5186,MISSOURI,North Central,2025,13,0,0,0,0,0,0,0,0,0.999985722936002,0.00534358719969101,no
5187,MISSOURI,North Central,2025,14,0,0,0,0,0,0,0,0,0.99338608057027,-0.1148220141316,no
5188,MISSOURI,North Central,2025,15,0,0,0,0,0,0,0,0,0.972398902739873,-0.233324610682822,no
5189,MISSOURI,North Central,2025,16,0,0,0,0,0,0,0,0,0.937328153604613,-0.348447890595089,no
5190,MISSOURI,North Central,2025,17,0,0,0,0,0,0,0,0,0.888681774293145,-0.458524485757508,no
5191,MISSOURI,North Central,2025,18,0,0,0,0,0,0,0,0,0.827164326225506,-0.561960120844802,no
5192,MISSOURI,North Central,2025,19,0,0,0,0,0,0,0,0,0.75366678671966,-0.657256703728203,no
5193,MISSOURI,North Central,2025,20,0,0,0,0,0,0,0,0,0.66925364467563,-0.743034022833669,no
5194,MISSOURI,North Central,2025,21,0,0,0,0,0,0,0,0,0.575147483234652,-0.818049737197468,no
5195,MISSOURI,North Central,2025,22,0,0,0,0,0,0,0,0,0.472711272707723,-0.881217369696629,no
5196,MISSOURI,North Central,2025,23,0,0,0,0,0,0,0,0,0.363428630230867,-0.93162204285242,no
5197,MISSOURI,North Central,2025,24,0,0,0,0,0,0,0,0,0.248882332052978,-0.968533729300055,no
5198,MISSOURI,North Central,2025,25,0,0,0,0,0,0,0,0,0.130731389669801,-0.991417825013754,no
5199,MISSOURI,North Central,2025,26,0,0,0,0,0,0,0,0,0.0106870218179092,-0.999942892151679,no
5200,MISSOURI,North Central,2025,27,0,0,0,0,0,0,0,0,-0.109512129665869,-0.99398545937858,no
5201,MISSOURI,North Central,2025,28,0,0,0,0,0,0,0,0,-0.228125181162749,-0.973631810141525,no
5202,MISSOURI,North Central,2025,29,0,0,0,0,0,0,0,0,-0.343434221058743,-0.939176732998521,no
5203,MISSOURI,North Central,2025,30,0,0,0,0,0,0,0,0,-0.453769190820369,-0.891119252099419,no
5204,MISSOURI,North Central,2025,31,0,0,0,0,0,0,0,0,-0.557532072998533,-0.830155399655967,no
5205,MISSOURI,North Central,2025,32,0,0,0,0,0,0,0,0,-0.653220035837834,-0.757168135079666,no
5206,MISSOURI,North Central,2025,33,0,0,0,0,0,0,0,0,-0.739447199280337,-0.673214556791863,no
5207,MISSOURI,North Central,2025,34,0,0,0,0,0,0,0,0,-0.814964707119669,-0.579510591921625,no
5208,MISSOURI,North Central,2025,35,0,0,0,0,0,0,0,0,-0.878678814593855,-0.477413385635487,no
5209,MISSOURI,North Central,2025,36,0,0,0,0,0,0,0,0,-0.929666729448389,-0.368401645160191,no
5210,MISSOURI,North Central,2025,37,0,0,0,0,0,0,0,0,-0.96718997703823,-0.254054223182352,no
5211,MISSOURI,North Central,2025,38,0,0,0,0,0,0,0,0,-0.990705095897581,-0.136027250808674,no
5212,MISSOURI,North Central,2025,39,0,0,0,0,0,0,0,0,-0.999871508870024,-0.0160301512775393,no
5213,MISSOURI,North Central,2025,40,0,0,0,0,0,0,0,0,-0.994556455798857,0.104199118176771,no
5214,MISSOURI,North Central,2025,41,0,0,0,0,0,0,0,0,-0.97483691633585,0.222919237727053,no
5215,MISSOURI,North Central,2025,42,0,0,0,0,0,0,0,0,-0.940998495019784,0.338410745057692,no
5216,MISSOURI,North Central,2025,43,0,0,0,0,0,0,0,0,-0.893531284772509,0.449000938899674,no
5217,MISSOURI,North Central,2025,44,0,0,0,0,0,0,0,0,-0.833122768722891,0.553088105310089,no
5218,MISSOURI,North Central,2025,45,0,0,0,0,0,0,0,0,-0.760647863163829,0.649164715818952,no
5219,MISSOURI,North Central,2025,46,0,0,0,0,0,0,0,0,-0.677156245853474,0.735839261457031,no
5220,MISSOURI,North Central,2025,47,0,0,0,0,0,0,0,0,-0.583857153188981,0.811856406435312,no
5221,MISSOURI,North Central,2025,48,0,0,0,0,0,0,0,0,-0.48210186644033,0.876115169583743,no
5222,MISSOURI,North Central,2025,49,0,0,0,0,0,0,0,0,-0.373364140701786,0.927684870221573,no
5223,MISSOURI,North Central,2025,50,0,0,0,0,0,0,0,0,-0.25921886001492,0.965818607510005,no
5224,MISSOURI,North Central,2025,51,0,0,0,0,0,0,0,0,-0.141319227808016,0.989964078061293,no
5225,MISSOURI,North Central,2025,52,0,0,0,0,0,0,0,0,-0.0213728230101764,0.999771575129327,no
5226,MISSOURI,North Central,2025,53,0,0,0,0,0,0,0,0,0.0988831313727152,0.995099053526797,no
5227,MONTANA,West,2022,9,0,0,0,0,0,0,0,0,0.883730762405837,0.467995661921774,no
5228,MONTANA,West,2022,10,0,0,0,0,0,0,0,0,0.933550754601395,0.358445237913918,no
5229,MONTANA,West,2022,11,0,0,0,0,0,0,0,0,0.969849825925805,0.243703334305638,no
5230,MONTANA,West,2022,12,0,0,0,0,0,0,0,0,0.992102245058455,0.125431795610095,no
5231,MONTANA,West,2022,13,0,0,0,0,0,0,0,0,0.999985722936002,0.00534358719969101,no
5232,MONTANA,West,2022,14,0,0,0,0,0,0,0,0,0.99338608057027,-0.1148220141316,no
5233,MONTANA,West,2022,15,0,0,0,0,0,0,0,0,0.972398902739873,-0.233324610682822,no
5234,MONTANA,West,2022,16,0,0,0,0,0,0,0,0,0.937328153604613,-0.348447890595089,no
5235,MONTANA,West,2022,17,0,0,0,0,0,0,0,0,0.888681774293145,-0.458524485757508,no
5236,MONTANA,West,2022,18,0,0,0,0,0,0,0,0,0.827164326225506,-0.561960120844802,no
5237,MONTANA,West,2022,19,0,0,0,0,0,0,0,0,0.75366678671966,-0.657256703728203,no
5238,MONTANA,West,2022,20,0,0,0,0,0,0,0,0,0.66925364467563,-0.743034022833669,no
5239,MONTANA,West,2022,21,0,0,0,0,0,0,0,0,0.575147483234652,-0.818049737197468,no
5240,MONTANA,West,2022,22,0,0,0,0,0,0,0,0,0.472711272707723,-0.881217369696629,no
5241,MONTANA,West,2022,23,0,0,0,0,0,0,0,0,0.363428630230867,-0.93162204285242,no
5242,MONTANA,West,2022,24,0,0,0,0,0,0,0,0,0.248882332052978,-0.968533729300055,no
5243,MONTANA,West,2022,25,0,0,0,0,0,0,0,0,0.130731389669801,-0.991417825013754,no
5244,MONTANA,West,2022,26,0,0,0,0,0,0,0,0,0.0106870218179092,-0.999942892151679,no
5245,MONTANA,West,2022,27,0,0,0,0,0,0,0,0,-0.109512129665869,-0.99398545937858,no
5246,MONTANA,West,2022,28,0,0,0,0,0,0,0,0,-0.228125181162749,-0.973631810141525,no
5247,MONTANA,West,2022,29,0,0,0,0,0,0,0,0,-0.343434221058743,-0.939176732998521,no
5248,MONTANA,West,2022,30,0,0,0,0,0,0,0,0,-0.453769190820369,-0.891119252099419,no
5249,MONTANA,West,2022,31,0,0,0,0,0,0,0,0,-0.557532072998533,-0.830155399655967,no
5250,MONTANA,West,2022,32,0,0,0,0,0,0,0,0,-0.653220035837834,-0.757168135079666,no
5251,MONTANA,West,2022,33,0,0,0,0,0,0,0,0,-0.739447199280337,-0.673214556791863,no
5252,MONTANA,West,2022,34,0,0,0,0,0,0,0,0,-0.814964707119669,-0.579510591921625,no
5253,MONTANA,West,2022,35,0,0,0,0,0,0,0,0,-0.878678814593855,-0.477413385635487,no
5254,MONTANA,West,2022,36,0,0,0,0,0,0,0,0,-0.929666729448389,-0.368401645160191,no
5255,MONTANA,West,2022,37,0,0,0,0,0,0,0,0,-0.96718997703823,-0.254054223182352,no
5256,MONTANA,West,2022,38,0,0,0,0,0,0,0,0,-0.990705095897581,-0.136027250808674,no
5257,MONTANA,West,2022,39,0,0,0,0,0,0,0,0,-0.999871508870024,-0.0160301512775393,no
5258,MONTANA,West,2022,40,0,0,0,0,0,0,0,0,-0.994556455798857,0.104199118176771,no
5259,MONTANA,West,2022,41,0,0,0,0,0,0,0,0,-0.97483691633585,0.222919237727053,no
5260,MONTANA,West,2022,42,0,0,0,0,0,0,0,0,-0.940998495019784,0.338410745057692,no
5261,MONTANA,West,2022,43,0,0,0,0,0,0,0,0,-0.893531284772509,0.449000938899674,no
5262,MONTANA,West,2022,44,0,0,0,0,0,0,0,0,-0.833122768722891,0.553088105310089,no
5263,MONTANA,West,2022,45,0,0,0,0,0,0,0,0,-0.760647863163829,0.649164715818952,no
5264,MONTANA,West,2022,46,0,0,0,0,0,0,0,0,-0.677156245853474,0.735839261457031,no
5265,MONTANA,West,2022,47,0,0,0,0,0,0,0,0,-0.583857153188981,0.811856406435312,no
5266,MONTANA,West,2022,48,0,0,0,0,0,0,0,0,-0.48210186644033,0.876115169583743,no
5267,MONTANA,West,2022,49,0,0,0,0,0,0,0,0,-0.373364140701786,0.927684870221573,no
5268,MONTANA,West,2022,50,0,0,0,0,0,0,0,0,-0.25921886001492,0.965818607510005,no
5269,MONTANA,West,2022,51,0,0,0,0,0,0,0,0,-0.141319227808016,0.989964078061293,no
5270,MONTANA,West,2022,52,0,0,0,0,0,0,0,0,-0.0213728230101764,0.999771575129327,no
5271,MONTANA,West,2023,1,0,0,0,0,0,0,0,0,0.120128619954843,0.992758336488667,no
5272,MONTANA,West,2023,2,0,0,0,0,0,0,0,0,0.238517377822098,0.97113822933549,no
5273,MONTANA,West,2023,3,0,0,0,0,0,0,0,0,0.353451610505767,0.935452809622634,no
5274,MONTANA,West,2023,4,0,0,0,0,0,0,0,0,0.463266687927793,0.886218920953741,no
5275,MONTANA,West,2023,5,0,0,0,0,0,0,0,0,0.566372122409852,0.824149633839001,no
5276,MONTANA,West,2023,6,0,0,0,0,0,0,0,0,0.661274604226529,0.750143918061759,no
5277,MONTANA,West,2023,7,0,0,0,0,0,0,0,0,0.746599629698408,0.665273622605165,no
5278,MONTANA,West,2023,8,0,0,0,0,0,0,0,0,0.821111408578364,0.570767951712827,no
5279,MONTANA,West,2023,9,0,0,0,0,0,0,0,0,0.883730762405837,0.467995661921774,no
5280,MONTANA,West,2023,10,0,0,0,0,0,0,0,0,0.933550754601395,0.358445237913918,no
5281,MONTANA,West,2023,11,0,0,0,0,0,0,0,0,0.969849825925805,0.243703334305638,no
5282,MONTANA,West,2023,12,0,0,0,0,0,0,0,0,0.992102245058455,0.125431795610095,no
5283,MONTANA,West,2023,13,0,0,0,0,0,0,0,0,0.999985722936002,0.00534358719969101,no
5284,MONTANA,West,2023,14,0,0,0,0,0,0,0,0,0.99338608057027,-0.1148220141316,no
5285,MONTANA,West,2023,15,0,0,0,0,0,0,0,0,0.972398902739873,-0.233324610682822,no
5286,MONTANA,West,2023,16,0,0,0,0,0,0,0,0,0.937328153604613,-0.348447890595089,no
5287,MONTANA,West,2023,17,0,0,0,0,0,0,0,0,0.888681774293145,-0.458524485757508,no
5288,MONTANA,West,2023,18,0,0,0,0,0,0,0,0,0.827164326225506,-0.561960120844802,no
5289,MONTANA,West,2023,19,0,0,0,0,0,0,0,0,0.75366678671966,-0.657256703728203,no
5290,MONTANA,West,2023,20,0,0,0,0,0,0,0,0,0.66925364467563,-0.743034022833669,no
5291,MONTANA,West,2023,21,0,0,0,0,0,0,0,0,0.575147483234652,-0.818049737197468,no
5292,MONTANA,West,2023,22,0,0,0,0,0,0,0,0,0.472711272707723,-0.881217369696629,no
5293,MONTANA,West,2023,23,0,0,0,0,0,0,0,0,0.363428630230867,-0.93162204285242,no
5294,MONTANA,West,2023,24,0,0,0,0,0,0,0,0,0.248882332052978,-0.968533729300055,no
5295,MONTANA,West,2023,25,0,0,0,0,0,0,0,0,0.130731389669801,-0.991417825013754,no
5296,MONTANA,West,2023,26,0,0,0,0,0,0,0,0,0.0106870218179092,-0.999942892151679,no
5297,MONTANA,West,2023,27,0,0,0,0,0,0,0,0,-0.109512129665869,-0.99398545937858,no
5298,MONTANA,West,2023,28,0,0,0,0,0,0,0,0,-0.228125181162749,-0.973631810141525,no
5299,MONTANA,West,2023,29,0,0,0,0,0,0,0,0,-0.343434221058743,-0.939176732998521,no
5300,MONTANA,West,2023,30,0,0,0,0,0,0,0,0,-0.453769190820369,-0.891119252099419,no
5301,MONTANA,West,2023,31,0,0,0,0,0,0,0,0,-0.557532072998533,-0.830155399655967,no
5302,MONTANA,West,2023,32,0,0,0,0,0,0,0,0,-0.653220035837834,-0.757168135079666,no
5303,MONTANA,West,2023,33,0,0,0,0,0,0,0,0,-0.739447199280337,-0.673214556791863,no
5304,MONTANA,West,2023,34,0,0,0,0,0,0,0,0,-0.814964707119669,-0.579510591921625,no
5305,MONTANA,West,2023,35,0,0,0,0,0,0,0,0,-0.878678814593855,-0.477413385635487,no
5306,MONTANA,West,2023,36,0,0,0,0,0,0,0,0,-0.929666729448389,-0.368401645160191,no
5307,MONTANA,West,2023,37,0,0,0,0,0,0,0,0,-0.96718997703823,-0.254054223182352,no
5308,MONTANA,West,2023,38,0,0,0,0,0,0,0,0,-0.990705095897581,-0.136027250808674,no
5309,MONTANA,West,2023,39,0,0,0,0,0,0,0,0,-0.999871508870024,-0.0160301512775393,no
5310,MONTANA,West,2023,40,0,0,0,0,0,0,0,0,-0.994556455798857,0.104199118176771,no
5311,MONTANA,West,2023,41,0,0,0,0,0,0,0,0,-0.97483691633585,0.222919237727053,no
5312,MONTANA,West,2023,42,0,0,0,0,0,0,0,0,-0.940998495019784,0.338410745057692,no
5313,MONTANA,West,2023,43,0,0,0,0,0,0,0,0,-0.893531284772509,0.449000938899674,no
5314,MONTANA,West,2023,44,0,0,0,0,0,0,0,0,-0.833122768722891,0.553088105310089,no
5315,MONTANA,West,2023,45,0,0,0,0,0,0,0,0,-0.760647863163829,0.649164715818952,no
5316,MONTANA,West,2023,46,0,0,0,0,0,0,0,0,-0.677156245853474,0.735839261457031,no
5317,MONTANA,West,2023,47,0,0,0,0,0,0,0,0,-0.583857153188981,0.811856406435312,no
5318,MONTANA,West,2023,48,0,0,0,0,0,0,0,0,-0.48210186644033,0.876115169583743,no
5319,MONTANA,West,2023,49,0,0,0,0,0,0,0,0,-0.373364140701786,0.927684870221573,no
5320,MONTANA,West,2023,50,0,0,0,0,0,0,0,0,-0.25921886001492,0.965818607510005,no
5321,MONTANA,West,2023,51,0,0,0,0,0,0,0,0,-0.141319227808016,0.989964078061293,no
5322,MONTANA,West,2023,52,0,0,0,0,0,0,0,0,-0.0213728230101764,0.999771575129327,no
5323,MONTANA,West,2024,1,0,0,0,0,0,0,0,0,0.120128619954843,0.992758336488667,no
5324,MONTANA,West,2024,2,0,0,0,0,0,0,0,0,0.238517377822098,0.97113822933549,no
5325,MONTANA,West,2024,3,0,0,0,0,0,0,0,0,0.353451610505767,0.935452809622634,no
5326,MONTANA,West,2024,4,0,0,0,0,0,0,0,0,0.463266687927793,0.886218920953741,no
5327,MONTANA,West,2024,5,0,0,0,0,0,0,0,0,0.566372122409852,0.824149633839001,no
5328,MONTANA,West,2024,6,0,0,0,0,0,0,0,0,0.661274604226529,0.750143918061759,no
5329,MONTANA,West,2024,7,0,0,0,0,0,0,0,0,0.746599629698408,0.665273622605165,no
5330,MONTANA,West,2024,8,0,0,0,0,0,0,0,0,0.821111408578364,0.570767951712827,no
5331,MONTANA,West,2024,9,0,0,0,0,0,0,0,0,0.883730762405837,0.467995661921774,no
5332,MONTANA,West,2024,10,0,0,0,0,0,0,0,0,0.933550754601395,0.358445237913918,no
5333,MONTANA,West,2024,11,0,0,0,0,0,0,0,0,0.969849825925805,0.243703334305638,no
5334,MONTANA,West,2024,12,0,0,0,0,0,0,0,0,0.992102245058455,0.125431795610095,no
5335,MONTANA,West,2024,13,0,0,0,0,0,0,0,0,0.999985722936002,0.00534358719969101,no
5336,MONTANA,West,2024,14,0,0,0,0,0,0,0,0,0.99338608057027,-0.1148220141316,no
5337,MONTANA,West,2024,15,0,0,0,0,0,0,0,0,0.972398902739873,-0.233324610682822,no
5338,MONTANA,West,2024,16,0,0,0,0,0,0,0,0,0.937328153604613,-0.348447890595089,no
5339,MONTANA,West,2024,17,0,0,0,0,0,0,0,0,0.888681774293145,-0.458524485757508,no
5340,MONTANA,West,2024,18,0,0,0,0,0,0,0,0,0.827164326225506,-0.561960120844802,no
5341,MONTANA,West,2024,19,0,0,0,0,0,0,0,0,0.75366678671966,-0.657256703728203,no
5342,MONTANA,West,2024,20,0,0,0,0,0,0,0,0,0.66925364467563,-0.743034022833669,no
5343,MONTANA,West,2024,21,0,0,0,0,0,0,0,0,0.575147483234652,-0.818049737197468,no
5344,MONTANA,West,2024,22,0,0,0,0,0,0,0,0,0.472711272707723,-0.881217369696629,no
5345,MONTANA,West,2024,23,0,0,0,0,0,0,0,0,0.363428630230867,-0.93162204285242,no
5346,MONTANA,West,2024,24,0,0,0,0,0,0,0,0,0.248882332052978,-0.968533729300055,no
5347,MONTANA,West,2024,25,0,0,0,0,0,0,0,0,0.130731389669801,-0.991417825013754,no
5348,MONTANA,West,2024,26,0,0,0,0,0,0,0,0,0.0106870218179092,-0.999942892151679,no
5349,MONTANA,West,2024,27,0,0,0,0,0,0,0,0,-0.109512129665869,-0.99398545937858,no
5350,MONTANA,West,2024,28,0,0,0,0,0,0,0,0,-0.228125181162749,-0.973631810141525,no
5351,MONTANA,West,2024,29,0,0,0,0,0,0,0,0,-0.343434221058743,-0.939176732998521,no
5352,MONTANA,West,2024,30,0,0,0,0,0,0,0,0,-0.453769190820369,-0.891119252099419,no
5353,MONTANA,West,2024,31,0,0,0,0,0,0,0,0,-0.557532072998533,-0.830155399655967,no
5354,MONTANA,West,2024,32,0,0,0,0,0,0,0,0,-0.653220035837834,-0.757168135079666,no
5355,MONTANA,West,2024,33,0,0,0,0,0,0,0,0,-0.739447199280337,-0.673214556791863,no
5356,MONTANA,West,2024,34,0,0,0,0,0,0,0,0,-0.814964707119669,-0.579510591921625,no
5357,MONTANA,West,2024,35,0,0,0,0,0,0,0,0,-0.878678814593855,-0.477413385635487,no
5358,MONTANA,West,2024,36,0,0,0,0,0,0,0,0,-0.929666729448389,-0.368401645160191,no
5359,MONTANA,West,2024,37,0,0,0,0,0,0,0,0,-0.96718997703823,-0.254054223182352,no
5360,MONTANA,West,2024,38,0,0,0,0,0,0,0,0,-0.990705095897581,-0.136027250808674,no
5361,MONTANA,West,2024,39,0,0,0,0,0,0,0,0,-0.999871508870024,-0.0160301512775393,no
5362,MONTANA,West,2024,40,0,0,0,0,0,0,0,0,-0.994556455798857,0.104199118176771,no
5363,MONTANA,West,2024,41,0,0,0,0,0,0,0,0,-0.97483691633585,0.222919237727053,no
5364,MONTANA,West,2024,42,0,0,0,0,0,0,0,0,-0.940998495019784,0.338410745057692,no
5365,MONTANA,West,2024,43,0,0,0,0,0,0,0,0,-0.893531284772509,0.449000938899674,no
5366,MONTANA,West,2024,44,0,0,0,0,0,0,0,0,-0.833122768722891,0.553088105310089,no
5367,MONTANA,West,2024,45,0,0,0,0,0,0,0,0,-0.760647863163829,0.649164715818952,no
5368,MONTANA,West,2024,46,0,0,0,0,0,0,0,0,-0.677156245853474,0.735839261457031,no
5369,MONTANA,West,2024,47,0,0,0,0,0,0,0,0,-0.583857153188981,0.811856406435312,no
5370,MONTANA,West,2024,48,0,0,0,0,0,0,0,0,-0.48210186644033,0.876115169583743,no
5371,MONTANA,West,2024,49,0,0,0,0,0,0,0,0,-0.373364140701786,0.927684870221573,no
5372,MONTANA,West,2024,50,0,0,0,0,0,0,0,0,-0.25921886001492,0.965818607510005,no
5373,MONTANA,West,2024,51,0,0,0,0,0,0,0,0,-0.141319227808016,0.989964078061293,no
5374,MONTANA,West,2024,52,0,0,0,0,0,0,0,0,-0.0213728230101764,0.999771575129327,no
5375,MONTANA,West,2025,1,0,0,0,0,0,0,0,0,0.120128619954843,0.992758336488667,no
5376,MONTANA,West,2025,2,0,0,0,0,0,0,0,0,0.238517377822098,0.97113822933549,no
5377,MONTANA,West,2025,3,0,0,0,0,0,0,0,0,0.353451610505767,0.935452809622634,no
5378,MONTANA,West,2025,4,0,0,0,0,0,0,0,0,0.463266687927793,0.886218920953741,no
5379,MONTANA,West,2025,5,0,0,0,0,0,0,0,0,0.566372122409852,0.824149633839001,no
5380,MONTANA,West,2025,6,0,0,0,0,0,0,0,0,0.661274604226529,0.750143918061759,no
5381,MONTANA,West,2025,7,0,0,0,0,0,0,0,0,0.746599629698408,0.665273622605165,no
5382,MONTANA,West,2025,8,0,0,0,0,0,0,0,0,0.821111408578364,0.570767951712827,no
5383,MONTANA,West,2025,9,0,0,0,0,0,0,0,0,0.883730762405837,0.467995661921774,no
5384,MONTANA,West,2025,10,0,0,0,0,0,0,0,0,0.933550754601395,0.358445237913918,no
5385,MONTANA,West,2025,11,0,0,0,0,0,0,0,0,0.969849825925805,0.243703334305638,no
5386,MONTANA,West,2025,12,0,0,0,0,0,0,0,0,0.992102245058455,0.125431795610095,no
5387,MONTANA,West,2025,13,0,0,0,0,0,0,0,0,0.999985722936002,0.00534358719969101,no
5388,MONTANA,West,2025,14,0,0,0,0,0,0,0,0,0.99338608057027,-0.1148220141316,no
5389,MONTANA,West,2025,15,0,0,0,0,0,0,0,0,0.972398902739873,-0.233324610682822,no
5390,MONTANA,West,2025,16,0,0,0,0,0,0,0,0,0.937328153604613,-0.348447890595089,no
5391,MONTANA,West,2025,17,0,0,0,0,0,0,0,0,0.888681774293145,-0.458524485757508,no
5392,MONTANA,West,2025,18,0,0,0,0,0,0,0,0,0.827164326225506,-0.561960120844802,no
5393,MONTANA,West,2025,19,0,0,0,0,0,0,0,0,0.75366678671966,-0.657256703728203,no
5394,MONTANA,West,2025,20,0,0,0,0,0,0,0,0,0.66925364467563,-0.743034022833669,no
5395,MONTANA,West,2025,21,0,0,0,0,0,0,0,0,0.575147483234652,-0.818049737197468,no
5396,MONTANA,West,2025,22,0,0,0,0,0,0,0,0,0.472711272707723,-0.881217369696629,no
5397,MONTANA,West,2025,23,0,0,0,0,0,0,0,0,0.363428630230867,-0.93162204285242,no
5398,MONTANA,West,2025,24,0,0,0,0,0,0,0,0,0.248882332052978,-0.968533729300055,no
5399,MONTANA,West,2025,25,0,0,0,0,0,0,0,0,0.130731389669801,-0.991417825013754,no
5400,MONTANA,West,2025,26,0,0,0,0,0,0,0,0,0.0106870218179092,-0.999942892151679,no
5401,MONTANA,West,2025,27,0,0,0,0,0,0,0,0,-0.109512129665869,-0.99398545937858,no
5402,MONTANA,West,2025,28,0,0,0,0,0,0,0,0,-0.228125181162749,-0.973631810141525,no
5403,MONTANA,West,2025,29,0,0,0,0,0,0,0,0,-0.343434221058743,-0.939176732998521,no
5404,MONTANA,West,2025,30,0,0,0,0,0,0,0,0,-0.453769190820369,-0.891119252099419,no
5405,MONTANA,West,2025,31,0,0,0,0,0,0,0,0,-0.557532072998533,-0.830155399655967,no
5406,MONTANA,West,2025,32,0,0,0,0,0,0,0,0,-0.653220035837834,-0.757168135079666,no
5407,MONTANA,West,2025,33,0,0,0,0,0,0,0,0,-0.739447199280337,-0.673214556791863,no
5408,MONTANA,West,2025,34,0,0,0,0,0,0,0,0,-0.814964707119669,-0.579510591921625,no
5409,MONTANA,West,2025,35,0,0,0,0,0,0,0,0,-0.878678814593855,-0.477413385635487,no
5410,MONTANA,West,2025,36,0,0,0,0,0,0,0,0,-0.929666729448389,-0.368401645160191,no
5411,MONTANA,West,2025,37,0,0,0,0,0,0,0,0,-0.96718997703823,-0.254054223182352,no
5412,MONTANA,West,2025,38,0,0,0,0,0,0,0,0,-0.990705095897581,-0.136027250808674,no
5413,MONTANA,West,2025,39,0,0,0,0,0,0,0,0,-0.999871508870024,-0.0160301512775393,no
5414,MONTANA,West,2025,40,0,0,0,0,0,0,0,0,-0.994556455798857,0.104199118176771,no
5415,MONTANA,West,2025,41,0,0,0,0,0,0,0,0,-0.97483691633585,0.222919237727053,no
5416,MONTANA,West,2025,42,0,0,0,0,0,0,0,0,-0.940998495019784,0.338410745057692,no
5417,MONTANA,West,2025,43,0,0,0,0,0,0,0,0,-0.893531284772509,0.449000938899674,no
5418,MONTANA,West,2025,44,0,0,0,0,0,0,0,0,-0.833122768722891,0.553088105310089,no
5419,MONTANA,West,2025,45,0,0,0,0,0,0,0,0,-0.760647863163829,0.649164715818952,no
5420,MONTANA,West,2025,46,0,0,0,0,0,0,0,0,-0.677156245853474,0.735839261457031,no
5421,MONTANA,West,2025,47,0,0,0,0,0,0,0,0,-0.583857153188981,0.811856406435312,no
5422,MONTANA,West,2025,48,0,0,0,0,0,0,0,0,-0.48210186644033,0.876115169583743,no
5423,MONTANA,West,2025,49,0,0,0,0,0,0,0,0,-0.373364140701786,0.927684870221573,no
5424,MONTANA,West,2025,50,0,0,0,0,0,0,0,0,-0.25921886001492,0.965818607510005,no
5425,MONTANA,West,2025,51,0,0,0,0,0,0,0,0,-0.141319227808016,0.989964078061293,no
5426,MONTANA,West,2025,52,0,0,0,0,0,0,0,0,-0.0213728230101764,0.999771575129327,no
5427,MONTANA,West,2025,53,0,0,0,0,0,0,0,0,0.0988831313727152,0.995099053526797,no
5428,NEBRASKA,North Central,2022,9,0,0,0,0,0,0,0,0,0.883730762405837,0.467995661921774,no
5429,NEBRASKA,North Central,2022,10,0,0,0,0,0,0,0,0,0.933550754601395,0.358445237913918,no
5430,NEBRASKA,North Central,2022,11,0,0,0,0,0,0,0,0,0.969849825925805,0.243703334305638,no
5431,NEBRASKA,North Central,2022,12,0,0,0,0,0,0,0,0,0.992102245058455,0.125431795610095,no
5432,NEBRASKA,North Central,2022,13,0,0,0,0,0,0,0,0,0.999985722936002,0.00534358719969101,no
5433,NEBRASKA,North Central,2022,14,0,0,0,0,0,0,0,0,0.99338608057027,-0.1148220141316,no
5434,NEBRASKA,North Central,2022,15,0,0,0,0,0,0,0,0,0.972398902739873,-0.233324610682822,no
5435,NEBRASKA,North Central,2022,16,0,0,0,0,0,0,0,0,0.937328153604613,-0.348447890595089,no
5436,NEBRASKA,North Central,2022,17,0,0,0,0,0,0,0,0,0.888681774293145,-0.458524485757508,no
5437,NEBRASKA,North Central,2022,18,0,0,0,0,0,0,0,0,0.827164326225506,-0.561960120844802,no
5438,NEBRASKA,North Central,2022,19,0,0,0,0,0,0,0,0,0.75366678671966,-0.657256703728203,no
5439,NEBRASKA,North Central,2022,20,0,0,0,0,0,0,0,0,0.66925364467563,-0.743034022833669,no
5440,NEBRASKA,North Central,2022,21,0,0,0,0,0,0,0,0,0.575147483234652,-0.818049737197468,no
5441,NEBRASKA,North Central,2022,22,0,0,0,0,0,0,0,0,0.472711272707723,-0.881217369696629,no
5442,NEBRASKA,North Central,2022,23,0,0,0,0,0,0,0,0,0.363428630230867,-0.93162204285242,no
5443,NEBRASKA,North Central,2022,24,0,0,0,0,0,0,0,0,0.248882332052978,-0.968533729300055,no
5444,NEBRASKA,North Central,2022,25,0,0,0,0,0,0,0,0,0.130731389669801,-0.991417825013754,no
5445,NEBRASKA,North Central,2022,26,0,0,0,0,0,0,0,0,0.0106870218179092,-0.999942892151679,no
5446,NEBRASKA,North Central,2022,27,0,0,0,0,0,0,0,0,-0.109512129665869,-0.99398545937858,no
5447,NEBRASKA,North Central,2022,28,0,0,0,0,0,0,0,0,-0.228125181162749,-0.973631810141525,no
5448,NEBRASKA,North Central,2022,29,0,0,0,0,0,0,0,0,-0.343434221058743,-0.939176732998521,no
5449,NEBRASKA,North Central,2022,30,0,0,0,0,0,0,0,0,-0.453769190820369,-0.891119252099419,no
5450,NEBRASKA,North Central,2022,31,0,0,0,0,0,0,0,0,-0.557532072998533,-0.830155399655967,no
5451,NEBRASKA,North Central,2022,32,0,0,0,0,0,0,0,2,-0.653220035837834,-0.757168135079666,yes
5452,NEBRASKA,North Central,2022,33,0,0,0,0,0,0,0,9,-0.739447199280337,-0.673214556791863,yes
5453,NEBRASKA,North Central,2022,34,0,0,0,0,0,0,0,14,-0.814964707119669,-0.579510591921625,yes
5454,NEBRASKA,North Central,2022,35,0,0,0,0,0,0,0,18,-0.878678814593855,-0.477413385635487,yes
5455,NEBRASKA,North Central,2022,36,2,0,0,0,0,0,0,23,-0.929666729448389,-0.368401645160191,yes
5456,NEBRASKA,North Central,2022,37,7,2,0,0,2,2,1,16,-0.96718997703823,-0.254054223182352,yes
5457,NEBRASKA,North Central,2022,38,5,7,2,0,9,9,2,16,-0.990705095897581,-0.136027250808674,yes
5458,NEBRASKA,North Central,2022,39,4,5,7,0,14,14,3,16,-0.999871508870024,-0.0160301512775393,yes
5459,NEBRASKA,North Central,2022,40,7,4,5,2,18,18,4,9,-0.994556455798857,0.104199118176771,yes
5460,NEBRASKA,North Central,2022,41,0,7,4,7,23,25,5,9,-0.97483691633585,0.222919237727053,yes
5461,NEBRASKA,North Central,2022,42,5,0,7,5,16,25,5,4,-0.940998495019784,0.338410745057692,yes
5462,NEBRASKA,North Central,2022,43,4,5,0,4,16,30,6,0,-0.893531284772509,0.449000938899674,no
5463,NEBRASKA,North Central,2022,44,0,4,5,7,16,34,7,0,-0.833122768722891,0.553088105310089,no
5464,NEBRASKA,North Central,2022,45,0,0,4,0,9,32,6,0,-0.760647863163829,0.649164715818952,no
5465,NEBRASKA,North Central,2022,46,0,0,0,5,9,25,5,0,-0.677156245853474,0.735839261457031,no
5466,NEBRASKA,North Central,2022,47,0,0,0,4,4,20,4,0,-0.583857153188981,0.811856406435312,no
5467,NEBRASKA,North Central,2022,48,0,0,0,0,0,16,3,0,-0.48210186644033,0.876115169583743,no
5468,NEBRASKA,North Central,2022,49,0,0,0,0,0,9,2,0,-0.373364140701786,0.927684870221573,no
5469,NEBRASKA,North Central,2022,50,0,0,0,0,0,9,2,0,-0.25921886001492,0.965818607510005,no
5470,NEBRASKA,North Central,2022,51,0,0,0,0,0,4,1,0,-0.141319227808016,0.989964078061293,no
5471,NEBRASKA,North Central,2022,52,0,0,0,0,0,0,0,0,-0.0213728230101764,0.999771575129327,no
5472,NEBRASKA,North Central,2023,1,0,0,0,0,0,0,0,0,0.120128619954843,0.992758336488667,no
5473,NEBRASKA,North Central,2023,2,0,0,0,0,0,0,0,0,0.238517377822098,0.97113822933549,no
5474,NEBRASKA,North Central,2023,3,0,0,0,0,0,0,0,0,0.353451610505767,0.935452809622634,no
5475,NEBRASKA,North Central,2023,4,0,0,0,0,0,0,0,0,0.463266687927793,0.886218920953741,no
5476,NEBRASKA,North Central,2023,5,0,0,0,0,0,0,0,0,0.566372122409852,0.824149633839001,no
5477,NEBRASKA,North Central,2023,6,0,0,0,0,0,0,0,0,0.661274604226529,0.750143918061759,no
5478,NEBRASKA,North Central,2023,7,0,0,0,0,0,0,0,0,0.746599629698408,0.665273622605165,no
5479,NEBRASKA,North Central,2023,8,0,0,0,0,0,0,0,0,0.821111408578364,0.570767951712827,no
5480,NEBRASKA,North Central,2023,9,0,0,0,0,0,0,0,0,0.883730762405837,0.467995661921774,no
5481,NEBRASKA,North Central,2023,10,0,0,0,0,0,0,0,0,0.933550754601395,0.358445237913918,no
5482,NEBRASKA,North Central,2023,11,0,0,0,0,0,0,0,0,0.969849825925805,0.243703334305638,no
5483,NEBRASKA,North Central,2023,12,0,0,0,0,0,0,0,0,0.992102245058455,0.125431795610095,no
5484,NEBRASKA,North Central,2023,13,0,0,0,0,0,0,0,0,0.999985722936002,0.00534358719969101,no
5485,NEBRASKA,North Central,2023,14,0,0,0,0,0,0,0,0,0.99338608057027,-0.1148220141316,no
5486,NEBRASKA,North Central,2023,15,0,0,0,0,0,0,0,0,0.972398902739873,-0.233324610682822,no
5487,NEBRASKA,North Central,2023,16,0,0,0,0,0,0,0,0,0.937328153604613,-0.348447890595089,no
5488,NEBRASKA,North Central,2023,17,0,0,0,0,0,0,0,0,0.888681774293145,-0.458524485757508,no
5489,NEBRASKA,North Central,2023,18,0,0,0,0,0,0,0,1,0.827164326225506,-0.561960120844802,yes
5490,NEBRASKA,North Central,2023,19,0,0,0,0,0,0,0,1,0.75366678671966,-0.657256703728203,yes
5491,NEBRASKA,North Central,2023,20,0,0,0,0,0,0,0,1,0.66925364467563,-0.743034022833669,yes
5492,NEBRASKA,North Central,2023,21,0,0,0,0,0,0,0,1,0.575147483234652,-0.818049737197468,yes
5493,NEBRASKA,North Central,2023,22,1,0,0,0,0,0,0,0,0.472711272707723,-0.881217369696629,no
5494,NEBRASKA,North Central,2023,23,0,1,0,0,1,1,1,0,0.363428630230867,-0.93162204285242,no
5495,NEBRASKA,North Central,2023,24,0,0,1,0,1,1,1,0,0.248882332052978,-0.968533729300055,no
5496,NEBRASKA,North Central,2023,25,0,0,0,0,1,1,1,0,0.130731389669801,-0.991417825013754,no
5497,NEBRASKA,North Central,2023,26,0,0,0,1,1,1,1,2,0.0106870218179092,-0.999942892151679,yes
5498,NEBRASKA,North Central,2023,27,0,0,0,0,0,1,1,5,-0.109512129665869,-0.99398545937858,yes
5499,NEBRASKA,North Central,2023,28,0,0,0,0,0,1,1,9,-0.228125181162749,-0.973631810141525,yes
5500,NEBRASKA,North Central,2023,29,0,0,0,0,0,1,1,16,-0.343434221058743,-0.939176732998521,yes
5501,NEBRASKA,North Central,2023,30,2,0,0,0,0,1,1,30,-0.453769190820369,-0.891119252099419,yes
5502,NEBRASKA,North Central,2023,31,3,2,0,0,2,2,1,34,-0.557532072998533,-0.830155399655967,yes
5503,NEBRASKA,North Central,2023,32,4,3,2,0,5,5,2,45,-0.653220035837834,-0.757168135079666,yes
5504,NEBRASKA,North Central,2023,33,7,4,3,0,9,9,3,48,-0.739447199280337,-0.673214556791863,yes
5505,NEBRASKA,North Central,2023,34,16,7,4,2,16,16,4,46,-0.814964707119669,-0.579510591921625,yes
5506,NEBRASKA,North Central,2023,35,7,16,7,3,30,32,5,51,-0.878678814593855,-0.477413385635487,yes
5507,NEBRASKA,North Central,2023,36,15,7,16,4,34,39,6,46,-0.929666729448389,-0.368401645160191,yes
5508,NEBRASKA,North Central,2023,37,10,15,7,7,45,54,7,41,-0.96718997703823,-0.254054223182352,yes
5509,NEBRASKA,North Central,2023,38,14,10,15,16,48,64,8,27,-0.990705095897581,-0.136027250808674,yes
5510,NEBRASKA,North Central,2023,39,12,14,10,7,46,76,8,15,-0.999871508870024,-0.0160301512775393,yes
5511,NEBRASKA,North Central,2023,40,10,12,14,15,51,85,8,7,-0.994556455798857,0.104199118176771,yes
5512,NEBRASKA,North Central,2023,41,5,10,12,10,46,91,8,2,-0.97483691633585,0.222919237727053,yes
5513,NEBRASKA,North Central,2023,42,0,5,10,14,41,89,8,3,-0.940998495019784,0.338410745057692,yes
5514,NEBRASKA,North Central,2023,43,0,0,5,12,27,73,7,3,-0.893531284772509,0.449000938899674,yes
5515,NEBRASKA,North Central,2023,44,2,0,0,10,15,66,6,3,-0.833122768722891,0.553088105310089,yes
5516,NEBRASKA,North Central,2023,45,0,2,0,5,7,53,6,3,-0.760647863163829,0.649164715818952,yes
5517,NEBRASKA,North Central,2023,46,1,0,2,0,2,43,5,2,-0.677156245853474,0.735839261457031,yes
5518,NEBRASKA,North Central,2023,47,0,1,0,0,3,30,5,2,-0.583857153188981,0.811856406435312,yes
5519,NEBRASKA,North Central,2023,48,2,0,1,2,3,18,4,0,-0.48210186644033,0.876115169583743,no
5520,NEBRASKA,North Central,2023,49,0,2,0,0,3,10,4,0,-0.373364140701786,0.927684870221573,no
5521,NEBRASKA,North Central,2023,50,0,0,2,1,3,5,3,0,-0.25921886001492,0.965818607510005,no
5522,NEBRASKA,North Central,2023,51,0,0,0,0,2,5,3,0,-0.141319227808016,0.989964078061293,no
5523,NEBRASKA,North Central,2023,52,0,0,0,2,2,5,3,0,-0.0213728230101764,0.999771575129327,no
5524,NEBRASKA,North Central,2024,1,0,0,0,0,0,3,2,0,0.120128619954843,0.992758336488667,no
5525,NEBRASKA,North Central,2024,2,0,0,0,0,0,3,2,0,0.238517377822098,0.97113822933549,no
5526,NEBRASKA,North Central,2024,3,0,0,0,0,0,2,1,0,0.353451610505767,0.935452809622634,no
5527,NEBRASKA,North Central,2024,4,0,0,0,0,0,2,1,0,0.463266687927793,0.886218920953741,no
5528,NEBRASKA,North Central,2024,5,0,0,0,0,0,0,0,0,0.566372122409852,0.824149633839001,no
5529,NEBRASKA,North Central,2024,6,0,0,0,0,0,0,0,0,0.661274604226529,0.750143918061759,no
5530,NEBRASKA,North Central,2024,7,0,0,0,0,0,0,0,0,0.746599629698408,0.665273622605165,no
5531,NEBRASKA,North Central,2024,8,0,0,0,0,0,0,0,0,0.821111408578364,0.570767951712827,no
5532,NEBRASKA,North Central,2024,9,0,0,0,0,0,0,0,0,0.883730762405837,0.467995661921774,no
5533,NEBRASKA,North Central,2024,10,0,0,0,0,0,0,0,0,0.933550754601395,0.358445237913918,no
5534,NEBRASKA,North Central,2024,11,0,0,0,0,0,0,0,0,0.969849825925805,0.243703334305638,no
5535,NEBRASKA,North Central,2024,12,0,0,0,0,0,0,0,0,0.992102245058455,0.125431795610095,no
5536,NEBRASKA,North Central,2024,13,0,0,0,0,0,0,0,0,0.999985722936002,0.00534358719969101,no
5537,NEBRASKA,North Central,2024,14,0,0,0,0,0,0,0,0,0.99338608057027,-0.1148220141316,no
5538,NEBRASKA,North Central,2024,15,0,0,0,0,0,0,0,0,0.972398902739873,-0.233324610682822,no
5539,NEBRASKA,North Central,2024,16,0,0,0,0,0,0,0,0,0.937328153604613,-0.348447890595089,no
5540,NEBRASKA,North Central,2024,17,0,0,0,0,0,0,0,0,0.888681774293145,-0.458524485757508,no
5541,NEBRASKA,North Central,2024,18,0,0,0,0,0,0,0,0,0.827164326225506,-0.561960120844802,no
5542,NEBRASKA,North Central,2024,19,0,0,0,0,0,0,0,0,0.75366678671966,-0.657256703728203,no
5543,NEBRASKA,North Central,2024,20,0,0,0,0,0,0,0,0,0.66925364467563,-0.743034022833669,no
5544,NEBRASKA,North Central,2024,21,0,0,0,0,0,0,0,0,0.575147483234652,-0.818049737197468,no
5545,NEBRASKA,North Central,2024,22,0,0,0,0,0,0,0,1,0.472711272707723,-0.881217369696629,yes
5546,NEBRASKA,North Central,2024,23,0,0,0,0,0,0,0,2,0.363428630230867,-0.93162204285242,yes
5547,NEBRASKA,North Central,2024,24,0,0,0,0,0,0,0,3,0.248882332052978,-0.968533729300055,yes
5548,NEBRASKA,North Central,2024,25,0,0,0,0,0,0,0,5,0.130731389669801,-0.991417825013754,yes
5549,NEBRASKA,North Central,2024,26,1,0,0,0,0,0,0,5,0.0106870218179092,-0.999942892151679,yes
5550,NEBRASKA,North Central,2024,27,1,1,0,0,1,1,1,7,-0.109512129665869,-0.99398545937858,yes
5551,NEBRASKA,North Central,2024,28,1,1,1,0,2,2,2,8,-0.228125181162749,-0.973631810141525,yes
5552,NEBRASKA,North Central,2024,29,2,1,1,0,3,3,3,9,-0.343434221058743,-0.939176732998521,yes
5553,NEBRASKA,North Central,2024,30,1,2,1,1,5,5,4,9,-0.453769190820369,-0.891119252099419,yes
5554,NEBRASKA,North Central,2024,31,3,1,2,1,5,6,5,12,-0.557532072998533,-0.830155399655967,yes
5555,NEBRASKA,North Central,2024,32,2,3,1,1,7,9,6,16,-0.653220035837834,-0.757168135079666,yes
5556,NEBRASKA,North Central,2024,33,3,2,3,2,8,11,7,21,-0.739447199280337,-0.673214556791863,yes
5557,NEBRASKA,North Central,2024,34,1,3,2,1,9,14,8,26,-0.814964707119669,-0.579510591921625,yes
5558,NEBRASKA,North Central,2024,35,6,1,3,3,9,14,8,35,-0.878678814593855,-0.477413385635487,yes
5559,NEBRASKA,North Central,2024,36,6,6,1,2,12,19,8,31,-0.929666729448389,-0.368401645160191,yes
5560,NEBRASKA,North Central,2024,37,8,6,6,3,16,24,8,24,-0.96718997703823,-0.254054223182352,yes
5561,NEBRASKA,North Central,2024,38,6,8,6,1,21,30,8,20,-0.990705095897581,-0.136027250808674,yes
5562,NEBRASKA,North Central,2024,39,15,6,8,6,26,35,8,6,-0.999871508870024,-0.0160301512775393,yes
5563,NEBRASKA,North Central,2024,40,2,15,6,6,35,47,8,4,-0.994556455798857,0.104199118176771,yes
5564,NEBRASKA,North Central,2024,41,1,2,15,8,31,47,8,3,-0.97483691633585,0.222919237727053,yes
5565,NEBRASKA,North Central,2024,42,2,1,2,6,24,45,8,1,-0.940998495019784,0.338410745057692,yes
5566,NEBRASKA,North Central,2024,43,1,2,1,15,20,46,8,0,-0.893531284772509,0.449000938899674,no
5567,NEBRASKA,North Central,2024,44,0,1,2,2,6,41,8,0,-0.833122768722891,0.553088105310089,no
5568,NEBRASKA,North Central,2024,45,0,0,1,1,4,35,7,0,-0.760647863163829,0.649164715818952,no
5569,NEBRASKA,North Central,2024,46,0,0,0,2,3,27,6,0,-0.677156245853474,0.735839261457031,no
5570,NEBRASKA,North Central,2024,47,0,0,0,1,1,21,5,0,-0.583857153188981,0.811856406435312,no
5571,NEBRASKA,North Central,2024,48,0,0,0,0,0,6,4,0,-0.48210186644033,0.876115169583743,no
5572,NEBRASKA,North Central,2024,49,0,0,0,0,0,4,3,0,-0.373364140701786,0.927684870221573,no
5573,NEBRASKA,North Central,2024,50,0,0,0,0,0,3,2,0,-0.25921886001492,0.965818607510005,no
5574,NEBRASKA,North Central,2024,51,0,0,0,0,0,1,1,0,-0.141319227808016,0.989964078061293,no
5575,NEBRASKA,North Central,2024,52,0,0,0,0,0,0,0,0,-0.0213728230101764,0.999771575129327,no
5576,NEBRASKA,North Central,2025,1,0,0,0,0,0,0,0,0,0.120128619954843,0.992758336488667,no
5577,NEBRASKA,North Central,2025,2,0,0,0,0,0,0,0,0,0.238517377822098,0.97113822933549,no
5578,NEBRASKA,North Central,2025,3,0,0,0,0,0,0,0,0,0.353451610505767,0.935452809622634,no
5579,NEBRASKA,North Central,2025,4,0,0,0,0,0,0,0,0,0.463266687927793,0.886218920953741,no
5580,NEBRASKA,North Central,2025,5,0,0,0,0,0,0,0,0,0.566372122409852,0.824149633839001,no
5581,NEBRASKA,North Central,2025,6,0,0,0,0,0,0,0,0,0.661274604226529,0.750143918061759,no
5582,NEBRASKA,North Central,2025,7,0,0,0,0,0,0,0,0,0.746599629698408,0.665273622605165,no
5583,NEBRASKA,North Central,2025,8,0,0,0,0,0,0,0,0,0.821111408578364,0.570767951712827,no
5584,NEBRASKA,North Central,2025,9,0,0,0,0,0,0,0,0,0.883730762405837,0.467995661921774,no
5585,NEBRASKA,North Central,2025,10,0,0,0,0,0,0,0,0,0.933550754601395,0.358445237913918,no
5586,NEBRASKA,North Central,2025,11,0,0,0,0,0,0,0,0,0.969849825925805,0.243703334305638,no
5587,NEBRASKA,North Central,2025,12,0,0,0,0,0,0,0,0,0.992102245058455,0.125431795610095,no
5588,NEBRASKA,North Central,2025,13,0,0,0,0,0,0,0,0,0.999985722936002,0.00534358719969101,no
5589,NEBRASKA,North Central,2025,14,0,0,0,0,0,0,0,0,0.99338608057027,-0.1148220141316,no
5590,NEBRASKA,North Central,2025,15,0,0,0,0,0,0,0,0,0.972398902739873,-0.233324610682822,no
5591,NEBRASKA,North Central,2025,16,0,0,0,0,0,0,0,0,0.937328153604613,-0.348447890595089,no
5592,NEBRASKA,North Central,2025,17,0,0,0,0,0,0,0,0,0.888681774293145,-0.458524485757508,no
5593,NEBRASKA,North Central,2025,18,0,0,0,0,0,0,0,0,0.827164326225506,-0.561960120844802,no
5594,NEBRASKA,North Central,2025,19,0,0,0,0,0,0,0,0,0.75366678671966,-0.657256703728203,no
5595,NEBRASKA,North Central,2025,20,0,0,0,0,0,0,0,0,0.66925364467563,-0.743034022833669,no
5596,NEBRASKA,North Central,2025,21,0,0,0,0,0,0,0,0,0.575147483234652,-0.818049737197468,no
5597,NEBRASKA,North Central,2025,22,0,0,0,0,0,0,0,0,0.472711272707723,-0.881217369696629,no
5598,NEBRASKA,North Central,2025,23,0,0,0,0,0,0,0,0,0.363428630230867,-0.93162204285242,no
5599,NEBRASKA,North Central,2025,24,0,0,0,0,0,0,0,0,0.248882332052978,-0.968533729300055,no
5600,NEBRASKA,North Central,2025,25,0,0,0,0,0,0,0,0,0.130731389669801,-0.991417825013754,no
5601,NEBRASKA,North Central,2025,26,0,0,0,0,0,0,0,2,0.0106870218179092,-0.999942892151679,yes
5602,NEBRASKA,North Central,2025,27,0,0,0,0,0,0,0,5,-0.109512129665869,-0.99398545937858,yes
5603,NEBRASKA,North Central,2025,28,0,0,0,0,0,0,0,6,-0.228125181162749,-0.973631810141525,yes
5604,NEBRASKA,North Central,2025,29,0,0,0,0,0,0,0,7,-0.343434221058743,-0.939176732998521,yes
5605,NEBRASKA,North Central,2025,30,2,0,0,0,0,0,0,7,-0.453769190820369,-0.891119252099419,yes
5606,NEBRASKA,North Central,2025,31,3,2,0,0,2,2,1,9,-0.557532072998533,-0.830155399655967,yes
5607,NEBRASKA,North Central,2025,32,1,3,2,0,5,5,2,10,-0.653220035837834,-0.757168135079666,yes
5608,NEBRASKA,North Central,2025,33,1,1,3,0,6,6,3,10,-0.739447199280337,-0.673214556791863,yes
5609,NEBRASKA,North Central,2025,34,2,1,1,2,7,7,4,11,-0.814964707119669,-0.579510591921625,yes
5610,NEBRASKA,North Central,2025,35,5,2,1,3,7,9,5,7,-0.878678814593855,-0.477413385635487,yes
5611,NEBRASKA,North Central,2025,36,2,5,2,1,9,14,6,6,-0.929666729448389,-0.368401645160191,yes
5612,NEBRASKA,North Central,2025,37,1,2,5,1,10,16,7,5,-0.96718997703823,-0.254054223182352,yes
5613,NEBRASKA,North Central,2025,38,3,1,2,2,10,17,8,2,-0.990705095897581,-0.136027250808674,yes
5614,NEBRASKA,North Central,2025,39,1,3,1,5,11,18,8,1,-0.999871508870024,-0.0160301512775393,yes
5615,NEBRASKA,North Central,2025,40,1,1,3,2,7,16,8,0,-0.994556455798857,0.104199118176771,no
5616,NEBRASKA,North Central,2025,41,0,1,1,1,6,16,8,0,-0.97483691633585,0.222919237727053,no
5617,NEBRASKA,North Central,2025,42,0,0,1,3,5,15,7,1,-0.940998495019784,0.338410745057692,yes
5618,NEBRASKA,North Central,2025,43,0,0,0,1,2,13,6,1,-0.893531284772509,0.449000938899674,yes
5619,NEBRASKA,North Central,2025,44,0,0,0,1,1,8,5,1,-0.833122768722891,0.553088105310089,yes
5620,NEBRASKA,North Central,2025,45,0,0,0,0,0,6,4,1,-0.760647863163829,0.649164715818952,yes
5621,NEBRASKA,North Central,2025,46,1,0,0,0,0,5,3,0,-0.677156245853474,0.735839261457031,no
5622,NEBRASKA,North Central,2025,47,0,1,0,0,1,3,3,0,-0.583857153188981,0.811856406435312,no
5623,NEBRASKA,North Central,2025,48,0,0,1,0,1,2,2,0,-0.48210186644033,0.876115169583743,no
5624,NEBRASKA,North Central,2025,49,0,0,0,0,1,1,1,0,-0.373364140701786,0.927684870221573,no
5625,NEBRASKA,North Central,2025,50,0,0,0,1,1,1,1,0,-0.25921886001492,0.965818607510005,no
5626,NEBRASKA,North Central,2025,51,0,0,0,0,0,1,1,0,-0.141319227808016,0.989964078061293,no
5627,NEBRASKA,North Central,2025,52,0,0,0,0,0,1,1,0,-0.0213728230101764,0.999771575129327,no
5628,NEBRASKA,North Central,2025,53,0,0,0,0,0,1,1,0,0.0988831313727152,0.995099053526797,no
5629,NEVADA,West,2022,9,0,0,0,0,0,0,0,0,0.883730762405837,0.467995661921774,no
5630,NEVADA,West,2022,10,0,0,0,0,0,0,0,0,0.933550754601395,0.358445237913918,no
5631,NEVADA,West,2022,11,0,0,0,0,0,0,0,0,0.969849825925805,0.243703334305638,no
5632,NEVADA,West,2022,12,0,0,0,0,0,0,0,0,0.992102245058455,0.125431795610095,no
5633,NEVADA,West,2022,13,0,0,0,0,0,0,0,0,0.999985722936002,0.00534358719969101,no
5634,NEVADA,West,2022,14,0,0,0,0,0,0,0,0,0.99338608057027,-0.1148220141316,no
5635,NEVADA,West,2022,15,0,0,0,0,0,0,0,0,0.972398902739873,-0.233324610682822,no
5636,NEVADA,West,2022,16,0,0,0,0,0,0,0,0,0.937328153604613,-0.348447890595089,no
5637,NEVADA,West,2022,17,0,0,0,0,0,0,0,0,0.888681774293145,-0.458524485757508,no
5638,NEVADA,West,2022,18,0,0,0,0,0,0,0,0,0.827164326225506,-0.561960120844802,no
5639,NEVADA,West,2022,19,0,0,0,0,0,0,0,0,0.75366678671966,-0.657256703728203,no
5640,NEVADA,West,2022,20,0,0,0,0,0,0,0,0,0.66925364467563,-0.743034022833669,no
5641,NEVADA,West,2022,21,0,0,0,0,0,0,0,0,0.575147483234652,-0.818049737197468,no
5642,NEVADA,West,2022,22,0,0,0,0,0,0,0,0,0.472711272707723,-0.881217369696629,no
5643,NEVADA,West,2022,23,0,0,0,0,0,0,0,0,0.363428630230867,-0.93162204285242,no
5644,NEVADA,West,2022,24,0,0,0,0,0,0,0,0,0.248882332052978,-0.968533729300055,no
5645,NEVADA,West,2022,25,0,0,0,0,0,0,0,0,0.130731389669801,-0.991417825013754,no
5646,NEVADA,West,2022,26,0,0,0,0,0,0,0,0,0.0106870218179092,-0.999942892151679,no
5647,NEVADA,West,2022,27,0,0,0,0,0,0,0,0,-0.109512129665869,-0.99398545937858,no
5648,NEVADA,West,2022,28,0,0,0,0,0,0,0,0,-0.228125181162749,-0.973631810141525,no
5649,NEVADA,West,2022,29,0,0,0,0,0,0,0,0,-0.343434221058743,-0.939176732998521,no
5650,NEVADA,West,2022,30,0,0,0,0,0,0,0,0,-0.453769190820369,-0.891119252099419,no
5651,NEVADA,West,2022,31,0,0,0,0,0,0,0,0,-0.557532072998533,-0.830155399655967,no
5652,NEVADA,West,2022,32,0,0,0,0,0,0,0,0,-0.653220035837834,-0.757168135079666,no
5653,NEVADA,West,2022,33,0,0,0,0,0,0,0,0,-0.739447199280337,-0.673214556791863,no
5654,NEVADA,West,2022,34,0,0,0,0,0,0,0,0,-0.814964707119669,-0.579510591921625,no
5655,NEVADA,West,2022,35,0,0,0,0,0,0,0,0,-0.878678814593855,-0.477413385635487,no
5656,NEVADA,West,2022,36,0,0,0,0,0,0,0,0,-0.929666729448389,-0.368401645160191,no
5657,NEVADA,West,2022,37,0,0,0,0,0,0,0,0,-0.96718997703823,-0.254054223182352,no
5658,NEVADA,West,2022,38,0,0,0,0,0,0,0,0,-0.990705095897581,-0.136027250808674,no
5659,NEVADA,West,2022,39,0,0,0,0,0,0,0,0,-0.999871508870024,-0.0160301512775393,no
5660,NEVADA,West,2022,40,0,0,0,0,0,0,0,0,-0.994556455798857,0.104199118176771,no
5661,NEVADA,West,2022,41,0,0,0,0,0,0,0,0,-0.97483691633585,0.222919237727053,no
5662,NEVADA,West,2022,42,0,0,0,0,0,0,0,0,-0.940998495019784,0.338410745057692,no
5663,NEVADA,West,2022,43,0,0,0,0,0,0,0,0,-0.893531284772509,0.449000938899674,no
5664,NEVADA,West,2022,44,0,0,0,0,0,0,0,0,-0.833122768722891,0.553088105310089,no
5665,NEVADA,West,2022,45,0,0,0,0,0,0,0,0,-0.760647863163829,0.649164715818952,no
5666,NEVADA,West,2022,46,0,0,0,0,0,0,0,0,-0.677156245853474,0.735839261457031,no
5667,NEVADA,West,2022,47,0,0,0,0,0,0,0,0,-0.583857153188981,0.811856406435312,no
5668,NEVADA,West,2022,48,0,0,0,0,0,0,0,0,-0.48210186644033,0.876115169583743,no
5669,NEVADA,West,2022,49,0,0,0,0,0,0,0,0,-0.373364140701786,0.927684870221573,no
5670,NEVADA,West,2022,50,0,0,0,0,0,0,0,0,-0.25921886001492,0.965818607510005,no
5671,NEVADA,West,2022,51,0,0,0,0,0,0,0,0,-0.141319227808016,0.989964078061293,no
5672,NEVADA,West,2022,52,0,0,0,0,0,0,0,0,-0.0213728230101764,0.999771575129327,no
5673,NEVADA,West,2023,1,0,0,0,0,0,0,0,0,0.120128619954843,0.992758336488667,no
5674,NEVADA,West,2023,2,0,0,0,0,0,0,0,0,0.238517377822098,0.97113822933549,no
5675,NEVADA,West,2023,3,0,0,0,0,0,0,0,0,0.353451610505767,0.935452809622634,no
5676,NEVADA,West,2023,4,0,0,0,0,0,0,0,0,0.463266687927793,0.886218920953741,no
5677,NEVADA,West,2023,5,0,0,0,0,0,0,0,0,0.566372122409852,0.824149633839001,no
5678,NEVADA,West,2023,6,0,0,0,0,0,0,0,0,0.661274604226529,0.750143918061759,no
5679,NEVADA,West,2023,7,0,0,0,0,0,0,0,0,0.746599629698408,0.665273622605165,no
5680,NEVADA,West,2023,8,0,0,0,0,0,0,0,0,0.821111408578364,0.570767951712827,no
5681,NEVADA,West,2023,9,0,0,0,0,0,0,0,0,0.883730762405837,0.467995661921774,no
5682,NEVADA,West,2023,10,0,0,0,0,0,0,0,0,0.933550754601395,0.358445237913918,no
5683,NEVADA,West,2023,11,0,0,0,0,0,0,0,0,0.969849825925805,0.243703334305638,no
5684,NEVADA,West,2023,12,0,0,0,0,0,0,0,0,0.992102245058455,0.125431795610095,no
5685,NEVADA,West,2023,13,0,0,0,0,0,0,0,0,0.999985722936002,0.00534358719969101,no
5686,NEVADA,West,2023,14,0,0,0,0,0,0,0,0,0.99338608057027,-0.1148220141316,no
5687,NEVADA,West,2023,15,0,0,0,0,0,0,0,0,0.972398902739873,-0.233324610682822,no
5688,NEVADA,West,2023,16,0,0,0,0,0,0,0,0,0.937328153604613,-0.348447890595089,no
5689,NEVADA,West,2023,17,0,0,0,0,0,0,0,0,0.888681774293145,-0.458524485757508,no
5690,NEVADA,West,2023,18,0,0,0,0,0,0,0,0,0.827164326225506,-0.561960120844802,no
5691,NEVADA,West,2023,19,0,0,0,0,0,0,0,0,0.75366678671966,-0.657256703728203,no
5692,NEVADA,West,2023,20,0,0,0,0,0,0,0,0,0.66925364467563,-0.743034022833669,no
5693,NEVADA,West,2023,21,0,0,0,0,0,0,0,0,0.575147483234652,-0.818049737197468,no
5694,NEVADA,West,2023,22,0,0,0,0,0,0,0,0,0.472711272707723,-0.881217369696629,no
5695,NEVADA,West,2023,23,0,0,0,0,0,0,0,0,0.363428630230867,-0.93162204285242,no
5696,NEVADA,West,2023,24,0,0,0,0,0,0,0,0,0.248882332052978,-0.968533729300055,no
5697,NEVADA,West,2023,25,0,0,0,0,0,0,0,0,0.130731389669801,-0.991417825013754,no
5698,NEVADA,West,2023,26,0,0,0,0,0,0,0,0,0.0106870218179092,-0.999942892151679,no
5699,NEVADA,West,2023,27,0,0,0,0,0,0,0,0,-0.109512129665869,-0.99398545937858,no
5700,NEVADA,West,2023,28,0,0,0,0,0,0,0,0,-0.228125181162749,-0.973631810141525,no
5701,NEVADA,West,2023,29,0,0,0,0,0,0,0,0,-0.343434221058743,-0.939176732998521,no
5702,NEVADA,West,2023,30,0,0,0,0,0,0,0,0,-0.453769190820369,-0.891119252099419,no
5703,NEVADA,West,2023,31,0,0,0,0,0,0,0,0,-0.557532072998533,-0.830155399655967,no
5704,NEVADA,West,2023,32,0,0,0,0,0,0,0,0,-0.653220035837834,-0.757168135079666,no
5705,NEVADA,West,2023,33,0,0,0,0,0,0,0,0,-0.739447199280337,-0.673214556791863,no
5706,NEVADA,West,2023,34,0,0,0,0,0,0,0,0,-0.814964707119669,-0.579510591921625,no
5707,NEVADA,West,2023,35,0,0,0,0,0,0,0,0,-0.878678814593855,-0.477413385635487,no
5708,NEVADA,West,2023,36,0,0,0,0,0,0,0,0,-0.929666729448389,-0.368401645160191,no
5709,NEVADA,West,2023,37,0,0,0,0,0,0,0,0,-0.96718997703823,-0.254054223182352,no
5710,NEVADA,West,2023,38,0,0,0,0,0,0,0,0,-0.990705095897581,-0.136027250808674,no
5711,NEVADA,West,2023,39,0,0,0,0,0,0,0,0,-0.999871508870024,-0.0160301512775393,no
5712,NEVADA,West,2023,40,0,0,0,0,0,0,0,0,-0.994556455798857,0.104199118176771,no
5713,NEVADA,West,2023,41,0,0,0,0,0,0,0,0,-0.97483691633585,0.222919237727053,no
5714,NEVADA,West,2023,42,0,0,0,0,0,0,0,0,-0.940998495019784,0.338410745057692,no
5715,NEVADA,West,2023,43,0,0,0,0,0,0,0,0,-0.893531284772509,0.449000938899674,no
5716,NEVADA,West,2023,44,0,0,0,0,0,0,0,0,-0.833122768722891,0.553088105310089,no
5717,NEVADA,West,2023,45,0,0,0,0,0,0,0,0,-0.760647863163829,0.649164715818952,no
5718,NEVADA,West,2023,46,0,0,0,0,0,0,0,0,-0.677156245853474,0.735839261457031,no
5719,NEVADA,West,2023,47,0,0,0,0,0,0,0,0,-0.583857153188981,0.811856406435312,no
5720,NEVADA,West,2023,48,0,0,0,0,0,0,0,0,-0.48210186644033,0.876115169583743,no
5721,NEVADA,West,2023,49,0,0,0,0,0,0,0,0,-0.373364140701786,0.927684870221573,no
5722,NEVADA,West,2023,50,0,0,0,0,0,0,0,0,-0.25921886001492,0.965818607510005,no
5723,NEVADA,West,2023,51,0,0,0,0,0,0,0,0,-0.141319227808016,0.989964078061293,no
5724,NEVADA,West,2023,52,0,0,0,0,0,0,0,0,-0.0213728230101764,0.999771575129327,no
5725,NEVADA,West,2024,1,0,0,0,0,0,0,0,0,0.120128619954843,0.992758336488667,no
5726,NEVADA,West,2024,2,0,0,0,0,0,0,0,0,0.238517377822098,0.97113822933549,no
5727,NEVADA,West,2024,3,0,0,0,0,0,0,0,0,0.353451610505767,0.935452809622634,no
5728,NEVADA,West,2024,4,0,0,0,0,0,0,0,0,0.463266687927793,0.886218920953741,no
5729,NEVADA,West,2024,5,0,0,0,0,0,0,0,0,0.566372122409852,0.824149633839001,no
5730,NEVADA,West,2024,6,0,0,0,0,0,0,0,0,0.661274604226529,0.750143918061759,no
5731,NEVADA,West,2024,7,0,0,0,0,0,0,0,0,0.746599629698408,0.665273622605165,no
5732,NEVADA,West,2024,8,0,0,0,0,0,0,0,0,0.821111408578364,0.570767951712827,no
5733,NEVADA,West,2024,9,0,0,0,0,0,0,0,0,0.883730762405837,0.467995661921774,no
5734,NEVADA,West,2024,10,0,0,0,0,0,0,0,0,0.933550754601395,0.358445237913918,no
5735,NEVADA,West,2024,11,0,0,0,0,0,0,0,0,0.969849825925805,0.243703334305638,no
5736,NEVADA,West,2024,12,0,0,0,0,0,0,0,0,0.992102245058455,0.125431795610095,no
5737,NEVADA,West,2024,13,0,0,0,0,0,0,0,0,0.999985722936002,0.00534358719969101,no
5738,NEVADA,West,2024,14,0,0,0,0,0,0,0,0,0.99338608057027,-0.1148220141316,no
5739,NEVADA,West,2024,15,0,0,0,0,0,0,0,0,0.972398902739873,-0.233324610682822,no
5740,NEVADA,West,2024,16,0,0,0,0,0,0,0,0,0.937328153604613,-0.348447890595089,no
5741,NEVADA,West,2024,17,0,0,0,0,0,0,0,0,0.888681774293145,-0.458524485757508,no
5742,NEVADA,West,2024,18,0,0,0,0,0,0,0,0,0.827164326225506,-0.561960120844802,no
5743,NEVADA,West,2024,19,0,0,0,0,0,0,0,0,0.75366678671966,-0.657256703728203,no
5744,NEVADA,West,2024,20,0,0,0,0,0,0,0,0,0.66925364467563,-0.743034022833669,no
5745,NEVADA,West,2024,21,0,0,0,0,0,0,0,0,0.575147483234652,-0.818049737197468,no
5746,NEVADA,West,2024,22,0,0,0,0,0,0,0,0,0.472711272707723,-0.881217369696629,no
5747,NEVADA,West,2024,23,0,0,0,0,0,0,0,0,0.363428630230867,-0.93162204285242,no
5748,NEVADA,West,2024,24,0,0,0,0,0,0,0,0,0.248882332052978,-0.968533729300055,no
5749,NEVADA,West,2024,25,0,0,0,0,0,0,0,0,0.130731389669801,-0.991417825013754,no
5750,NEVADA,West,2024,26,0,0,0,0,0,0,0,0,0.0106870218179092,-0.999942892151679,no
5751,NEVADA,West,2024,27,0,0,0,0,0,0,0,0,-0.109512129665869,-0.99398545937858,no
5752,NEVADA,West,2024,28,0,0,0,0,0,0,0,0,-0.228125181162749,-0.973631810141525,no
5753,NEVADA,West,2024,29,0,0,0,0,0,0,0,0,-0.343434221058743,-0.939176732998521,no
5754,NEVADA,West,2024,30,0,0,0,0,0,0,0,0,-0.453769190820369,-0.891119252099419,no
5755,NEVADA,West,2024,31,0,0,0,0,0,0,0,0,-0.557532072998533,-0.830155399655967,no
5756,NEVADA,West,2024,32,0,0,0,0,0,0,0,0,-0.653220035837834,-0.757168135079666,no
5757,NEVADA,West,2024,33,0,0,0,0,0,0,0,0,-0.739447199280337,-0.673214556791863,no
5758,NEVADA,West,2024,34,0,0,0,0,0,0,0,0,-0.814964707119669,-0.579510591921625,no
5759,NEVADA,West,2024,35,0,0,0,0,0,0,0,0,-0.878678814593855,-0.477413385635487,no
5760,NEVADA,West,2024,36,0,0,0,0,0,0,0,0,-0.929666729448389,-0.368401645160191,no
5761,NEVADA,West,2024,37,0,0,0,0,0,0,0,0,-0.96718997703823,-0.254054223182352,no
5762,NEVADA,West,2024,38,0,0,0,0,0,0,0,0,-0.990705095897581,-0.136027250808674,no
5763,NEVADA,West,2024,39,0,0,0,0,0,0,0,0,-0.999871508870024,-0.0160301512775393,no
5764,NEVADA,West,2024,40,0,0,0,0,0,0,0,0,-0.994556455798857,0.104199118176771,no
5765,NEVADA,West,2024,41,0,0,0,0,0,0,0,0,-0.97483691633585,0.222919237727053,no
5766,NEVADA,West,2024,42,0,0,0,0,0,0,0,0,-0.940998495019784,0.338410745057692,no
5767,NEVADA,West,2024,43,0,0,0,0,0,0,0,0,-0.893531284772509,0.449000938899674,no
5768,NEVADA,West,2024,44,0,0,0,0,0,0,0,0,-0.833122768722891,0.553088105310089,no
5769,NEVADA,West,2024,45,0,0,0,0,0,0,0,0,-0.760647863163829,0.649164715818952,no
5770,NEVADA,West,2024,46,0,0,0,0,0,0,0,0,-0.677156245853474,0.735839261457031,no
5771,NEVADA,West,2024,47,0,0,0,0,0,0,0,0,-0.583857153188981,0.811856406435312,no
5772,NEVADA,West,2024,48,0,0,0,0,0,0,0,0,-0.48210186644033,0.876115169583743,no
5773,NEVADA,West,2024,49,0,0,0,0,0,0,0,0,-0.373364140701786,0.927684870221573,no
5774,NEVADA,West,2024,50,0,0,0,0,0,0,0,0,-0.25921886001492,0.965818607510005,no
5775,NEVADA,West,2024,51,0,0,0,0,0,0,0,0,-0.141319227808016,0.989964078061293,no
5776,NEVADA,West,2024,52,0,0,0,0,0,0,0,0,-0.0213728230101764,0.999771575129327,no
5777,NEVADA,West,2025,1,0,0,0,0,0,0,0,0,0.120128619954843,0.992758336488667,no
5778,NEVADA,West,2025,2,0,0,0,0,0,0,0,0,0.238517377822098,0.97113822933549,no
5779,NEVADA,West,2025,3,0,0,0,0,0,0,0,0,0.353451610505767,0.935452809622634,no
5780,NEVADA,West,2025,4,0,0,0,0,0,0,0,0,0.463266687927793,0.886218920953741,no
5781,NEVADA,West,2025,5,0,0,0,0,0,0,0,0,0.566372122409852,0.824149633839001,no
5782,NEVADA,West,2025,6,0,0,0,0,0,0,0,0,0.661274604226529,0.750143918061759,no
5783,NEVADA,West,2025,7,0,0,0,0,0,0,0,0,0.746599629698408,0.665273622605165,no
5784,NEVADA,West,2025,8,0,0,0,0,0,0,0,0,0.821111408578364,0.570767951712827,no
5785,NEVADA,West,2025,9,0,0,0,0,0,0,0,0,0.883730762405837,0.467995661921774,no
5786,NEVADA,West,2025,10,0,0,0,0,0,0,0,0,0.933550754601395,0.358445237913918,no
5787,NEVADA,West,2025,11,0,0,0,0,0,0,0,0,0.969849825925805,0.243703334305638,no
5788,NEVADA,West,2025,12,0,0,0,0,0,0,0,0,0.992102245058455,0.125431795610095,no
5789,NEVADA,West,2025,13,0,0,0,0,0,0,0,0,0.999985722936002,0.00534358719969101,no
5790,NEVADA,West,2025,14,0,0,0,0,0,0,0,0,0.99338608057027,-0.1148220141316,no
5791,NEVADA,West,2025,15,0,0,0,0,0,0,0,0,0.972398902739873,-0.233324610682822,no
5792,NEVADA,West,2025,16,0,0,0,0,0,0,0,0,0.937328153604613,-0.348447890595089,no
5793,NEVADA,West,2025,17,0,0,0,0,0,0,0,0,0.888681774293145,-0.458524485757508,no
5794,NEVADA,West,2025,18,0,0,0,0,0,0,0,0,0.827164326225506,-0.561960120844802,no
5795,NEVADA,West,2025,19,0,0,0,0,0,0,0,0,0.75366678671966,-0.657256703728203,no
5796,NEVADA,West,2025,20,0,0,0,0,0,0,0,0,0.66925364467563,-0.743034022833669,no
5797,NEVADA,West,2025,21,0,0,0,0,0,0,0,0,0.575147483234652,-0.818049737197468,no
5798,NEVADA,West,2025,22,0,0,0,0,0,0,0,0,0.472711272707723,-0.881217369696629,no
5799,NEVADA,West,2025,23,0,0,0,0,0,0,0,0,0.363428630230867,-0.93162204285242,no
5800,NEVADA,West,2025,24,0,0,0,0,0,0,0,0,0.248882332052978,-0.968533729300055,no
5801,NEVADA,West,2025,25,0,0,0,0,0,0,0,0,0.130731389669801,-0.991417825013754,no
5802,NEVADA,West,2025,26,0,0,0,0,0,0,0,0,0.0106870218179092,-0.999942892151679,no
5803,NEVADA,West,2025,27,0,0,0,0,0,0,0,0,-0.109512129665869,-0.99398545937858,no
5804,NEVADA,West,2025,28,0,0,0,0,0,0,0,0,-0.228125181162749,-0.973631810141525,no
5805,NEVADA,West,2025,29,0,0,0,0,0,0,0,0,-0.343434221058743,-0.939176732998521,no
5806,NEVADA,West,2025,30,0,0,0,0,0,0,0,0,-0.453769190820369,-0.891119252099419,no
5807,NEVADA,West,2025,31,0,0,0,0,0,0,0,0,-0.557532072998533,-0.830155399655967,no
5808,NEVADA,West,2025,32,0,0,0,0,0,0,0,0,-0.653220035837834,-0.757168135079666,no
5809,NEVADA,West,2025,33,0,0,0,0,0,0,0,0,-0.739447199280337,-0.673214556791863,no
5810,NEVADA,West,2025,34,0,0,0,0,0,0,0,0,-0.814964707119669,-0.579510591921625,no
5811,NEVADA,West,2025,35,0,0,0,0,0,0,0,0,-0.878678814593855,-0.477413385635487,no
5812,NEVADA,West,2025,36,0,0,0,0,0,0,0,0,-0.929666729448389,-0.368401645160191,no
5813,NEVADA,West,2025,37,0,0,0,0,0,0,0,0,-0.96718997703823,-0.254054223182352,no
5814,NEVADA,West,2025,38,0,0,0,0,0,0,0,0,-0.990705095897581,-0.136027250808674,no
5815,NEVADA,West,2025,39,0,0,0,0,0,0,0,0,-0.999871508870024,-0.0160301512775393,no
5816,NEVADA,West,2025,40,0,0,0,0,0,0,0,0,-0.994556455798857,0.104199118176771,no
5817,NEVADA,West,2025,41,0,0,0,0,0,0,0,0,-0.97483691633585,0.222919237727053,no
5818,NEVADA,West,2025,42,0,0,0,0,0,0,0,0,-0.940998495019784,0.338410745057692,no
5819,NEVADA,West,2025,43,0,0,0,0,0,0,0,0,-0.893531284772509,0.449000938899674,no
5820,NEVADA,West,2025,44,0,0,0,0,0,0,0,0,-0.833122768722891,0.553088105310089,no
5821,NEVADA,West,2025,45,0,0,0,0,0,0,0,0,-0.760647863163829,0.649164715818952,no
5822,NEVADA,West,2025,46,0,0,0,0,0,0,0,0,-0.677156245853474,0.735839261457031,no
5823,NEVADA,West,2025,47,0,0,0,0,0,0,0,0,-0.583857153188981,0.811856406435312,no
5824,NEVADA,West,2025,48,0,0,0,0,0,0,0,0,-0.48210186644033,0.876115169583743,no
5825,NEVADA,West,2025,49,0,0,0,0,0,0,0,0,-0.373364140701786,0.927684870221573,no
5826,NEVADA,West,2025,50,0,0,0,0,0,0,0,0,-0.25921886001492,0.965818607510005,no
5827,NEVADA,West,2025,51,0,0,0,0,0,0,0,0,-0.141319227808016,0.989964078061293,no
5828,NEVADA,West,2025,52,0,0,0,0,0,0,0,0,-0.0213728230101764,0.999771575129327,no
5829,NEVADA,West,2025,53,0,0,0,0,0,0,0,0,0.0988831313727152,0.995099053526797,no
5830,NEW HAMPSHIRE,Northeast,2022,9,0,0,0,0,0,0,0,0,0.883730762405837,0.467995661921774,no
5831,NEW HAMPSHIRE,Northeast,2022,10,0,0,0,0,0,0,0,0,0.933550754601395,0.358445237913918,no
5832,NEW HAMPSHIRE,Northeast,2022,11,0,0,0,0,0,0,0,0,0.969849825925805,0.243703334305638,no
5833,NEW HAMPSHIRE,Northeast,2022,12,0,0,0,0,0,0,0,0,0.992102245058455,0.125431795610095,no
5834,NEW HAMPSHIRE,Northeast,2022,13,0,0,0,0,0,0,0,0,0.999985722936002,0.00534358719969101,no
5835,NEW HAMPSHIRE,Northeast,2022,14,0,0,0,0,0,0,0,0,0.99338608057027,-0.1148220141316,no
5836,NEW HAMPSHIRE,Northeast,2022,15,0,0,0,0,0,0,0,0,0.972398902739873,-0.233324610682822,no
5837,NEW HAMPSHIRE,Northeast,2022,16,0,0,0,0,0,0,0,0,0.937328153604613,-0.348447890595089,no
5838,NEW HAMPSHIRE,Northeast,2022,17,0,0,0,0,0,0,0,0,0.888681774293145,-0.458524485757508,no
5839,NEW HAMPSHIRE,Northeast,2022,18,0,0,0,0,0,0,0,0,0.827164326225506,-0.561960120844802,no
5840,NEW HAMPSHIRE,Northeast,2022,19,0,0,0,0,0,0,0,0,0.75366678671966,-0.657256703728203,no
5841,NEW HAMPSHIRE,Northeast,2022,20,0,0,0,0,0,0,0,0,0.66925364467563,-0.743034022833669,no
5842,NEW HAMPSHIRE,Northeast,2022,21,0,0,0,0,0,0,0,0,0.575147483234652,-0.818049737197468,no
5843,NEW HAMPSHIRE,Northeast,2022,22,0,0,0,0,0,0,0,0,0.472711272707723,-0.881217369696629,no
5844,NEW HAMPSHIRE,Northeast,2022,23,0,0,0,0,0,0,0,0,0.363428630230867,-0.93162204285242,no
5845,NEW HAMPSHIRE,Northeast,2022,24,0,0,0,0,0,0,0,0,0.248882332052978,-0.968533729300055,no
5846,NEW HAMPSHIRE,Northeast,2022,25,0,0,0,0,0,0,0,0,0.130731389669801,-0.991417825013754,no
5847,NEW HAMPSHIRE,Northeast,2022,26,0,0,0,0,0,0,0,0,0.0106870218179092,-0.999942892151679,no
5848,NEW HAMPSHIRE,Northeast,2022,27,0,0,0,0,0,0,0,0,-0.109512129665869,-0.99398545937858,no
5849,NEW HAMPSHIRE,Northeast,2022,28,0,0,0,0,0,0,0,0,-0.228125181162749,-0.973631810141525,no
5850,NEW HAMPSHIRE,Northeast,2022,29,0,0,0,0,0,0,0,0,-0.343434221058743,-0.939176732998521,no
5851,NEW HAMPSHIRE,Northeast,2022,30,0,0,0,0,0,0,0,0,-0.453769190820369,-0.891119252099419,no
5852,NEW HAMPSHIRE,Northeast,2022,31,0,0,0,0,0,0,0,0,-0.557532072998533,-0.830155399655967,no
5853,NEW HAMPSHIRE,Northeast,2022,32,0,0,0,0,0,0,0,0,-0.653220035837834,-0.757168135079666,no
5854,NEW HAMPSHIRE,Northeast,2022,33,0,0,0,0,0,0,0,0,-0.739447199280337,-0.673214556791863,no
5855,NEW HAMPSHIRE,Northeast,2022,34,0,0,0,0,0,0,0,0,-0.814964707119669,-0.579510591921625,no
5856,NEW HAMPSHIRE,Northeast,2022,35,0,0,0,0,0,0,0,0,-0.878678814593855,-0.477413385635487,no
5857,NEW HAMPSHIRE,Northeast,2022,36,0,0,0,0,0,0,0,0,-0.929666729448389,-0.368401645160191,no
5858,NEW HAMPSHIRE,Northeast,2022,37,0,0,0,0,0,0,0,0,-0.96718997703823,-0.254054223182352,no
5859,NEW HAMPSHIRE,Northeast,2022,38,0,0,0,0,0,0,0,0,-0.990705095897581,-0.136027250808674,no
5860,NEW HAMPSHIRE,Northeast,2022,39,0,0,0,0,0,0,0,0,-0.999871508870024,-0.0160301512775393,no
5861,NEW HAMPSHIRE,Northeast,2022,40,0,0,0,0,0,0,0,0,-0.994556455798857,0.104199118176771,no
5862,NEW HAMPSHIRE,Northeast,2022,41,0,0,0,0,0,0,0,0,-0.97483691633585,0.222919237727053,no
5863,NEW HAMPSHIRE,Northeast,2022,42,0,0,0,0,0,0,0,0,-0.940998495019784,0.338410745057692,no
5864,NEW HAMPSHIRE,Northeast,2022,43,0,0,0,0,0,0,0,0,-0.893531284772509,0.449000938899674,no
5865,NEW HAMPSHIRE,Northeast,2022,44,0,0,0,0,0,0,0,0,-0.833122768722891,0.553088105310089,no
5866,NEW HAMPSHIRE,Northeast,2022,45,0,0,0,0,0,0,0,0,-0.760647863163829,0.649164715818952,no
5867,NEW HAMPSHIRE,Northeast,2022,46,0,0,0,0,0,0,0,0,-0.677156245853474,0.735839261457031,no
5868,NEW HAMPSHIRE,Northeast,2022,47,0,0,0,0,0,0,0,0,-0.583857153188981,0.811856406435312,no
5869,NEW HAMPSHIRE,Northeast,2022,48,0,0,0,0,0,0,0,0,-0.48210186644033,0.876115169583743,no
5870,NEW HAMPSHIRE,Northeast,2022,49,0,0,0,0,0,0,0,0,-0.373364140701786,0.927684870221573,no
5871,NEW HAMPSHIRE,Northeast,2022,50,0,0,0,0,0,0,0,0,-0.25921886001492,0.965818607510005,no
5872,NEW HAMPSHIRE,Northeast,2022,51,0,0,0,0,0,0,0,0,-0.141319227808016,0.989964078061293,no
5873,NEW HAMPSHIRE,Northeast,2022,52,0,0,0,0,0,0,0,0,-0.0213728230101764,0.999771575129327,no
5874,NEW HAMPSHIRE,Northeast,2023,1,0,0,0,0,0,0,0,0,0.120128619954843,0.992758336488667,no
5875,NEW HAMPSHIRE,Northeast,2023,2,0,0,0,0,0,0,0,0,0.238517377822098,0.97113822933549,no
5876,NEW HAMPSHIRE,Northeast,2023,3,0,0,0,0,0,0,0,0,0.353451610505767,0.935452809622634,no
5877,NEW HAMPSHIRE,Northeast,2023,4,0,0,0,0,0,0,0,0,0.463266687927793,0.886218920953741,no
5878,NEW HAMPSHIRE,Northeast,2023,5,0,0,0,0,0,0,0,0,0.566372122409852,0.824149633839001,no
5879,NEW HAMPSHIRE,Northeast,2023,6,0,0,0,0,0,0,0,0,0.661274604226529,0.750143918061759,no
5880,NEW HAMPSHIRE,Northeast,2023,7,0,0,0,0,0,0,0,0,0.746599629698408,0.665273622605165,no
5881,NEW HAMPSHIRE,Northeast,2023,8,0,0,0,0,0,0,0,0,0.821111408578364,0.570767951712827,no
5882,NEW HAMPSHIRE,Northeast,2023,9,0,0,0,0,0,0,0,0,0.883730762405837,0.467995661921774,no
5883,NEW HAMPSHIRE,Northeast,2023,10,0,0,0,0,0,0,0,0,0.933550754601395,0.358445237913918,no
5884,NEW HAMPSHIRE,Northeast,2023,11,0,0,0,0,0,0,0,0,0.969849825925805,0.243703334305638,no
5885,NEW HAMPSHIRE,Northeast,2023,12,0,0,0,0,0,0,0,0,0.992102245058455,0.125431795610095,no
5886,NEW HAMPSHIRE,Northeast,2023,13,0,0,0,0,0,0,0,0,0.999985722936002,0.00534358719969101,no
5887,NEW HAMPSHIRE,Northeast,2023,14,0,0,0,0,0,0,0,0,0.99338608057027,-0.1148220141316,no
5888,NEW HAMPSHIRE,Northeast,2023,15,0,0,0,0,0,0,0,0,0.972398902739873,-0.233324610682822,no
5889,NEW HAMPSHIRE,Northeast,2023,16,0,0,0,0,0,0,0,0,0.937328153604613,-0.348447890595089,no
5890,NEW HAMPSHIRE,Northeast,2023,17,0,0,0,0,0,0,0,0,0.888681774293145,-0.458524485757508,no
5891,NEW HAMPSHIRE,Northeast,2023,18,0,0,0,0,0,0,0,0,0.827164326225506,-0.561960120844802,no
5892,NEW HAMPSHIRE,Northeast,2023,19,0,0,0,0,0,0,0,0,0.75366678671966,-0.657256703728203,no
5893,NEW HAMPSHIRE,Northeast,2023,20,0,0,0,0,0,0,0,0,0.66925364467563,-0.743034022833669,no
5894,NEW HAMPSHIRE,Northeast,2023,21,0,0,0,0,0,0,0,0,0.575147483234652,-0.818049737197468,no
5895,NEW HAMPSHIRE,Northeast,2023,22,0,0,0,0,0,0,0,0,0.472711272707723,-0.881217369696629,no
5896,NEW HAMPSHIRE,Northeast,2023,23,0,0,0,0,0,0,0,0,0.363428630230867,-0.93162204285242,no
5897,NEW HAMPSHIRE,Northeast,2023,24,0,0,0,0,0,0,0,0,0.248882332052978,-0.968533729300055,no
5898,NEW HAMPSHIRE,Northeast,2023,25,0,0,0,0,0,0,0,0,0.130731389669801,-0.991417825013754,no
5899,NEW HAMPSHIRE,Northeast,2023,26,0,0,0,0,0,0,0,0,0.0106870218179092,-0.999942892151679,no
5900,NEW HAMPSHIRE,Northeast,2023,27,0,0,0,0,0,0,0,0,-0.109512129665869,-0.99398545937858,no
5901,NEW HAMPSHIRE,Northeast,2023,28,0,0,0,0,0,0,0,0,-0.228125181162749,-0.973631810141525,no
5902,NEW HAMPSHIRE,Northeast,2023,29,0,0,0,0,0,0,0,0,-0.343434221058743,-0.939176732998521,no
5903,NEW HAMPSHIRE,Northeast,2023,30,0,0,0,0,0,0,0,0,-0.453769190820369,-0.891119252099419,no
5904,NEW HAMPSHIRE,Northeast,2023,31,0,0,0,0,0,0,0,0,-0.557532072998533,-0.830155399655967,no
5905,NEW HAMPSHIRE,Northeast,2023,32,0,0,0,0,0,0,0,0,-0.653220035837834,-0.757168135079666,no
5906,NEW HAMPSHIRE,Northeast,2023,33,0,0,0,0,0,0,0,0,-0.739447199280337,-0.673214556791863,no
5907,NEW HAMPSHIRE,Northeast,2023,34,0,0,0,0,0,0,0,0,-0.814964707119669,-0.579510591921625,no
5908,NEW HAMPSHIRE,Northeast,2023,35,0,0,0,0,0,0,0,0,-0.878678814593855,-0.477413385635487,no
5909,NEW HAMPSHIRE,Northeast,2023,36,0,0,0,0,0,0,0,0,-0.929666729448389,-0.368401645160191,no
5910,NEW HAMPSHIRE,Northeast,2023,37,0,0,0,0,0,0,0,0,-0.96718997703823,-0.254054223182352,no
5911,NEW HAMPSHIRE,Northeast,2023,38,0,0,0,0,0,0,0,0,-0.990705095897581,-0.136027250808674,no
5912,NEW HAMPSHIRE,Northeast,2023,39,0,0,0,0,0,0,0,0,-0.999871508870024,-0.0160301512775393,no
5913,NEW HAMPSHIRE,Northeast,2023,40,0,0,0,0,0,0,0,0,-0.994556455798857,0.104199118176771,no
5914,NEW HAMPSHIRE,Northeast,2023,41,0,0,0,0,0,0,0,0,-0.97483691633585,0.222919237727053,no
5915,NEW HAMPSHIRE,Northeast,2023,42,0,0,0,0,0,0,0,0,-0.940998495019784,0.338410745057692,no
5916,NEW HAMPSHIRE,Northeast,2023,43,0,0,0,0,0,0,0,0,-0.893531284772509,0.449000938899674,no
5917,NEW HAMPSHIRE,Northeast,2023,44,0,0,0,0,0,0,0,0,-0.833122768722891,0.553088105310089,no
5918,NEW HAMPSHIRE,Northeast,2023,45,0,0,0,0,0,0,0,0,-0.760647863163829,0.649164715818952,no
5919,NEW HAMPSHIRE,Northeast,2023,46,0,0,0,0,0,0,0,0,-0.677156245853474,0.735839261457031,no
5920,NEW HAMPSHIRE,Northeast,2023,47,0,0,0,0,0,0,0,0,-0.583857153188981,0.811856406435312,no
5921,NEW HAMPSHIRE,Northeast,2023,48,0,0,0,0,0,0,0,0,-0.48210186644033,0.876115169583743,no
5922,NEW HAMPSHIRE,Northeast,2023,49,0,0,0,0,0,0,0,0,-0.373364140701786,0.927684870221573,no
5923,NEW HAMPSHIRE,Northeast,2023,50,0,0,0,0,0,0,0,0,-0.25921886001492,0.965818607510005,no
5924,NEW HAMPSHIRE,Northeast,2023,51,0,0,0,0,0,0,0,0,-0.141319227808016,0.989964078061293,no
5925,NEW HAMPSHIRE,Northeast,2023,52,0,0,0,0,0,0,0,0,-0.0213728230101764,0.999771575129327,no
5926,NEW HAMPSHIRE,Northeast,2024,1,0,0,0,0,0,0,0,0,0.120128619954843,0.992758336488667,no
5927,NEW HAMPSHIRE,Northeast,2024,2,0,0,0,0,0,0,0,0,0.238517377822098,0.97113822933549,no
5928,NEW HAMPSHIRE,Northeast,2024,3,0,0,0,0,0,0,0,0,0.353451610505767,0.935452809622634,no
5929,NEW HAMPSHIRE,Northeast,2024,4,0,0,0,0,0,0,0,0,0.463266687927793,0.886218920953741,no
5930,NEW HAMPSHIRE,Northeast,2024,5,0,0,0,0,0,0,0,0,0.566372122409852,0.824149633839001,no
5931,NEW HAMPSHIRE,Northeast,2024,6,0,0,0,0,0,0,0,0,0.661274604226529,0.750143918061759,no
5932,NEW HAMPSHIRE,Northeast,2024,7,0,0,0,0,0,0,0,0,0.746599629698408,0.665273622605165,no
5933,NEW HAMPSHIRE,Northeast,2024,8,0,0,0,0,0,0,0,0,0.821111408578364,0.570767951712827,no
5934,NEW HAMPSHIRE,Northeast,2024,9,0,0,0,0,0,0,0,0,0.883730762405837,0.467995661921774,no
5935,NEW HAMPSHIRE,Northeast,2024,10,0,0,0,0,0,0,0,0,0.933550754601395,0.358445237913918,no
5936,NEW HAMPSHIRE,Northeast,2024,11,0,0,0,0,0,0,0,0,0.969849825925805,0.243703334305638,no
5937,NEW HAMPSHIRE,Northeast,2024,12,0,0,0,0,0,0,0,0,0.992102245058455,0.125431795610095,no
5938,NEW HAMPSHIRE,Northeast,2024,13,0,0,0,0,0,0,0,0,0.999985722936002,0.00534358719969101,no
5939,NEW HAMPSHIRE,Northeast,2024,14,0,0,0,0,0,0,0,0,0.99338608057027,-0.1148220141316,no
5940,NEW HAMPSHIRE,Northeast,2024,15,0,0,0,0,0,0,0,0,0.972398902739873,-0.233324610682822,no
5941,NEW HAMPSHIRE,Northeast,2024,16,0,0,0,0,0,0,0,0,0.937328153604613,-0.348447890595089,no
5942,NEW HAMPSHIRE,Northeast,2024,17,0,0,0,0,0,0,0,0,0.888681774293145,-0.458524485757508,no
5943,NEW HAMPSHIRE,Northeast,2024,18,0,0,0,0,0,0,0,0,0.827164326225506,-0.561960120844802,no
5944,NEW HAMPSHIRE,Northeast,2024,19,0,0,0,0,0,0,0,0,0.75366678671966,-0.657256703728203,no
5945,NEW HAMPSHIRE,Northeast,2024,20,0,0,0,0,0,0,0,0,0.66925364467563,-0.743034022833669,no
5946,NEW HAMPSHIRE,Northeast,2024,21,0,0,0,0,0,0,0,0,0.575147483234652,-0.818049737197468,no
5947,NEW HAMPSHIRE,Northeast,2024,22,0,0,0,0,0,0,0,0,0.472711272707723,-0.881217369696629,no
5948,NEW HAMPSHIRE,Northeast,2024,23,0,0,0,0,0,0,0,0,0.363428630230867,-0.93162204285242,no
5949,NEW HAMPSHIRE,Northeast,2024,24,0,0,0,0,0,0,0,0,0.248882332052978,-0.968533729300055,no
5950,NEW HAMPSHIRE,Northeast,2024,25,0,0,0,0,0,0,0,0,0.130731389669801,-0.991417825013754,no
5951,NEW HAMPSHIRE,Northeast,2024,26,0,0,0,0,0,0,0,0,0.0106870218179092,-0.999942892151679,no
5952,NEW HAMPSHIRE,Northeast,2024,27,0,0,0,0,0,0,0,0,-0.109512129665869,-0.99398545937858,no
5953,NEW HAMPSHIRE,Northeast,2024,28,0,0,0,0,0,0,0,0,-0.228125181162749,-0.973631810141525,no
5954,NEW HAMPSHIRE,Northeast,2024,29,0,0,0,0,0,0,0,0,-0.343434221058743,-0.939176732998521,no
5955,NEW HAMPSHIRE,Northeast,2024,30,0,0,0,0,0,0,0,0,-0.453769190820369,-0.891119252099419,no
5956,NEW HAMPSHIRE,Northeast,2024,31,0,0,0,0,0,0,0,0,-0.557532072998533,-0.830155399655967,no
5957,NEW HAMPSHIRE,Northeast,2024,32,0,0,0,0,0,0,0,0,-0.653220035837834,-0.757168135079666,no
5958,NEW HAMPSHIRE,Northeast,2024,33,0,0,0,0,0,0,0,0,-0.739447199280337,-0.673214556791863,no
5959,NEW HAMPSHIRE,Northeast,2024,34,0,0,0,0,0,0,0,0,-0.814964707119669,-0.579510591921625,no
5960,NEW HAMPSHIRE,Northeast,2024,35,0,0,0,0,0,0,0,0,-0.878678814593855,-0.477413385635487,no
5961,NEW HAMPSHIRE,Northeast,2024,36,0,0,0,0,0,0,0,0,-0.929666729448389,-0.368401645160191,no
5962,NEW HAMPSHIRE,Northeast,2024,37,0,0,0,0,0,0,0,0,-0.96718997703823,-0.254054223182352,no
5963,NEW HAMPSHIRE,Northeast,2024,38,0,0,0,0,0,0,0,0,-0.990705095897581,-0.136027250808674,no
5964,NEW HAMPSHIRE,Northeast,2024,39,0,0,0,0,0,0,0,0,-0.999871508870024,-0.0160301512775393,no
5965,NEW HAMPSHIRE,Northeast,2024,40,0,0,0,0,0,0,0,0,-0.994556455798857,0.104199118176771,no
5966,NEW HAMPSHIRE,Northeast,2024,41,0,0,0,0,0,0,0,0,-0.97483691633585,0.222919237727053,no
5967,NEW HAMPSHIRE,Northeast,2024,42,0,0,0,0,0,0,0,0,-0.940998495019784,0.338410745057692,no
5968,NEW HAMPSHIRE,Northeast,2024,43,0,0,0,0,0,0,0,0,-0.893531284772509,0.449000938899674,no
5969,NEW HAMPSHIRE,Northeast,2024,44,0,0,0,0,0,0,0,0,-0.833122768722891,0.553088105310089,no
5970,NEW HAMPSHIRE,Northeast,2024,45,0,0,0,0,0,0,0,0,-0.760647863163829,0.649164715818952,no
5971,NEW HAMPSHIRE,Northeast,2024,46,0,0,0,0,0,0,0,0,-0.677156245853474,0.735839261457031,no
5972,NEW HAMPSHIRE,Northeast,2024,47,0,0,0,0,0,0,0,0,-0.583857153188981,0.811856406435312,no
5973,NEW HAMPSHIRE,Northeast,2024,48,0,0,0,0,0,0,0,0,-0.48210186644033,0.876115169583743,no
5974,NEW HAMPSHIRE,Northeast,2024,49,0,0,0,0,0,0,0,0,-0.373364140701786,0.927684870221573,no
5975,NEW HAMPSHIRE,Northeast,2024,50,0,0,0,0,0,0,0,0,-0.25921886001492,0.965818607510005,no
5976,NEW HAMPSHIRE,Northeast,2024,51,0,0,0,0,0,0,0,0,-0.141319227808016,0.989964078061293,no
5977,NEW HAMPSHIRE,Northeast,2024,52,0,0,0,0,0,0,0,0,-0.0213728230101764,0.999771575129327,no
5978,NEW HAMPSHIRE,Northeast,2025,1,0,0,0,0,0,0,0,0,0.120128619954843,0.992758336488667,no
5979,NEW HAMPSHIRE,Northeast,2025,2,0,0,0,0,0,0,0,0,0.238517377822098,0.97113822933549,no
5980,NEW HAMPSHIRE,Northeast,2025,3,0,0,0,0,0,0,0,0,0.353451610505767,0.935452809622634,no
5981,NEW HAMPSHIRE,Northeast,2025,4,0,0,0,0,0,0,0,0,0.463266687927793,0.886218920953741,no
5982,NEW HAMPSHIRE,Northeast,2025,5,0,0,0,0,0,0,0,0,0.566372122409852,0.824149633839001,no
5983,NEW HAMPSHIRE,Northeast,2025,6,0,0,0,0,0,0,0,0,0.661274604226529,0.750143918061759,no
5984,NEW HAMPSHIRE,Northeast,2025,7,0,0,0,0,0,0,0,0,0.746599629698408,0.665273622605165,no
5985,NEW HAMPSHIRE,Northeast,2025,8,0,0,0,0,0,0,0,0,0.821111408578364,0.570767951712827,no
5986,NEW HAMPSHIRE,Northeast,2025,9,0,0,0,0,0,0,0,0,0.883730762405837,0.467995661921774,no
5987,NEW HAMPSHIRE,Northeast,2025,10,0,0,0,0,0,0,0,0,0.933550754601395,0.358445237913918,no
5988,NEW HAMPSHIRE,Northeast,2025,11,0,0,0,0,0,0,0,0,0.969849825925805,0.243703334305638,no
5989,NEW HAMPSHIRE,Northeast,2025,12,0,0,0,0,0,0,0,0,0.992102245058455,0.125431795610095,no
5990,NEW HAMPSHIRE,Northeast,2025,13,0,0,0,0,0,0,0,0,0.999985722936002,0.00534358719969101,no
5991,NEW HAMPSHIRE,Northeast,2025,14,0,0,0,0,0,0,0,0,0.99338608057027,-0.1148220141316,no
5992,NEW HAMPSHIRE,Northeast,2025,15,0,0,0,0,0,0,0,0,0.972398902739873,-0.233324610682822,no
5993,NEW HAMPSHIRE,Northeast,2025,16,0,0,0,0,0,0,0,0,0.937328153604613,-0.348447890595089,no
5994,NEW HAMPSHIRE,Northeast,2025,17,0,0,0,0,0,0,0,0,0.888681774293145,-0.458524485757508,no
5995,NEW HAMPSHIRE,Northeast,2025,18,0,0,0,0,0,0,0,0,0.827164326225506,-0.561960120844802,no
5996,NEW HAMPSHIRE,Northeast,2025,19,0,0,0,0,0,0,0,0,0.75366678671966,-0.657256703728203,no
5997,NEW HAMPSHIRE,Northeast,2025,20,0,0,0,0,0,0,0,0,0.66925364467563,-0.743034022833669,no
5998,NEW HAMPSHIRE,Northeast,2025,21,0,0,0,0,0,0,0,0,0.575147483234652,-0.818049737197468,no
5999,NEW HAMPSHIRE,Northeast,2025,22,0,0,0,0,0,0,0,0,0.472711272707723,-0.881217369696629,no
6000,NEW HAMPSHIRE,Northeast,2025,23,0,0,0,0,0,0,0,0,0.363428630230867,-0.93162204285242,no
6001,NEW HAMPSHIRE,Northeast,2025,24,0,0,0,0,0,0,0,0,0.248882332052978,-0.968533729300055,no
6002,NEW HAMPSHIRE,Northeast,2025,25,0,0,0,0,0,0,0,0,0.130731389669801,-0.991417825013754,no
6003,NEW HAMPSHIRE,Northeast,2025,26,0,0,0,0,0,0,0,0,0.0106870218179092,-0.999942892151679,no
6004,NEW HAMPSHIRE,Northeast,2025,27,0,0,0,0,0,0,0,0,-0.109512129665869,-0.99398545937858,no
6005,NEW HAMPSHIRE,Northeast,2025,28,0,0,0,0,0,0,0,0,-0.228125181162749,-0.973631810141525,no
6006,NEW HAMPSHIRE,Northeast,2025,29,0,0,0,0,0,0,0,0,-0.343434221058743,-0.939176732998521,no
6007,NEW HAMPSHIRE,Northeast,2025,30,0,0,0,0,0,0,0,0,-0.453769190820369,-0.891119252099419,no
6008,NEW HAMPSHIRE,Northeast,2025,31,0,0,0,0,0,0,0,0,-0.557532072998533,-0.830155399655967,no
6009,NEW HAMPSHIRE,Northeast,2025,32,0,0,0,0,0,0,0,0,-0.653220035837834,-0.757168135079666,no
6010,NEW HAMPSHIRE,Northeast,2025,33,0,0,0,0,0,0,0,0,-0.739447199280337,-0.673214556791863,no
6011,NEW HAMPSHIRE,Northeast,2025,34,0,0,0,0,0,0,0,0,-0.814964707119669,-0.579510591921625,no
6012,NEW HAMPSHIRE,Northeast,2025,35,0,0,0,0,0,0,0,0,-0.878678814593855,-0.477413385635487,no
6013,NEW HAMPSHIRE,Northeast,2025,36,0,0,0,0,0,0,0,0,-0.929666729448389,-0.368401645160191,no
6014,NEW HAMPSHIRE,Northeast,2025,37,0,0,0,0,0,0,0,0,-0.96718997703823,-0.254054223182352,no
6015,NEW HAMPSHIRE,Northeast,2025,38,0,0,0,0,0,0,0,0,-0.990705095897581,-0.136027250808674,no
6016,NEW HAMPSHIRE,Northeast,2025,39,0,0,0,0,0,0,0,0,-0.999871508870024,-0.0160301512775393,no
6017,NEW HAMPSHIRE,Northeast,2025,40,0,0,0,0,0,0,0,0,-0.994556455798857,0.104199118176771,no
6018,NEW HAMPSHIRE,Northeast,2025,41,0,0,0,0,0,0,0,0,-0.97483691633585,0.222919237727053,no
6019,NEW HAMPSHIRE,Northeast,2025,42,0,0,0,0,0,0,0,0,-0.940998495019784,0.338410745057692,no
6020,NEW HAMPSHIRE,Northeast,2025,43,0,0,0,0,0,0,0,0,-0.893531284772509,0.449000938899674,no
6021,NEW HAMPSHIRE,Northeast,2025,44,0,0,0,0,0,0,0,0,-0.833122768722891,0.553088105310089,no
6022,NEW HAMPSHIRE,Northeast,2025,45,0,0,0,0,0,0,0,0,-0.760647863163829,0.649164715818952,no
6023,NEW HAMPSHIRE,Northeast,2025,46,0,0,0,0,0,0,0,0,-0.677156245853474,0.735839261457031,no
6024,NEW HAMPSHIRE,Northeast,2025,47,0,0,0,0,0,0,0,0,-0.583857153188981,0.811856406435312,no
6025,NEW HAMPSHIRE,Northeast,2025,48,0,0,0,0,0,0,0,0,-0.48210186644033,0.876115169583743,no
6026,NEW HAMPSHIRE,Northeast,2025,49,0,0,0,0,0,0,0,0,-0.373364140701786,0.927684870221573,no
6027,NEW HAMPSHIRE,Northeast,2025,50,0,0,0,0,0,0,0,0,-0.25921886001492,0.965818607510005,no
6028,NEW HAMPSHIRE,Northeast,2025,51,0,0,0,0,0,0,0,0,-0.141319227808016,0.989964078061293,no
6029,NEW HAMPSHIRE,Northeast,2025,52,0,0,0,0,0,0,0,0,-0.0213728230101764,0.999771575129327,no
6030,NEW HAMPSHIRE,Northeast,2025,53,0,0,0,0,0,0,0,0,0.0988831313727152,0.995099053526797,no
6031,NEW JERSEY,Northeast,2022,9,0,0,0,0,0,0,0,0,0.883730762405837,0.467995661921774,no
6032,NEW JERSEY,Northeast,2022,10,0,0,0,0,0,0,0,0,0.933550754601395,0.358445237913918,no
6033,NEW JERSEY,Northeast,2022,11,0,0,0,0,0,0,0,0,0.969849825925805,0.243703334305638,no
6034,NEW JERSEY,Northeast,2022,12,0,0,0,0,0,0,0,0,0.992102245058455,0.125431795610095,no
6035,NEW JERSEY,Northeast,2022,13,0,0,0,0,0,0,0,0,0.999985722936002,0.00534358719969101,no
6036,NEW JERSEY,Northeast,2022,14,0,0,0,0,0,0,0,0,0.99338608057027,-0.1148220141316,no
6037,NEW JERSEY,Northeast,2022,15,0,0,0,0,0,0,0,0,0.972398902739873,-0.233324610682822,no
6038,NEW JERSEY,Northeast,2022,16,0,0,0,0,0,0,0,0,0.937328153604613,-0.348447890595089,no
6039,NEW JERSEY,Northeast,2022,17,0,0,0,0,0,0,0,0,0.888681774293145,-0.458524485757508,no
6040,NEW JERSEY,Northeast,2022,18,0,0,0,0,0,0,0,0,0.827164326225506,-0.561960120844802,no
6041,NEW JERSEY,Northeast,2022,19,0,0,0,0,0,0,0,0,0.75366678671966,-0.657256703728203,no
6042,NEW JERSEY,Northeast,2022,20,0,0,0,0,0,0,0,0,0.66925364467563,-0.743034022833669,no
6043,NEW JERSEY,Northeast,2022,21,0,0,0,0,0,0,0,0,0.575147483234652,-0.818049737197468,no
6044,NEW JERSEY,Northeast,2022,22,0,0,0,0,0,0,0,0,0.472711272707723,-0.881217369696629,no
6045,NEW JERSEY,Northeast,2022,23,0,0,0,0,0,0,0,0,0.363428630230867,-0.93162204285242,no
6046,NEW JERSEY,Northeast,2022,24,0,0,0,0,0,0,0,0,0.248882332052978,-0.968533729300055,no
6047,NEW JERSEY,Northeast,2022,25,0,0,0,0,0,0,0,0,0.130731389669801,-0.991417825013754,no
6048,NEW JERSEY,Northeast,2022,26,0,0,0,0,0,0,0,0,0.0106870218179092,-0.999942892151679,no
6049,NEW JERSEY,Northeast,2022,27,0,0,0,0,0,0,0,0,-0.109512129665869,-0.99398545937858,no
6050,NEW JERSEY,Northeast,2022,28,0,0,0,0,0,0,0,0,-0.228125181162749,-0.973631810141525,no
6051,NEW JERSEY,Northeast,2022,29,0,0,0,0,0,0,0,0,-0.343434221058743,-0.939176732998521,no
6052,NEW JERSEY,Northeast,2022,30,0,0,0,0,0,0,0,0,-0.453769190820369,-0.891119252099419,no
6053,NEW JERSEY,Northeast,2022,31,0,0,0,0,0,0,0,0,-0.557532072998533,-0.830155399655967,no
6054,NEW JERSEY,Northeast,2022,32,0,0,0,0,0,0,0,0,-0.653220035837834,-0.757168135079666,no
6055,NEW JERSEY,Northeast,2022,33,0,0,0,0,0,0,0,0,-0.739447199280337,-0.673214556791863,no
6056,NEW JERSEY,Northeast,2022,34,0,0,0,0,0,0,0,0,-0.814964707119669,-0.579510591921625,no
6057,NEW JERSEY,Northeast,2022,35,0,0,0,0,0,0,0,0,-0.878678814593855,-0.477413385635487,no
6058,NEW JERSEY,Northeast,2022,36,0,0,0,0,0,0,0,0,-0.929666729448389,-0.368401645160191,no
6059,NEW JERSEY,Northeast,2022,37,0,0,0,0,0,0,0,0,-0.96718997703823,-0.254054223182352,no
6060,NEW JERSEY,Northeast,2022,38,0,0,0,0,0,0,0,0,-0.990705095897581,-0.136027250808674,no
6061,NEW JERSEY,Northeast,2022,39,0,0,0,0,0,0,0,0,-0.999871508870024,-0.0160301512775393,no
6062,NEW JERSEY,Northeast,2022,40,0,0,0,0,0,0,0,0,-0.994556455798857,0.104199118176771,no
6063,NEW JERSEY,Northeast,2022,41,0,0,0,0,0,0,0,0,-0.97483691633585,0.222919237727053,no
6064,NEW JERSEY,Northeast,2022,42,0,0,0,0,0,0,0,0,-0.940998495019784,0.338410745057692,no
6065,NEW JERSEY,Northeast,2022,43,0,0,0,0,0,0,0,0,-0.893531284772509,0.449000938899674,no
6066,NEW JERSEY,Northeast,2022,44,0,0,0,0,0,0,0,0,-0.833122768722891,0.553088105310089,no
6067,NEW JERSEY,Northeast,2022,45,0,0,0,0,0,0,0,0,-0.760647863163829,0.649164715818952,no
6068,NEW JERSEY,Northeast,2022,46,0,0,0,0,0,0,0,0,-0.677156245853474,0.735839261457031,no
6069,NEW JERSEY,Northeast,2022,47,0,0,0,0,0,0,0,0,-0.583857153188981,0.811856406435312,no
6070,NEW JERSEY,Northeast,2022,48,0,0,0,0,0,0,0,0,-0.48210186644033,0.876115169583743,no
6071,NEW JERSEY,Northeast,2022,49,0,0,0,0,0,0,0,0,-0.373364140701786,0.927684870221573,no
6072,NEW JERSEY,Northeast,2022,50,0,0,0,0,0,0,0,0,-0.25921886001492,0.965818607510005,no
6073,NEW JERSEY,Northeast,2022,51,0,0,0,0,0,0,0,0,-0.141319227808016,0.989964078061293,no
6074,NEW JERSEY,Northeast,2022,52,0,0,0,0,0,0,0,0,-0.0213728230101764,0.999771575129327,no
6075,NEW JERSEY,Northeast,2023,1,0,0,0,0,0,0,0,0,0.120128619954843,0.992758336488667,no
6076,NEW JERSEY,Northeast,2023,2,0,0,0,0,0,0,0,0,0.238517377822098,0.97113822933549,no
6077,NEW JERSEY,Northeast,2023,3,0,0,0,0,0,0,0,0,0.353451610505767,0.935452809622634,no
6078,NEW JERSEY,Northeast,2023,4,0,0,0,0,0,0,0,0,0.463266687927793,0.886218920953741,no
6079,NEW JERSEY,Northeast,2023,5,0,0,0,0,0,0,0,0,0.566372122409852,0.824149633839001,no
6080,NEW JERSEY,Northeast,2023,6,0,0,0,0,0,0,0,0,0.661274604226529,0.750143918061759,no
6081,NEW JERSEY,Northeast,2023,7,0,0,0,0,0,0,0,0,0.746599629698408,0.665273622605165,no
6082,NEW JERSEY,Northeast,2023,8,0,0,0,0,0,0,0,0,0.821111408578364,0.570767951712827,no
6083,NEW JERSEY,Northeast,2023,9,0,0,0,0,0,0,0,0,0.883730762405837,0.467995661921774,no
6084,NEW JERSEY,Northeast,2023,10,0,0,0,0,0,0,0,0,0.933550754601395,0.358445237913918,no
6085,NEW JERSEY,Northeast,2023,11,0,0,0,0,0,0,0,0,0.969849825925805,0.243703334305638,no
6086,NEW JERSEY,Northeast,2023,12,0,0,0,0,0,0,0,0,0.992102245058455,0.125431795610095,no
6087,NEW JERSEY,Northeast,2023,13,0,0,0,0,0,0,0,0,0.999985722936002,0.00534358719969101,no
6088,NEW JERSEY,Northeast,2023,14,0,0,0,0,0,0,0,0,0.99338608057027,-0.1148220141316,no
6089,NEW JERSEY,Northeast,2023,15,0,0,0,0,0,0,0,0,0.972398902739873,-0.233324610682822,no
6090,NEW JERSEY,Northeast,2023,16,0,0,0,0,0,0,0,0,0.937328153604613,-0.348447890595089,no
6091,NEW JERSEY,Northeast,2023,17,0,0,0,0,0,0,0,0,0.888681774293145,-0.458524485757508,no
6092,NEW JERSEY,Northeast,2023,18,0,0,0,0,0,0,0,0,0.827164326225506,-0.561960120844802,no
6093,NEW JERSEY,Northeast,2023,19,0,0,0,0,0,0,0,0,0.75366678671966,-0.657256703728203,no
6094,NEW JERSEY,Northeast,2023,20,0,0,0,0,0,0,0,0,0.66925364467563,-0.743034022833669,no
6095,NEW JERSEY,Northeast,2023,21,0,0,0,0,0,0,0,0,0.575147483234652,-0.818049737197468,no
6096,NEW JERSEY,Northeast,2023,22,0,0,0,0,0,0,0,0,0.472711272707723,-0.881217369696629,no
6097,NEW JERSEY,Northeast,2023,23,0,0,0,0,0,0,0,0,0.363428630230867,-0.93162204285242,no
6098,NEW JERSEY,Northeast,2023,24,0,0,0,0,0,0,0,0,0.248882332052978,-0.968533729300055,no
6099,NEW JERSEY,Northeast,2023,25,0,0,0,0,0,0,0,0,0.130731389669801,-0.991417825013754,no
6100,NEW JERSEY,Northeast,2023,26,0,0,0,0,0,0,0,0,0.0106870218179092,-0.999942892151679,no
6101,NEW JERSEY,Northeast,2023,27,0,0,0,0,0,0,0,0,-0.109512129665869,-0.99398545937858,no
6102,NEW JERSEY,Northeast,2023,28,0,0,0,0,0,0,0,0,-0.228125181162749,-0.973631810141525,no
6103,NEW JERSEY,Northeast,2023,29,0,0,0,0,0,0,0,0,-0.343434221058743,-0.939176732998521,no
6104,NEW JERSEY,Northeast,2023,30,0,0,0,0,0,0,0,0,-0.453769190820369,-0.891119252099419,no
6105,NEW JERSEY,Northeast,2023,31,0,0,0,0,0,0,0,0,-0.557532072998533,-0.830155399655967,no
6106,NEW JERSEY,Northeast,2023,32,0,0,0,0,0,0,0,0,-0.653220035837834,-0.757168135079666,no
6107,NEW JERSEY,Northeast,2023,33,0,0,0,0,0,0,0,0,-0.739447199280337,-0.673214556791863,no
6108,NEW JERSEY,Northeast,2023,34,0,0,0,0,0,0,0,0,-0.814964707119669,-0.579510591921625,no
6109,NEW JERSEY,Northeast,2023,35,0,0,0,0,0,0,0,0,-0.878678814593855,-0.477413385635487,no
6110,NEW JERSEY,Northeast,2023,36,0,0,0,0,0,0,0,0,-0.929666729448389,-0.368401645160191,no
6111,NEW JERSEY,Northeast,2023,37,0,0,0,0,0,0,0,0,-0.96718997703823,-0.254054223182352,no
6112,NEW JERSEY,Northeast,2023,38,0,0,0,0,0,0,0,0,-0.990705095897581,-0.136027250808674,no
6113,NEW JERSEY,Northeast,2023,39,0,0,0,0,0,0,0,0,-0.999871508870024,-0.0160301512775393,no
6114,NEW JERSEY,Northeast,2023,40,0,0,0,0,0,0,0,0,-0.994556455798857,0.104199118176771,no
6115,NEW JERSEY,Northeast,2023,41,0,0,0,0,0,0,0,0,-0.97483691633585,0.222919237727053,no
6116,NEW JERSEY,Northeast,2023,42,0,0,0,0,0,0,0,0,-0.940998495019784,0.338410745057692,no
6117,NEW JERSEY,Northeast,2023,43,0,0,0,0,0,0,0,0,-0.893531284772509,0.449000938899674,no
6118,NEW JERSEY,Northeast,2023,44,0,0,0,0,0,0,0,0,-0.833122768722891,0.553088105310089,no
6119,NEW JERSEY,Northeast,2023,45,0,0,0,0,0,0,0,0,-0.760647863163829,0.649164715818952,no
6120,NEW JERSEY,Northeast,2023,46,0,0,0,0,0,0,0,0,-0.677156245853474,0.735839261457031,no
6121,NEW JERSEY,Northeast,2023,47,0,0,0,0,0,0,0,0,-0.583857153188981,0.811856406435312,no
6122,NEW JERSEY,Northeast,2023,48,0,0,0,0,0,0,0,0,-0.48210186644033,0.876115169583743,no
6123,NEW JERSEY,Northeast,2023,49,0,0,0,0,0,0,0,0,-0.373364140701786,0.927684870221573,no
6124,NEW JERSEY,Northeast,2023,50,0,0,0,0,0,0,0,0,-0.25921886001492,0.965818607510005,no
6125,NEW JERSEY,Northeast,2023,51,0,0,0,0,0,0,0,0,-0.141319227808016,0.989964078061293,no
6126,NEW JERSEY,Northeast,2023,52,0,0,0,0,0,0,0,0,-0.0213728230101764,0.999771575129327,no
6127,NEW JERSEY,Northeast,2024,1,0,0,0,0,0,0,0,0,0.120128619954843,0.992758336488667,no
6128,NEW JERSEY,Northeast,2024,2,0,0,0,0,0,0,0,0,0.238517377822098,0.97113822933549,no
6129,NEW JERSEY,Northeast,2024,3,0,0,0,0,0,0,0,0,0.353451610505767,0.935452809622634,no
6130,NEW JERSEY,Northeast,2024,4,0,0,0,0,0,0,0,0,0.463266687927793,0.886218920953741,no
6131,NEW JERSEY,Northeast,2024,5,0,0,0,0,0,0,0,0,0.566372122409852,0.824149633839001,no
6132,NEW JERSEY,Northeast,2024,6,0,0,0,0,0,0,0,0,0.661274604226529,0.750143918061759,no
6133,NEW JERSEY,Northeast,2024,7,0,0,0,0,0,0,0,0,0.746599629698408,0.665273622605165,no
6134,NEW JERSEY,Northeast,2024,8,0,0,0,0,0,0,0,0,0.821111408578364,0.570767951712827,no
6135,NEW JERSEY,Northeast,2024,9,0,0,0,0,0,0,0,0,0.883730762405837,0.467995661921774,no
6136,NEW JERSEY,Northeast,2024,10,0,0,0,0,0,0,0,0,0.933550754601395,0.358445237913918,no
6137,NEW JERSEY,Northeast,2024,11,0,0,0,0,0,0,0,0,0.969849825925805,0.243703334305638,no
6138,NEW JERSEY,Northeast,2024,12,0,0,0,0,0,0,0,0,0.992102245058455,0.125431795610095,no
6139,NEW JERSEY,Northeast,2024,13,0,0,0,0,0,0,0,0,0.999985722936002,0.00534358719969101,no
6140,NEW JERSEY,Northeast,2024,14,0,0,0,0,0,0,0,0,0.99338608057027,-0.1148220141316,no
6141,NEW JERSEY,Northeast,2024,15,0,0,0,0,0,0,0,0,0.972398902739873,-0.233324610682822,no
6142,NEW JERSEY,Northeast,2024,16,0,0,0,0,0,0,0,0,0.937328153604613,-0.348447890595089,no
6143,NEW JERSEY,Northeast,2024,17,0,0,0,0,0,0,0,0,0.888681774293145,-0.458524485757508,no
6144,NEW JERSEY,Northeast,2024,18,0,0,0,0,0,0,0,0,0.827164326225506,-0.561960120844802,no
6145,NEW JERSEY,Northeast,2024,19,0,0,0,0,0,0,0,0,0.75366678671966,-0.657256703728203,no
6146,NEW JERSEY,Northeast,2024,20,0,0,0,0,0,0,0,0,0.66925364467563,-0.743034022833669,no
6147,NEW JERSEY,Northeast,2024,21,0,0,0,0,0,0,0,0,0.575147483234652,-0.818049737197468,no
6148,NEW JERSEY,Northeast,2024,22,0,0,0,0,0,0,0,0,0.472711272707723,-0.881217369696629,no
6149,NEW JERSEY,Northeast,2024,23,0,0,0,0,0,0,0,0,0.363428630230867,-0.93162204285242,no
6150,NEW JERSEY,Northeast,2024,24,0,0,0,0,0,0,0,0,0.248882332052978,-0.968533729300055,no
6151,NEW JERSEY,Northeast,2024,25,0,0,0,0,0,0,0,0,0.130731389669801,-0.991417825013754,no
6152,NEW JERSEY,Northeast,2024,26,0,0,0,0,0,0,0,0,0.0106870218179092,-0.999942892151679,no
6153,NEW JERSEY,Northeast,2024,27,0,0,0,0,0,0,0,0,-0.109512129665869,-0.99398545937858,no
6154,NEW JERSEY,Northeast,2024,28,0,0,0,0,0,0,0,0,-0.228125181162749,-0.973631810141525,no
6155,NEW JERSEY,Northeast,2024,29,0,0,0,0,0,0,0,0,-0.343434221058743,-0.939176732998521,no
6156,NEW JERSEY,Northeast,2024,30,0,0,0,0,0,0,0,0,-0.453769190820369,-0.891119252099419,no
6157,NEW JERSEY,Northeast,2024,31,0,0,0,0,0,0,0,0,-0.557532072998533,-0.830155399655967,no
6158,NEW JERSEY,Northeast,2024,32,0,0,0,0,0,0,0,0,-0.653220035837834,-0.757168135079666,no
6159,NEW JERSEY,Northeast,2024,33,0,0,0,0,0,0,0,0,-0.739447199280337,-0.673214556791863,no
6160,NEW JERSEY,Northeast,2024,34,0,0,0,0,0,0,0,0,-0.814964707119669,-0.579510591921625,no
6161,NEW JERSEY,Northeast,2024,35,0,0,0,0,0,0,0,0,-0.878678814593855,-0.477413385635487,no
6162,NEW JERSEY,Northeast,2024,36,0,0,0,0,0,0,0,0,-0.929666729448389,-0.368401645160191,no
6163,NEW JERSEY,Northeast,2024,37,0,0,0,0,0,0,0,0,-0.96718997703823,-0.254054223182352,no
6164,NEW JERSEY,Northeast,2024,38,0,0,0,0,0,0,0,0,-0.990705095897581,-0.136027250808674,no
6165,NEW JERSEY,Northeast,2024,39,0,0,0,0,0,0,0,0,-0.999871508870024,-0.0160301512775393,no
6166,NEW JERSEY,Northeast,2024,40,0,0,0,0,0,0,0,0,-0.994556455798857,0.104199118176771,no
6167,NEW JERSEY,Northeast,2024,41,0,0,0,0,0,0,0,0,-0.97483691633585,0.222919237727053,no
6168,NEW JERSEY,Northeast,2024,42,0,0,0,0,0,0,0,0,-0.940998495019784,0.338410745057692,no
6169,NEW JERSEY,Northeast,2024,43,0,0,0,0,0,0,0,0,-0.893531284772509,0.449000938899674,no
6170,NEW JERSEY,Northeast,2024,44,0,0,0,0,0,0,0,0,-0.833122768722891,0.553088105310089,no
6171,NEW JERSEY,Northeast,2024,45,0,0,0,0,0,0,0,0,-0.760647863163829,0.649164715818952,no
6172,NEW JERSEY,Northeast,2024,46,0,0,0,0,0,0,0,0,-0.677156245853474,0.735839261457031,no
6173,NEW JERSEY,Northeast,2024,47,0,0,0,0,0,0,0,0,-0.583857153188981,0.811856406435312,no
6174,NEW JERSEY,Northeast,2024,48,0,0,0,0,0,0,0,0,-0.48210186644033,0.876115169583743,no
6175,NEW JERSEY,Northeast,2024,49,0,0,0,0,0,0,0,0,-0.373364140701786,0.927684870221573,no
6176,NEW JERSEY,Northeast,2024,50,0,0,0,0,0,0,0,0,-0.25921886001492,0.965818607510005,no
6177,NEW JERSEY,Northeast,2024,51,0,0,0,0,0,0,0,0,-0.141319227808016,0.989964078061293,no
6178,NEW JERSEY,Northeast,2024,52,0,0,0,0,0,0,0,0,-0.0213728230101764,0.999771575129327,no
6179,NEW JERSEY,Northeast,2025,1,0,0,0,0,0,0,0,0,0.120128619954843,0.992758336488667,no
6180,NEW JERSEY,Northeast,2025,2,0,0,0,0,0,0,0,0,0.238517377822098,0.97113822933549,no
6181,NEW JERSEY,Northeast,2025,3,0,0,0,0,0,0,0,0,0.353451610505767,0.935452809622634,no
6182,NEW JERSEY,Northeast,2025,4,0,0,0,0,0,0,0,0,0.463266687927793,0.886218920953741,no
6183,NEW JERSEY,Northeast,2025,5,0,0,0,0,0,0,0,0,0.566372122409852,0.824149633839001,no
6184,NEW JERSEY,Northeast,2025,6,0,0,0,0,0,0,0,0,0.661274604226529,0.750143918061759,no
6185,NEW JERSEY,Northeast,2025,7,0,0,0,0,0,0,0,0,0.746599629698408,0.665273622605165,no
6186,NEW JERSEY,Northeast,2025,8,0,0,0,0,0,0,0,0,0.821111408578364,0.570767951712827,no
6187,NEW JERSEY,Northeast,2025,9,0,0,0,0,0,0,0,0,0.883730762405837,0.467995661921774,no
6188,NEW JERSEY,Northeast,2025,10,0,0,0,0,0,0,0,0,0.933550754601395,0.358445237913918,no
6189,NEW JERSEY,Northeast,2025,11,0,0,0,0,0,0,0,0,0.969849825925805,0.243703334305638,no
6190,NEW JERSEY,Northeast,2025,12,0,0,0,0,0,0,0,0,0.992102245058455,0.125431795610095,no
6191,NEW JERSEY,Northeast,2025,13,0,0,0,0,0,0,0,0,0.999985722936002,0.00534358719969101,no
6192,NEW JERSEY,Northeast,2025,14,0,0,0,0,0,0,0,0,0.99338608057027,-0.1148220141316,no
6193,NEW JERSEY,Northeast,2025,15,0,0,0,0,0,0,0,0,0.972398902739873,-0.233324610682822,no
6194,NEW JERSEY,Northeast,2025,16,0,0,0,0,0,0,0,0,0.937328153604613,-0.348447890595089,no
6195,NEW JERSEY,Northeast,2025,17,0,0,0,0,0,0,0,0,0.888681774293145,-0.458524485757508,no
6196,NEW JERSEY,Northeast,2025,18,0,0,0,0,0,0,0,0,0.827164326225506,-0.561960120844802,no
6197,NEW JERSEY,Northeast,2025,19,0,0,0,0,0,0,0,0,0.75366678671966,-0.657256703728203,no
6198,NEW JERSEY,Northeast,2025,20,0,0,0,0,0,0,0,0,0.66925364467563,-0.743034022833669,no
6199,NEW JERSEY,Northeast,2025,21,0,0,0,0,0,0,0,0,0.575147483234652,-0.818049737197468,no
6200,NEW JERSEY,Northeast,2025,22,0,0,0,0,0,0,0,0,0.472711272707723,-0.881217369696629,no
6201,NEW JERSEY,Northeast,2025,23,0,0,0,0,0,0,0,0,0.363428630230867,-0.93162204285242,no
6202,NEW JERSEY,Northeast,2025,24,0,0,0,0,0,0,0,0,0.248882332052978,-0.968533729300055,no
6203,NEW JERSEY,Northeast,2025,25,0,0,0,0,0,0,0,0,0.130731389669801,-0.991417825013754,no
6204,NEW JERSEY,Northeast,2025,26,0,0,0,0,0,0,0,0,0.0106870218179092,-0.999942892151679,no
6205,NEW JERSEY,Northeast,2025,27,0,0,0,0,0,0,0,0,-0.109512129665869,-0.99398545937858,no
6206,NEW JERSEY,Northeast,2025,28,0,0,0,0,0,0,0,0,-0.228125181162749,-0.973631810141525,no
6207,NEW JERSEY,Northeast,2025,29,0,0,0,0,0,0,0,0,-0.343434221058743,-0.939176732998521,no
6208,NEW JERSEY,Northeast,2025,30,0,0,0,0,0,0,0,0,-0.453769190820369,-0.891119252099419,no
6209,NEW JERSEY,Northeast,2025,31,0,0,0,0,0,0,0,0,-0.557532072998533,-0.830155399655967,no
6210,NEW JERSEY,Northeast,2025,32,0,0,0,0,0,0,0,0,-0.653220035837834,-0.757168135079666,no
6211,NEW JERSEY,Northeast,2025,33,0,0,0,0,0,0,0,0,-0.739447199280337,-0.673214556791863,no
6212,NEW JERSEY,Northeast,2025,34,0,0,0,0,0,0,0,0,-0.814964707119669,-0.579510591921625,no
6213,NEW JERSEY,Northeast,2025,35,0,0,0,0,0,0,0,0,-0.878678814593855,-0.477413385635487,no
6214,NEW JERSEY,Northeast,2025,36,0,0,0,0,0,0,0,0,-0.929666729448389,-0.368401645160191,no
6215,NEW JERSEY,Northeast,2025,37,0,0,0,0,0,0,0,0,-0.96718997703823,-0.254054223182352,no
6216,NEW JERSEY,Northeast,2025,38,0,0,0,0,0,0,0,0,-0.990705095897581,-0.136027250808674,no
6217,NEW JERSEY,Northeast,2025,39,0,0,0,0,0,0,0,0,-0.999871508870024,-0.0160301512775393,no
6218,NEW JERSEY,Northeast,2025,40,0,0,0,0,0,0,0,0,-0.994556455798857,0.104199118176771,no
6219,NEW JERSEY,Northeast,2025,41,0,0,0,0,0,0,0,0,-0.97483691633585,0.222919237727053,no
6220,NEW JERSEY,Northeast,2025,42,0,0,0,0,0,0,0,0,-0.940998495019784,0.338410745057692,no
6221,NEW JERSEY,Northeast,2025,43,0,0,0,0,0,0,0,0,-0.893531284772509,0.449000938899674,no
6222,NEW JERSEY,Northeast,2025,44,0,0,0,0,0,0,0,0,-0.833122768722891,0.553088105310089,no
6223,NEW JERSEY,Northeast,2025,45,0,0,0,0,0,0,0,0,-0.760647863163829,0.649164715818952,no
6224,NEW JERSEY,Northeast,2025,46,0,0,0,0,0,0,0,0,-0.677156245853474,0.735839261457031,no
6225,NEW JERSEY,Northeast,2025,47,0,0,0,0,0,0,0,0,-0.583857153188981,0.811856406435312,no
6226,NEW JERSEY,Northeast,2025,48,0,0,0,0,0,0,0,0,-0.48210186644033,0.876115169583743,no
6227,NEW JERSEY,Northeast,2025,49,0,0,0,0,0,0,0,0,-0.373364140701786,0.927684870221573,no
6228,NEW JERSEY,Northeast,2025,50,0,0,0,0,0,0,0,0,-0.25921886001492,0.965818607510005,no
6229,NEW JERSEY,Northeast,2025,51,0,0,0,0,0,0,0,0,-0.141319227808016,0.989964078061293,no
6230,NEW JERSEY,Northeast,2025,52,0,0,0,0,0,0,0,0,-0.0213728230101764,0.999771575129327,no
6231,NEW JERSEY,Northeast,2025,53,0,0,0,0,0,0,0,0,0.0988831313727152,0.995099053526797,no
6232,NEW MEXICO,West,2022,9,0,0,0,0,0,0,0,0,0.883730762405837,0.467995661921774,no
6233,NEW MEXICO,West,2022,10,0,0,0,0,0,0,0,0,0.933550754601395,0.358445237913918,no
6234,NEW MEXICO,West,2022,11,0,0,0,0,0,0,0,0,0.969849825925805,0.243703334305638,no
6235,NEW MEXICO,West,2022,12,0,0,0,0,0,0,0,0,0.992102245058455,0.125431795610095,no
6236,NEW MEXICO,West,2022,13,0,0,0,0,0,0,0,0,0.999985722936002,0.00534358719969101,no
6237,NEW MEXICO,West,2022,14,0,0,0,0,0,0,0,0,0.99338608057027,-0.1148220141316,no
6238,NEW MEXICO,West,2022,15,0,0,0,0,0,0,0,0,0.972398902739873,-0.233324610682822,no
6239,NEW MEXICO,West,2022,16,0,0,0,0,0,0,0,0,0.937328153604613,-0.348447890595089,no
6240,NEW MEXICO,West,2022,17,0,0,0,0,0,0,0,0,0.888681774293145,-0.458524485757508,no
6241,NEW MEXICO,West,2022,18,0,0,0,0,0,0,0,0,0.827164326225506,-0.561960120844802,no
6242,NEW MEXICO,West,2022,19,0,0,0,0,0,0,0,0,0.75366678671966,-0.657256703728203,no
6243,NEW MEXICO,West,2022,20,0,0,0,0,0,0,0,0,0.66925364467563,-0.743034022833669,no
6244,NEW MEXICO,West,2022,21,0,0,0,0,0,0,0,0,0.575147483234652,-0.818049737197468,no
6245,NEW MEXICO,West,2022,22,0,0,0,0,0,0,0,0,0.472711272707723,-0.881217369696629,no
6246,NEW MEXICO,West,2022,23,0,0,0,0,0,0,0,0,0.363428630230867,-0.93162204285242,no
6247,NEW MEXICO,West,2022,24,0,0,0,0,0,0,0,0,0.248882332052978,-0.968533729300055,no
6248,NEW MEXICO,West,2022,25,0,0,0,0,0,0,0,0,0.130731389669801,-0.991417825013754,no
6249,NEW MEXICO,West,2022,26,0,0,0,0,0,0,0,0,0.0106870218179092,-0.999942892151679,no
6250,NEW MEXICO,West,2022,27,0,0,0,0,0,0,0,0,-0.109512129665869,-0.99398545937858,no
6251,NEW MEXICO,West,2022,28,0,0,0,0,0,0,0,0,-0.228125181162749,-0.973631810141525,no
6252,NEW MEXICO,West,2022,29,0,0,0,0,0,0,0,0,-0.343434221058743,-0.939176732998521,no
6253,NEW MEXICO,West,2022,30,0,0,0,0,0,0,0,0,-0.453769190820369,-0.891119252099419,no
6254,NEW MEXICO,West,2022,31,0,0,0,0,0,0,0,0,-0.557532072998533,-0.830155399655967,no
6255,NEW MEXICO,West,2022,32,0,0,0,0,0,0,0,0,-0.653220035837834,-0.757168135079666,no
6256,NEW MEXICO,West,2022,33,0,0,0,0,0,0,0,0,-0.739447199280337,-0.673214556791863,no
6257,NEW MEXICO,West,2022,34,0,0,0,0,0,0,0,0,-0.814964707119669,-0.579510591921625,no
6258,NEW MEXICO,West,2022,35,0,0,0,0,0,0,0,0,-0.878678814593855,-0.477413385635487,no
6259,NEW MEXICO,West,2022,36,0,0,0,0,0,0,0,0,-0.929666729448389,-0.368401645160191,no
6260,NEW MEXICO,West,2022,37,0,0,0,0,0,0,0,0,-0.96718997703823,-0.254054223182352,no
6261,NEW MEXICO,West,2022,38,0,0,0,0,0,0,0,0,-0.990705095897581,-0.136027250808674,no
6262,NEW MEXICO,West,2022,39,0,0,0,0,0,0,0,0,-0.999871508870024,-0.0160301512775393,no
6263,NEW MEXICO,West,2022,40,0,0,0,0,0,0,0,1,-0.994556455798857,0.104199118176771,yes
6264,NEW MEXICO,West,2022,41,0,0,0,0,0,0,0,1,-0.97483691633585,0.222919237727053,yes
6265,NEW MEXICO,West,2022,42,0,0,0,0,0,0,0,1,-0.940998495019784,0.338410745057692,yes
6266,NEW MEXICO,West,2022,43,0,0,0,0,0,0,0,1,-0.893531284772509,0.449000938899674,yes
6267,NEW MEXICO,West,2022,44,1,0,0,0,0,0,0,0,-0.833122768722891,0.553088105310089,no
6268,NEW MEXICO,West,2022,45,0,1,0,0,1,1,1,0,-0.760647863163829,0.649164715818952,no
6269,NEW MEXICO,West,2022,46,0,0,1,0,1,1,1,0,-0.677156245853474,0.735839261457031,no
6270,NEW MEXICO,West,2022,47,0,0,0,0,1,1,1,0,-0.583857153188981,0.811856406435312,no
6271,NEW MEXICO,West,2022,48,0,0,0,1,1,1,1,0,-0.48210186644033,0.876115169583743,no
6272,NEW MEXICO,West,2022,49,0,0,0,0,0,1,1,0,-0.373364140701786,0.927684870221573,no
6273,NEW MEXICO,West,2022,50,0,0,0,0,0,1,1,0,-0.25921886001492,0.965818607510005,no
6274,NEW MEXICO,West,2022,51,0,0,0,0,0,1,1,0,-0.141319227808016,0.989964078061293,no
6275,NEW MEXICO,West,2022,52,0,0,0,0,0,1,1,0,-0.0213728230101764,0.999771575129327,no
6276,NEW MEXICO,West,2023,1,0,0,0,0,0,0,0,0,0.120128619954843,0.992758336488667,no
6277,NEW MEXICO,West,2023,2,0,0,0,0,0,0,0,0,0.238517377822098,0.97113822933549,no
6278,NEW MEXICO,West,2023,3,0,0,0,0,0,0,0,0,0.353451610505767,0.935452809622634,no
6279,NEW MEXICO,West,2023,4,0,0,0,0,0,0,0,0,0.463266687927793,0.886218920953741,no
6280,NEW MEXICO,West,2023,5,0,0,0,0,0,0,0,0,0.566372122409852,0.824149633839001,no
6281,NEW MEXICO,West,2023,6,0,0,0,0,0,0,0,0,0.661274604226529,0.750143918061759,no
6282,NEW MEXICO,West,2023,7,0,0,0,0,0,0,0,0,0.746599629698408,0.665273622605165,no
6283,NEW MEXICO,West,2023,8,0,0,0,0,0,0,0,0,0.821111408578364,0.570767951712827,no
6284,NEW MEXICO,West,2023,9,0,0,0,0,0,0,0,0,0.883730762405837,0.467995661921774,no
6285,NEW MEXICO,West,2023,10,0,0,0,0,0,0,0,0,0.933550754601395,0.358445237913918,no
6286,NEW MEXICO,West,2023,11,0,0,0,0,0,0,0,0,0.969849825925805,0.243703334305638,no
6287,NEW MEXICO,West,2023,12,0,0,0,0,0,0,0,0,0.992102245058455,0.125431795610095,no
6288,NEW MEXICO,West,2023,13,0,0,0,0,0,0,0,0,0.999985722936002,0.00534358719969101,no
6289,NEW MEXICO,West,2023,14,0,0,0,0,0,0,0,0,0.99338608057027,-0.1148220141316,no
6290,NEW MEXICO,West,2023,15,0,0,0,0,0,0,0,0,0.972398902739873,-0.233324610682822,no
6291,NEW MEXICO,West,2023,16,0,0,0,0,0,0,0,0,0.937328153604613,-0.348447890595089,no
6292,NEW MEXICO,West,2023,17,0,0,0,0,0,0,0,0,0.888681774293145,-0.458524485757508,no
6293,NEW MEXICO,West,2023,18,0,0,0,0,0,0,0,0,0.827164326225506,-0.561960120844802,no
6294,NEW MEXICO,West,2023,19,0,0,0,0,0,0,0,0,0.75366678671966,-0.657256703728203,no
6295,NEW MEXICO,West,2023,20,0,0,0,0,0,0,0,0,0.66925364467563,-0.743034022833669,no
6296,NEW MEXICO,West,2023,21,0,0,0,0,0,0,0,0,0.575147483234652,-0.818049737197468,no
6297,NEW MEXICO,West,2023,22,0,0,0,0,0,0,0,0,0.472711272707723,-0.881217369696629,no
6298,NEW MEXICO,West,2023,23,0,0,0,0,0,0,0,0,0.363428630230867,-0.93162204285242,no
6299,NEW MEXICO,West,2023,24,0,0,0,0,0,0,0,0,0.248882332052978,-0.968533729300055,no
6300,NEW MEXICO,West,2023,25,0,0,0,0,0,0,0,0,0.130731389669801,-0.991417825013754,no
6301,NEW MEXICO,West,2023,26,0,0,0,0,0,0,0,0,0.0106870218179092,-0.999942892151679,no
6302,NEW MEXICO,West,2023,27,0,0,0,0,0,0,0,0,-0.109512129665869,-0.99398545937858,no
6303,NEW MEXICO,West,2023,28,0,0,0,0,0,0,0,0,-0.228125181162749,-0.973631810141525,no
6304,NEW MEXICO,West,2023,29,0,0,0,0,0,0,0,0,-0.343434221058743,-0.939176732998521,no
6305,NEW MEXICO,West,2023,30,0,0,0,0,0,0,0,0,-0.453769190820369,-0.891119252099419,no
6306,NEW MEXICO,West,2023,31,0,0,0,0,0,0,0,0,-0.557532072998533,-0.830155399655967,no
6307,NEW MEXICO,West,2023,32,0,0,0,0,0,0,0,0,-0.653220035837834,-0.757168135079666,no
6308,NEW MEXICO,West,2023,33,0,0,0,0,0,0,0,0,-0.739447199280337,-0.673214556791863,no
6309,NEW MEXICO,West,2023,34,0,0,0,0,0,0,0,0,-0.814964707119669,-0.579510591921625,no
6310,NEW MEXICO,West,2023,35,0,0,0,0,0,0,0,0,-0.878678814593855,-0.477413385635487,no
6311,NEW MEXICO,West,2023,36,0,0,0,0,0,0,0,0,-0.929666729448389,-0.368401645160191,no
6312,NEW MEXICO,West,2023,37,0,0,0,0,0,0,0,0,-0.96718997703823,-0.254054223182352,no
6313,NEW MEXICO,West,2023,38,0,0,0,0,0,0,0,0,-0.990705095897581,-0.136027250808674,no
6314,NEW MEXICO,West,2023,39,0,0,0,0,0,0,0,0,-0.999871508870024,-0.0160301512775393,no
6315,NEW MEXICO,West,2023,40,0,0,0,0,0,0,0,0,-0.994556455798857,0.104199118176771,no
6316,NEW MEXICO,West,2023,41,0,0,0,0,0,0,0,0,-0.97483691633585,0.222919237727053,no
6317,NEW MEXICO,West,2023,42,0,0,0,0,0,0,0,0,-0.940998495019784,0.338410745057692,no
6318,NEW MEXICO,West,2023,43,0,0,0,0,0,0,0,0,-0.893531284772509,0.449000938899674,no
6319,NEW MEXICO,West,2023,44,0,0,0,0,0,0,0,0,-0.833122768722891,0.553088105310089,no
6320,NEW MEXICO,West,2023,45,0,0,0,0,0,0,0,0,-0.760647863163829,0.649164715818952,no
6321,NEW MEXICO,West,2023,46,0,0,0,0,0,0,0,0,-0.677156245853474,0.735839261457031,no
6322,NEW MEXICO,West,2023,47,0,0,0,0,0,0,0,0,-0.583857153188981,0.811856406435312,no
6323,NEW MEXICO,West,2023,48,0,0,0,0,0,0,0,0,-0.48210186644033,0.876115169583743,no
6324,NEW MEXICO,West,2023,49,0,0,0,0,0,0,0,0,-0.373364140701786,0.927684870221573,no
6325,NEW MEXICO,West,2023,50,0,0,0,0,0,0,0,0,-0.25921886001492,0.965818607510005,no
6326,NEW MEXICO,West,2023,51,0,0,0,0,0,0,0,0,-0.141319227808016,0.989964078061293,no
6327,NEW MEXICO,West,2023,52,0,0,0,0,0,0,0,0,-0.0213728230101764,0.999771575129327,no
6328,NEW MEXICO,West,2024,1,0,0,0,0,0,0,0,0,0.120128619954843,0.992758336488667,no
6329,NEW MEXICO,West,2024,2,0,0,0,0,0,0,0,0,0.238517377822098,0.97113822933549,no
6330,NEW MEXICO,West,2024,3,0,0,0,0,0,0,0,0,0.353451610505767,0.935452809622634,no
6331,NEW MEXICO,West,2024,4,0,0,0,0,0,0,0,0,0.463266687927793,0.886218920953741,no
6332,NEW MEXICO,West,2024,5,0,0,0,0,0,0,0,0,0.566372122409852,0.824149633839001,no
6333,NEW MEXICO,West,2024,6,0,0,0,0,0,0,0,0,0.661274604226529,0.750143918061759,no
6334,NEW MEXICO,West,2024,7,0,0,0,0,0,0,0,0,0.746599629698408,0.665273622605165,no
6335,NEW MEXICO,West,2024,8,0,0,0,0,0,0,0,0,0.821111408578364,0.570767951712827,no
6336,NEW MEXICO,West,2024,9,0,0,0,0,0,0,0,0,0.883730762405837,0.467995661921774,no
6337,NEW MEXICO,West,2024,10,0,0,0,0,0,0,0,0,0.933550754601395,0.358445237913918,no
6338,NEW MEXICO,West,2024,11,0,0,0,0,0,0,0,0,0.969849825925805,0.243703334305638,no
6339,NEW MEXICO,West,2024,12,0,0,0,0,0,0,0,0,0.992102245058455,0.125431795610095,no
6340,NEW MEXICO,West,2024,13,0,0,0,0,0,0,0,0,0.999985722936002,0.00534358719969101,no
6341,NEW MEXICO,West,2024,14,0,0,0,0,0,0,0,0,0.99338608057027,-0.1148220141316,no
6342,NEW MEXICO,West,2024,15,0,0,0,0,0,0,0,0,0.972398902739873,-0.233324610682822,no
6343,NEW MEXICO,West,2024,16,0,0,0,0,0,0,0,0,0.937328153604613,-0.348447890595089,no
6344,NEW MEXICO,West,2024,17,0,0,0,0,0,0,0,0,0.888681774293145,-0.458524485757508,no
6345,NEW MEXICO,West,2024,18,0,0,0,0,0,0,0,0,0.827164326225506,-0.561960120844802,no
6346,NEW MEXICO,West,2024,19,0,0,0,0,0,0,0,0,0.75366678671966,-0.657256703728203,no
6347,NEW MEXICO,West,2024,20,0,0,0,0,0,0,0,0,0.66925364467563,-0.743034022833669,no
6348,NEW MEXICO,West,2024,21,0,0,0,0,0,0,0,0,0.575147483234652,-0.818049737197468,no
6349,NEW MEXICO,West,2024,22,0,0,0,0,0,0,0,0,0.472711272707723,-0.881217369696629,no
6350,NEW MEXICO,West,2024,23,0,0,0,0,0,0,0,0,0.363428630230867,-0.93162204285242,no
6351,NEW MEXICO,West,2024,24,0,0,0,0,0,0,0,0,0.248882332052978,-0.968533729300055,no
6352,NEW MEXICO,West,2024,25,0,0,0,0,0,0,0,0,0.130731389669801,-0.991417825013754,no
6353,NEW MEXICO,West,2024,26,0,0,0,0,0,0,0,0,0.0106870218179092,-0.999942892151679,no
6354,NEW MEXICO,West,2024,27,0,0,0,0,0,0,0,0,-0.109512129665869,-0.99398545937858,no
6355,NEW MEXICO,West,2024,28,0,0,0,0,0,0,0,0,-0.228125181162749,-0.973631810141525,no
6356,NEW MEXICO,West,2024,29,0,0,0,0,0,0,0,0,-0.343434221058743,-0.939176732998521,no
6357,NEW MEXICO,West,2024,30,0,0,0,0,0,0,0,0,-0.453769190820369,-0.891119252099419,no
6358,NEW MEXICO,West,2024,31,0,0,0,0,0,0,0,0,-0.557532072998533,-0.830155399655967,no
6359,NEW MEXICO,West,2024,32,0,0,0,0,0,0,0,0,-0.653220035837834,-0.757168135079666,no
6360,NEW MEXICO,West,2024,33,0,0,0,0,0,0,0,0,-0.739447199280337,-0.673214556791863,no
6361,NEW MEXICO,West,2024,34,0,0,0,0,0,0,0,0,-0.814964707119669,-0.579510591921625,no
6362,NEW MEXICO,West,2024,35,0,0,0,0,0,0,0,0,-0.878678814593855,-0.477413385635487,no
6363,NEW MEXICO,West,2024,36,0,0,0,0,0,0,0,0,-0.929666729448389,-0.368401645160191,no
6364,NEW MEXICO,West,2024,37,0,0,0,0,0,0,0,0,-0.96718997703823,-0.254054223182352,no
6365,NEW MEXICO,West,2024,38,0,0,0,0,0,0,0,0,-0.990705095897581,-0.136027250808674,no
6366,NEW MEXICO,West,2024,39,0,0,0,0,0,0,0,0,-0.999871508870024,-0.0160301512775393,no
6367,NEW MEXICO,West,2024,40,0,0,0,0,0,0,0,0,-0.994556455798857,0.104199118176771,no
6368,NEW MEXICO,West,2024,41,0,0,0,0,0,0,0,0,-0.97483691633585,0.222919237727053,no
6369,NEW MEXICO,West,2024,42,0,0,0,0,0,0,0,0,-0.940998495019784,0.338410745057692,no
6370,NEW MEXICO,West,2024,43,0,0,0,0,0,0,0,0,-0.893531284772509,0.449000938899674,no
6371,NEW MEXICO,West,2024,44,0,0,0,0,0,0,0,0,-0.833122768722891,0.553088105310089,no
6372,NEW MEXICO,West,2024,45,0,0,0,0,0,0,0,0,-0.760647863163829,0.649164715818952,no
6373,NEW MEXICO,West,2024,46,0,0,0,0,0,0,0,0,-0.677156245853474,0.735839261457031,no
6374,NEW MEXICO,West,2024,47,0,0,0,0,0,0,0,0,-0.583857153188981,0.811856406435312,no
6375,NEW MEXICO,West,2024,48,0,0,0,0,0,0,0,0,-0.48210186644033,0.876115169583743,no
6376,NEW MEXICO,West,2024,49,0,0,0,0,0,0,0,0,-0.373364140701786,0.927684870221573,no
6377,NEW MEXICO,West,2024,50,0,0,0,0,0,0,0,0,-0.25921886001492,0.965818607510005,no
6378,NEW MEXICO,West,2024,51,0,0,0,0,0,0,0,0,-0.141319227808016,0.989964078061293,no
6379,NEW MEXICO,West,2024,52,0,0,0,0,0,0,0,0,-0.0213728230101764,0.999771575129327,no
6380,NEW MEXICO,West,2025,1,0,0,0,0,0,0,0,0,0.120128619954843,0.992758336488667,no
6381,NEW MEXICO,West,2025,2,0,0,0,0,0,0,0,0,0.238517377822098,0.97113822933549,no
6382,NEW MEXICO,West,2025,3,0,0,0,0,0,0,0,0,0.353451610505767,0.935452809622634,no
6383,NEW MEXICO,West,2025,4,0,0,0,0,0,0,0,0,0.463266687927793,0.886218920953741,no
6384,NEW MEXICO,West,2025,5,0,0,0,0,0,0,0,0,0.566372122409852,0.824149633839001,no
6385,NEW MEXICO,West,2025,6,0,0,0,0,0,0,0,0,0.661274604226529,0.750143918061759,no
6386,NEW MEXICO,West,2025,7,0,0,0,0,0,0,0,0,0.746599629698408,0.665273622605165,no
6387,NEW MEXICO,West,2025,8,0,0,0,0,0,0,0,0,0.821111408578364,0.570767951712827,no
6388,NEW MEXICO,West,2025,9,0,0,0,0,0,0,0,0,0.883730762405837,0.467995661921774,no
6389,NEW MEXICO,West,2025,10,0,0,0,0,0,0,0,0,0.933550754601395,0.358445237913918,no
6390,NEW MEXICO,West,2025,11,0,0,0,0,0,0,0,0,0.969849825925805,0.243703334305638,no
6391,NEW MEXICO,West,2025,12,0,0,0,0,0,0,0,0,0.992102245058455,0.125431795610095,no
6392,NEW MEXICO,West,2025,13,0,0,0,0,0,0,0,0,0.999985722936002,0.00534358719969101,no
6393,NEW MEXICO,West,2025,14,0,0,0,0,0,0,0,0,0.99338608057027,-0.1148220141316,no
6394,NEW MEXICO,West,2025,15,0,0,0,0,0,0,0,0,0.972398902739873,-0.233324610682822,no
6395,NEW MEXICO,West,2025,16,0,0,0,0,0,0,0,0,0.937328153604613,-0.348447890595089,no
6396,NEW MEXICO,West,2025,17,0,0,0,0,0,0,0,0,0.888681774293145,-0.458524485757508,no
6397,NEW MEXICO,West,2025,18,0,0,0,0,0,0,0,0,0.827164326225506,-0.561960120844802,no
6398,NEW MEXICO,West,2025,19,0,0,0,0,0,0,0,0,0.75366678671966,-0.657256703728203,no
6399,NEW MEXICO,West,2025,20,0,0,0,0,0,0,0,0,0.66925364467563,-0.743034022833669,no
6400,NEW MEXICO,West,2025,21,0,0,0,0,0,0,0,0,0.575147483234652,-0.818049737197468,no
6401,NEW MEXICO,West,2025,22,0,0,0,0,0,0,0,0,0.472711272707723,-0.881217369696629,no
6402,NEW MEXICO,West,2025,23,0,0,0,0,0,0,0,0,0.363428630230867,-0.93162204285242,no
6403,NEW MEXICO,West,2025,24,0,0,0,0,0,0,0,0,0.248882332052978,-0.968533729300055,no
6404,NEW MEXICO,West,2025,25,0,0,0,0,0,0,0,0,0.130731389669801,-0.991417825013754,no
6405,NEW MEXICO,West,2025,26,0,0,0,0,0,0,0,0,0.0106870218179092,-0.999942892151679,no
6406,NEW MEXICO,West,2025,27,0,0,0,0,0,0,0,0,-0.109512129665869,-0.99398545937858,no
6407,NEW MEXICO,West,2025,28,0,0,0,0,0,0,0,0,-0.228125181162749,-0.973631810141525,no
6408,NEW MEXICO,West,2025,29,0,0,0,0,0,0,0,0,-0.343434221058743,-0.939176732998521,no
6409,NEW MEXICO,West,2025,30,0,0,0,0,0,0,0,0,-0.453769190820369,-0.891119252099419,no
6410,NEW MEXICO,West,2025,31,0,0,0,0,0,0,0,0,-0.557532072998533,-0.830155399655967,no
6411,NEW MEXICO,West,2025,32,0,0,0,0,0,0,0,0,-0.653220035837834,-0.757168135079666,no
6412,NEW MEXICO,West,2025,33,0,0,0,0,0,0,0,0,-0.739447199280337,-0.673214556791863,no
6413,NEW MEXICO,West,2025,34,0,0,0,0,0,0,0,0,-0.814964707119669,-0.579510591921625,no
6414,NEW MEXICO,West,2025,35,0,0,0,0,0,0,0,0,-0.878678814593855,-0.477413385635487,no
6415,NEW MEXICO,West,2025,36,0,0,0,0,0,0,0,0,-0.929666729448389,-0.368401645160191,no
6416,NEW MEXICO,West,2025,37,0,0,0,0,0,0,0,0,-0.96718997703823,-0.254054223182352,no
6417,NEW MEXICO,West,2025,38,0,0,0,0,0,0,0,0,-0.990705095897581,-0.136027250808674,no
6418,NEW MEXICO,West,2025,39,0,0,0,0,0,0,0,0,-0.999871508870024,-0.0160301512775393,no
6419,NEW MEXICO,West,2025,40,0,0,0,0,0,0,0,0,-0.994556455798857,0.104199118176771,no
6420,NEW MEXICO,West,2025,41,0,0,0,0,0,0,0,0,-0.97483691633585,0.222919237727053,no
6421,NEW MEXICO,West,2025,42,0,0,0,0,0,0,0,0,-0.940998495019784,0.338410745057692,no
6422,NEW MEXICO,West,2025,43,0,0,0,0,0,0,0,0,-0.893531284772509,0.449000938899674,no
6423,NEW MEXICO,West,2025,44,0,0,0,0,0,0,0,0,-0.833122768722891,0.553088105310089,no
6424,NEW MEXICO,West,2025,45,0,0,0,0,0,0,0,0,-0.760647863163829,0.649164715818952,no
6425,NEW MEXICO,West,2025,46,0,0,0,0,0,0,0,0,-0.677156245853474,0.735839261457031,no
6426,NEW MEXICO,West,2025,47,0,0,0,0,0,0,0,0,-0.583857153188981,0.811856406435312,no
6427,NEW MEXICO,West,2025,48,0,0,0,0,0,0,0,0,-0.48210186644033,0.876115169583743,no
6428,NEW MEXICO,West,2025,49,0,0,0,0,0,0,0,0,-0.373364140701786,0.927684870221573,no
6429,NEW MEXICO,West,2025,50,0,0,0,0,0,0,0,0,-0.25921886001492,0.965818607510005,no
6430,NEW MEXICO,West,2025,51,0,0,0,0,0,0,0,0,-0.141319227808016,0.989964078061293,no
6431,NEW MEXICO,West,2025,52,0,0,0,0,0,0,0,0,-0.0213728230101764,0.999771575129327,no
6432,NEW MEXICO,West,2025,53,0,0,0,0,0,0,0,0,0.0988831313727152,0.995099053526797,no
6433,NEW YORK,Northeast,2022,9,0,0,0,0,0,0,0,0,0.883730762405837,0.467995661921774,no
6434,NEW YORK,Northeast,2022,10,0,0,0,0,0,0,0,0,0.933550754601395,0.358445237913918,no
6435,NEW YORK,Northeast,2022,11,0,0,0,0,0,0,0,0,0.969849825925805,0.243703334305638,no
6436,NEW YORK,Northeast,2022,12,0,0,0,0,0,0,0,0,0.992102245058455,0.125431795610095,no
6437,NEW YORK,Northeast,2022,13,0,0,0,0,0,0,0,0,0.999985722936002,0.00534358719969101,no
6438,NEW YORK,Northeast,2022,14,0,0,0,0,0,0,0,0,0.99338608057027,-0.1148220141316,no
6439,NEW YORK,Northeast,2022,15,0,0,0,0,0,0,0,0,0.972398902739873,-0.233324610682822,no
6440,NEW YORK,Northeast,2022,16,0,0,0,0,0,0,0,0,0.937328153604613,-0.348447890595089,no
6441,NEW YORK,Northeast,2022,17,0,0,0,0,0,0,0,0,0.888681774293145,-0.458524485757508,no
6442,NEW YORK,Northeast,2022,18,0,0,0,0,0,0,0,0,0.827164326225506,-0.561960120844802,no
6443,NEW YORK,Northeast,2022,19,0,0,0,0,0,0,0,0,0.75366678671966,-0.657256703728203,no
6444,NEW YORK,Northeast,2022,20,0,0,0,0,0,0,0,0,0.66925364467563,-0.743034022833669,no
6445,NEW YORK,Northeast,2022,21,0,0,0,0,0,0,0,0,0.575147483234652,-0.818049737197468,no
6446,NEW YORK,Northeast,2022,22,0,0,0,0,0,0,0,0,0.472711272707723,-0.881217369696629,no
6447,NEW YORK,Northeast,2022,23,0,0,0,0,0,0,0,0,0.363428630230867,-0.93162204285242,no
6448,NEW YORK,Northeast,2022,24,0,0,0,0,0,0,0,0,0.248882332052978,-0.968533729300055,no
6449,NEW YORK,Northeast,2022,25,0,0,0,0,0,0,0,0,0.130731389669801,-0.991417825013754,no
6450,NEW YORK,Northeast,2022,26,0,0,0,0,0,0,0,0,0.0106870218179092,-0.999942892151679,no
6451,NEW YORK,Northeast,2022,27,0,0,0,0,0,0,0,2,-0.109512129665869,-0.99398545937858,yes
6452,NEW YORK,Northeast,2022,28,0,0,0,0,0,0,0,2,-0.228125181162749,-0.973631810141525,yes
6453,NEW YORK,Northeast,2022,29,0,0,0,0,0,0,0,2,-0.343434221058743,-0.939176732998521,yes
6454,NEW YORK,Northeast,2022,30,0,0,0,0,0,0,0,2,-0.453769190820369,-0.891119252099419,yes
6455,NEW YORK,Northeast,2022,31,2,0,0,0,0,0,0,0,-0.557532072998533,-0.830155399655967,no
6456,NEW YORK,Northeast,2022,32,0,2,0,0,2,2,1,5,-0.653220035837834,-0.757168135079666,yes
6457,NEW YORK,Northeast,2022,33,0,0,2,0,2,2,1,5,-0.739447199280337,-0.673214556791863,yes
6458,NEW YORK,Northeast,2022,34,0,0,0,0,2,2,1,5,-0.814964707119669,-0.579510591921625,yes
6459,NEW YORK,Northeast,2022,35,0,0,0,2,2,2,1,7,-0.878678814593855,-0.477413385635487,yes
6460,NEW YORK,Northeast,2022,36,5,0,0,0,0,2,1,2,-0.929666729448389,-0.368401645160191,yes
6461,NEW YORK,Northeast,2022,37,0,5,0,0,5,7,2,2,-0.96718997703823,-0.254054223182352,yes
6462,NEW YORK,Northeast,2022,38,0,0,5,0,5,7,2,3,-0.990705095897581,-0.136027250808674,yes
6463,NEW YORK,Northeast,2022,39,2,0,0,0,5,7,2,1,-0.999871508870024,-0.0160301512775393,yes
6464,NEW YORK,Northeast,2022,40,0,2,0,5,7,7,2,1,-0.994556455798857,0.104199118176771,yes
6465,NEW YORK,Northeast,2022,41,0,0,2,0,2,7,2,1,-0.97483691633585,0.222919237727053,yes
6466,NEW YORK,Northeast,2022,42,1,0,0,0,2,7,2,0,-0.940998495019784,0.338410745057692,no
6467,NEW YORK,Northeast,2022,43,0,1,0,2,3,8,3,0,-0.893531284772509,0.449000938899674,no
6468,NEW YORK,Northeast,2022,44,0,0,1,0,1,8,3,0,-0.833122768722891,0.553088105310089,no
6469,NEW YORK,Northeast,2022,45,0,0,0,0,1,3,2,0,-0.760647863163829,0.649164715818952,no
6470,NEW YORK,Northeast,2022,46,0,0,0,1,1,3,2,0,-0.677156245853474,0.735839261457031,no
6471,NEW YORK,Northeast,2022,47,0,0,0,0,0,3,2,0,-0.583857153188981,0.811856406435312,no
6472,NEW YORK,Northeast,2022,48,0,0,0,0,0,1,1,0,-0.48210186644033,0.876115169583743,no
6473,NEW YORK,Northeast,2022,49,0,0,0,0,0,1,1,0,-0.373364140701786,0.927684870221573,no
6474,NEW YORK,Northeast,2022,50,0,0,0,0,0,1,1,0,-0.25921886001492,0.965818607510005,no
6475,NEW YORK,Northeast,2022,51,0,0,0,0,0,0,0,0,-0.141319227808016,0.989964078061293,no
6476,NEW YORK,Northeast,2022,52,0,0,0,0,0,0,0,0,-0.0213728230101764,0.999771575129327,no
6477,NEW YORK,Northeast,2023,1,0,0,0,0,0,0,0,0,0.120128619954843,0.992758336488667,no
6478,NEW YORK,Northeast,2023,2,0,0,0,0,0,0,0,0,0.238517377822098,0.97113822933549,no
6479,NEW YORK,Northeast,2023,3,0,0,0,0,0,0,0,0,0.353451610505767,0.935452809622634,no
6480,NEW YORK,Northeast,2023,4,0,0,0,0,0,0,0,0,0.463266687927793,0.886218920953741,no
6481,NEW YORK,Northeast,2023,5,0,0,0,0,0,0,0,0,0.566372122409852,0.824149633839001,no
6482,NEW YORK,Northeast,2023,6,0,0,0,0,0,0,0,0,0.661274604226529,0.750143918061759,no
6483,NEW YORK,Northeast,2023,7,0,0,0,0,0,0,0,0,0.746599629698408,0.665273622605165,no
6484,NEW YORK,Northeast,2023,8,0,0,0,0,0,0,0,0,0.821111408578364,0.570767951712827,no
6485,NEW YORK,Northeast,2023,9,0,0,0,0,0,0,0,0,0.883730762405837,0.467995661921774,no
6486,NEW YORK,Northeast,2023,10,0,0,0,0,0,0,0,0,0.933550754601395,0.358445237913918,no
6487,NEW YORK,Northeast,2023,11,0,0,0,0,0,0,0,0,0.969849825925805,0.243703334305638,no
6488,NEW YORK,Northeast,2023,12,0,0,0,0,0,0,0,0,0.992102245058455,0.125431795610095,no
6489,NEW YORK,Northeast,2023,13,0,0,0,0,0,0,0,0,0.999985722936002,0.00534358719969101,no
6490,NEW YORK,Northeast,2023,14,0,0,0,0,0,0,0,0,0.99338608057027,-0.1148220141316,no
6491,NEW YORK,Northeast,2023,15,0,0,0,0,0,0,0,0,0.972398902739873,-0.233324610682822,no
6492,NEW YORK,Northeast,2023,16,0,0,0,0,0,0,0,0,0.937328153604613,-0.348447890595089,no
6493,NEW YORK,Northeast,2023,17,0,0,0,0,0,0,0,0,0.888681774293145,-0.458524485757508,no
6494,NEW YORK,Northeast,2023,18,0,0,0,0,0,0,0,0,0.827164326225506,-0.561960120844802,no
6495,NEW YORK,Northeast,2023,19,0,0,0,0,0,0,0,0,0.75366678671966,-0.657256703728203,no
6496,NEW YORK,Northeast,2023,20,0,0,0,0,0,0,0,0,0.66925364467563,-0.743034022833669,no
6497,NEW YORK,Northeast,2023,21,0,0,0,0,0,0,0,0,0.575147483234652,-0.818049737197468,no
6498,NEW YORK,Northeast,2023,22,0,0,0,0,0,0,0,0,0.472711272707723,-0.881217369696629,no
6499,NEW YORK,Northeast,2023,23,0,0,0,0,0,0,0,0,0.363428630230867,-0.93162204285242,no
6500,NEW YORK,Northeast,2023,24,0,0,0,0,0,0,0,0,0.248882332052978,-0.968533729300055,no
6501,NEW YORK,Northeast,2023,25,0,0,0,0,0,0,0,0,0.130731389669801,-0.991417825013754,no
6502,NEW YORK,Northeast,2023,26,0,0,0,0,0,0,0,0,0.0106870218179092,-0.999942892151679,no
6503,NEW YORK,Northeast,2023,27,0,0,0,0,0,0,0,0,-0.109512129665869,-0.99398545937858,no
6504,NEW YORK,Northeast,2023,28,0,0,0,0,0,0,0,0,-0.228125181162749,-0.973631810141525,no
6505,NEW YORK,Northeast,2023,29,0,0,0,0,0,0,0,0,-0.343434221058743,-0.939176732998521,no
6506,NEW YORK,Northeast,2023,30,0,0,0,0,0,0,0,0,-0.453769190820369,-0.891119252099419,no
6507,NEW YORK,Northeast,2023,31,0,0,0,0,0,0,0,0,-0.557532072998533,-0.830155399655967,no
6508,NEW YORK,Northeast,2023,32,0,0,0,0,0,0,0,0,-0.653220035837834,-0.757168135079666,no
6509,NEW YORK,Northeast,2023,33,0,0,0,0,0,0,0,0,-0.739447199280337,-0.673214556791863,no
6510,NEW YORK,Northeast,2023,34,0,0,0,0,0,0,0,0,-0.814964707119669,-0.579510591921625,no
6511,NEW YORK,Northeast,2023,35,0,0,0,0,0,0,0,0,-0.878678814593855,-0.477413385635487,no
6512,NEW YORK,Northeast,2023,36,0,0,0,0,0,0,0,1,-0.929666729448389,-0.368401645160191,yes
6513,NEW YORK,Northeast,2023,37,0,0,0,0,0,0,0,2,-0.96718997703823,-0.254054223182352,yes
6514,NEW YORK,Northeast,2023,38,0,0,0,0,0,0,0,2,-0.990705095897581,-0.136027250808674,yes
6515,NEW YORK,Northeast,2023,39,0,0,0,0,0,0,0,3,-0.999871508870024,-0.0160301512775393,yes
6516,NEW YORK,Northeast,2023,40,1,0,0,0,0,0,0,2,-0.994556455798857,0.104199118176771,yes
6517,NEW YORK,Northeast,2023,41,1,1,0,0,1,1,1,2,-0.97483691633585,0.222919237727053,yes
6518,NEW YORK,Northeast,2023,42,0,1,1,0,2,2,2,3,-0.940998495019784,0.338410745057692,yes
6519,NEW YORK,Northeast,2023,43,1,0,1,0,2,2,2,2,-0.893531284772509,0.449000938899674,yes
6520,NEW YORK,Northeast,2023,44,0,1,0,1,3,3,3,2,-0.833122768722891,0.553088105310089,yes
6521,NEW YORK,Northeast,2023,45,1,0,1,1,2,3,3,1,-0.760647863163829,0.649164715818952,yes
6522,NEW YORK,Northeast,2023,46,1,1,0,0,2,4,4,0,-0.677156245853474,0.735839261457031,no
6523,NEW YORK,Northeast,2023,47,0,1,1,1,3,5,5,0,-0.583857153188981,0.811856406435312,no
6524,NEW YORK,Northeast,2023,48,0,0,1,0,2,5,5,0,-0.48210186644033,0.876115169583743,no
6525,NEW YORK,Northeast,2023,49,0,0,0,1,2,4,4,0,-0.373364140701786,0.927684870221573,no
6526,NEW YORK,Northeast,2023,50,0,0,0,1,1,3,3,0,-0.25921886001492,0.965818607510005,no
6527,NEW YORK,Northeast,2023,51,0,0,0,0,0,3,3,0,-0.141319227808016,0.989964078061293,no
6528,NEW YORK,Northeast,2023,52,0,0,0,0,0,2,2,0,-0.0213728230101764,0.999771575129327,no
6529,NEW YORK,Northeast,2024,1,0,0,0,0,0,2,2,0,0.120128619954843,0.992758336488667,no
6530,NEW YORK,Northeast,2024,2,0,0,0,0,0,1,1,0,0.238517377822098,0.97113822933549,no
6531,NEW YORK,Northeast,2024,3,0,0,0,0,0,0,0,0,0.353451610505767,0.935452809622634,no
6532,NEW YORK,Northeast,2024,4,0,0,0,0,0,0,0,0,0.463266687927793,0.886218920953741,no
6533,NEW YORK,Northeast,2024,5,0,0,0,0,0,0,0,0,0.566372122409852,0.824149633839001,no
6534,NEW YORK,Northeast,2024,6,0,0,0,0,0,0,0,0,0.661274604226529,0.750143918061759,no
6535,NEW YORK,Northeast,2024,7,0,0,0,0,0,0,0,0,0.746599629698408,0.665273622605165,no
6536,NEW YORK,Northeast,2024,8,0,0,0,0,0,0,0,0,0.821111408578364,0.570767951712827,no
6537,NEW YORK,Northeast,2024,9,0,0,0,0,0,0,0,0,0.883730762405837,0.467995661921774,no
6538,NEW YORK,Northeast,2024,10,0,0,0,0,0,0,0,0,0.933550754601395,0.358445237913918,no
6539,NEW YORK,Northeast,2024,11,0,0,0,0,0,0,0,0,0.969849825925805,0.243703334305638,no
6540,NEW YORK,Northeast,2024,12,0,0,0,0,0,0,0,0,0.992102245058455,0.125431795610095,no
6541,NEW YORK,Northeast,2024,13,0,0,0,0,0,0,0,0,0.999985722936002,0.00534358719969101,no
6542,NEW YORK,Northeast,2024,14,0,0,0,0,0,0,0,0,0.99338608057027,-0.1148220141316,no
6543,NEW YORK,Northeast,2024,15,0,0,0,0,0,0,0,0,0.972398902739873,-0.233324610682822,no
6544,NEW YORK,Northeast,2024,16,0,0,0,0,0,0,0,0,0.937328153604613,-0.348447890595089,no
6545,NEW YORK,Northeast,2024,17,0,0,0,0,0,0,0,0,0.888681774293145,-0.458524485757508,no
6546,NEW YORK,Northeast,2024,18,0,0,0,0,0,0,0,0,0.827164326225506,-0.561960120844802,no
6547,NEW YORK,Northeast,2024,19,0,0,0,0,0,0,0,0,0.75366678671966,-0.657256703728203,no
6548,NEW YORK,Northeast,2024,20,0,0,0,0,0,0,0,0,0.66925364467563,-0.743034022833669,no
6549,NEW YORK,Northeast,2024,21,0,0,0,0,0,0,0,0,0.575147483234652,-0.818049737197468,no
6550,NEW YORK,Northeast,2024,22,0,0,0,0,0,0,0,0,0.472711272707723,-0.881217369696629,no
6551,NEW YORK,Northeast,2024,23,0,0,0,0,0,0,0,0,0.363428630230867,-0.93162204285242,no
6552,NEW YORK,Northeast,2024,24,0,0,0,0,0,0,0,0,0.248882332052978,-0.968533729300055,no
6553,NEW YORK,Northeast,2024,25,0,0,0,0,0,0,0,0,0.130731389669801,-0.991417825013754,no
6554,NEW YORK,Northeast,2024,26,0,0,0,0,0,0,0,0,0.0106870218179092,-0.999942892151679,no
6555,NEW YORK,Northeast,2024,27,0,0,0,0,0,0,0,0,-0.109512129665869,-0.99398545937858,no
6556,NEW YORK,Northeast,2024,28,0,0,0,0,0,0,0,1,-0.228125181162749,-0.973631810141525,yes
6557,NEW YORK,Northeast,2024,29,0,0,0,0,0,0,0,1,-0.343434221058743,-0.939176732998521,yes
6558,NEW YORK,Northeast,2024,30,0,0,0,0,0,0,0,1,-0.453769190820369,-0.891119252099419,yes
6559,NEW YORK,Northeast,2024,31,0,0,0,0,0,0,0,4,-0.557532072998533,-0.830155399655967,yes
6560,NEW YORK,Northeast,2024,32,1,0,0,0,0,0,0,5,-0.653220035837834,-0.757168135079666,yes
6561,NEW YORK,Northeast,2024,33,0,1,0,0,1,1,1,13,-0.739447199280337,-0.673214556791863,yes
6562,NEW YORK,Northeast,2024,34,0,0,1,0,1,1,1,15,-0.814964707119669,-0.579510591921625,yes
6563,NEW YORK,Northeast,2024,35,3,0,0,0,1,1,1,17,-0.878678814593855,-0.477413385635487,yes
6564,NEW YORK,Northeast,2024,36,2,3,0,1,4,4,2,19,-0.929666729448389,-0.368401645160191,yes
6565,NEW YORK,Northeast,2024,37,8,2,3,0,5,6,3,11,-0.96718997703823,-0.254054223182352,yes
6566,NEW YORK,Northeast,2024,38,2,8,2,0,13,14,4,10,-0.990705095897581,-0.136027250808674,yes
6567,NEW YORK,Northeast,2024,39,5,2,8,3,15,16,5,5,-0.999871508870024,-0.0160301512775393,yes
6568,NEW YORK,Northeast,2024,40,4,5,2,2,17,21,6,1,-0.994556455798857,0.104199118176771,yes
6569,NEW YORK,Northeast,2024,41,0,4,5,8,19,24,6,2,-0.97483691633585,0.222919237727053,yes
6570,NEW YORK,Northeast,2024,42,1,0,4,2,11,24,6,1,-0.940998495019784,0.338410745057692,yes
6571,NEW YORK,Northeast,2024,43,0,1,0,5,10,25,7,1,-0.893531284772509,0.449000938899674,yes
6572,NEW YORK,Northeast,2024,44,0,0,1,4,5,22,6,1,-0.833122768722891,0.553088105310089,yes
6573,NEW YORK,Northeast,2024,45,1,0,0,0,1,20,5,1,-0.760647863163829,0.649164715818952,yes
6574,NEW YORK,Northeast,2024,46,0,1,0,1,2,13,5,1,-0.677156245853474,0.735839261457031,yes
6575,NEW YORK,Northeast,2024,47,0,0,1,0,1,11,4,1,-0.583857153188981,0.811856406435312,yes
6576,NEW YORK,Northeast,2024,48,0,0,0,0,1,6,3,1,-0.48210186644033,0.876115169583743,yes
6577,NEW YORK,Northeast,2024,49,1,0,0,1,1,2,2,0,-0.373364140701786,0.927684870221573,no
6578,NEW YORK,Northeast,2024,50,0,1,0,0,1,3,3,0,-0.25921886001492,0.965818607510005,no
6579,NEW YORK,Northeast,2024,51,0,0,1,0,1,2,2,0,-0.141319227808016,0.989964078061293,no
6580,NEW YORK,Northeast,2024,52,0,0,0,0,1,2,2,0,-0.0213728230101764,0.999771575129327,no
6581,NEW YORK,Northeast,2025,1,0,0,0,1,1,2,2,0,0.120128619954843,0.992758336488667,no
6582,NEW YORK,Northeast,2025,2,0,0,0,0,0,1,1,0,0.238517377822098,0.97113822933549,no
6583,NEW YORK,Northeast,2025,3,0,0,0,0,0,1,1,0,0.353451610505767,0.935452809622634,no
6584,NEW YORK,Northeast,2025,4,0,0,0,0,0,1,1,0,0.463266687927793,0.886218920953741,no
6585,NEW YORK,Northeast,2025,5,0,0,0,0,0,1,1,0,0.566372122409852,0.824149633839001,no
6586,NEW YORK,Northeast,2025,6,0,0,0,0,0,0,0,0,0.661274604226529,0.750143918061759,no
6587,NEW YORK,Northeast,2025,7,0,0,0,0,0,0,0,0,0.746599629698408,0.665273622605165,no
6588,NEW YORK,Northeast,2025,8,0,0,0,0,0,0,0,0,0.821111408578364,0.570767951712827,no
6589,NEW YORK,Northeast,2025,9,0,0,0,0,0,0,0,0,0.883730762405837,0.467995661921774,no
6590,NEW YORK,Northeast,2025,10,0,0,0,0,0,0,0,0,0.933550754601395,0.358445237913918,no
6591,NEW YORK,Northeast,2025,11,0,0,0,0,0,0,0,0,0.969849825925805,0.243703334305638,no
6592,NEW YORK,Northeast,2025,12,0,0,0,0,0,0,0,0,0.992102245058455,0.125431795610095,no
6593,NEW YORK,Northeast,2025,13,0,0,0,0,0,0,0,0,0.999985722936002,0.00534358719969101,no
6594,NEW YORK,Northeast,2025,14,0,0,0,0,0,0,0,0,0.99338608057027,-0.1148220141316,no
6595,NEW YORK,Northeast,2025,15,0,0,0,0,0,0,0,0,0.972398902739873,-0.233324610682822,no
6596,NEW YORK,Northeast,2025,16,0,0,0,0,0,0,0,0,0.937328153604613,-0.348447890595089,no
6597,NEW YORK,Northeast,2025,17,0,0,0,0,0,0,0,0,0.888681774293145,-0.458524485757508,no
6598,NEW YORK,Northeast,2025,18,0,0,0,0,0,0,0,0,0.827164326225506,-0.561960120844802,no
6599,NEW YORK,Northeast,2025,19,0,0,0,0,0,0,0,0,0.75366678671966,-0.657256703728203,no
6600,NEW YORK,Northeast,2025,20,0,0,0,0,0,0,0,0,0.66925364467563,-0.743034022833669,no
6601,NEW YORK,Northeast,2025,21,0,0,0,0,0,0,0,0,0.575147483234652,-0.818049737197468,no
6602,NEW YORK,Northeast,2025,22,0,0,0,0,0,0,0,0,0.472711272707723,-0.881217369696629,no
6603,NEW YORK,Northeast,2025,23,0,0,0,0,0,0,0,0,0.363428630230867,-0.93162204285242,no
6604,NEW YORK,Northeast,2025,24,0,0,0,0,0,0,0,0,0.248882332052978,-0.968533729300055,no
6605,NEW YORK,Northeast,2025,25,0,0,0,0,0,0,0,0,0.130731389669801,-0.991417825013754,no
6606,NEW YORK,Northeast,2025,26,0,0,0,0,0,0,0,0,0.0106870218179092,-0.999942892151679,no
6607,NEW YORK,Northeast,2025,27,0,0,0,0,0,0,0,0,-0.109512129665869,-0.99398545937858,no
6608,NEW YORK,Northeast,2025,28,0,0,0,0,0,0,0,0,-0.228125181162749,-0.973631810141525,no
6609,NEW YORK,Northeast,2025,29,0,0,0,0,0,0,0,0,-0.343434221058743,-0.939176732998521,no
6610,NEW YORK,Northeast,2025,30,0,0,0,0,0,0,0,1,-0.453769190820369,-0.891119252099419,yes
6611,NEW YORK,Northeast,2025,31,0,0,0,0,0,0,0,1,-0.557532072998533,-0.830155399655967,yes
6612,NEW YORK,Northeast,2025,32,0,0,0,0,0,0,0,3,-0.653220035837834,-0.757168135079666,yes
6613,NEW YORK,Northeast,2025,33,0,0,0,0,0,0,0,7,-0.739447199280337,-0.673214556791863,yes
6614,NEW YORK,Northeast,2025,34,1,0,0,0,0,0,0,9,-0.814964707119669,-0.579510591921625,yes
6615,NEW YORK,Northeast,2025,35,0,1,0,0,1,1,1,12,-0.878678814593855,-0.477413385635487,yes
6616,NEW YORK,Northeast,2025,36,2,0,1,0,1,1,1,12,-0.929666729448389,-0.368401645160191,yes
6617,NEW YORK,Northeast,2025,37,4,2,0,0,3,3,2,10,-0.96718997703823,-0.254054223182352,yes
6618,NEW YORK,Northeast,2025,38,3,4,2,1,7,7,3,7,-0.990705095897581,-0.136027250808674,yes
6619,NEW YORK,Northeast,2025,39,3,3,4,0,9,10,4,4,-0.999871508870024,-0.0160301512775393,yes
6620,NEW YORK,Northeast,2025,40,2,3,3,2,12,13,5,4,-0.994556455798857,0.104199118176771,yes
6621,NEW YORK,Northeast,2025,41,2,2,3,4,12,15,6,3,-0.97483691633585,0.222919237727053,yes
6622,NEW YORK,Northeast,2025,42,0,2,2,3,10,17,7,3,-0.940998495019784,0.338410745057692,yes
6623,NEW YORK,Northeast,2025,43,0,0,2,3,7,16,6,4,-0.893531284772509,0.449000938899674,yes
6624,NEW YORK,Northeast,2025,44,2,0,0,2,4,16,6,2,-0.833122768722891,0.553088105310089,yes
6625,NEW YORK,Northeast,2025,45,1,2,0,2,4,16,6,1,-0.760647863163829,0.649164715818952,yes
6626,NEW YORK,Northeast,2025,46,0,1,2,0,3,13,6,1,-0.677156245853474,0.735839261457031,yes
6627,NEW YORK,Northeast,2025,47,1,0,1,0,3,10,5,0,-0.583857153188981,0.811856406435312,no
6628,NEW YORK,Northeast,2025,48,0,1,0,2,4,8,5,0,-0.48210186644033,0.876115169583743,no
6629,NEW YORK,Northeast,2025,49,0,0,1,1,2,6,4,0,-0.373364140701786,0.927684870221573,no
6630,NEW YORK,Northeast,2025,50,0,0,0,0,1,4,3,0,-0.25921886001492,0.965818607510005,no
6631,NEW YORK,Northeast,2025,51,0,0,0,1,1,4,3,0,-0.141319227808016,0.989964078061293,no
6632,NEW YORK,Northeast,2025,52,0,0,0,0,0,4,3,0,-0.0213728230101764,0.999771575129327,no
6633,NEW YORK,Northeast,2025,53,0,0,0,0,0,2,2,0,0.0988831313727152,0.995099053526797,no
6634,NORTH CAROLINA,South,2022,9,0,0,0,0,0,0,0,0,0.883730762405837,0.467995661921774,no
6635,NORTH CAROLINA,South,2022,10,0,0,0,0,0,0,0,0,0.933550754601395,0.358445237913918,no
6636,NORTH CAROLINA,South,2022,11,0,0,0,0,0,0,0,0,0.969849825925805,0.243703334305638,no
6637,NORTH CAROLINA,South,2022,12,0,0,0,0,0,0,0,0,0.992102245058455,0.125431795610095,no
6638,NORTH CAROLINA,South,2022,13,0,0,0,0,0,0,0,0,0.999985722936002,0.00534358719969101,no
6639,NORTH CAROLINA,South,2022,14,0,0,0,0,0,0,0,0,0.99338608057027,-0.1148220141316,no
6640,NORTH CAROLINA,South,2022,15,0,0,0,0,0,0,0,0,0.972398902739873,-0.233324610682822,no
6641,NORTH CAROLINA,South,2022,16,0,0,0,0,0,0,0,0,0.937328153604613,-0.348447890595089,no
6642,NORTH CAROLINA,South,2022,17,0,0,0,0,0,0,0,0,0.888681774293145,-0.458524485757508,no
6643,NORTH CAROLINA,South,2022,18,0,0,0,0,0,0,0,0,0.827164326225506,-0.561960120844802,no
6644,NORTH CAROLINA,South,2022,19,0,0,0,0,0,0,0,0,0.75366678671966,-0.657256703728203,no
6645,NORTH CAROLINA,South,2022,20,0,0,0,0,0,0,0,0,0.66925364467563,-0.743034022833669,no
6646,NORTH CAROLINA,South,2022,21,0,0,0,0,0,0,0,0,0.575147483234652,-0.818049737197468,no
6647,NORTH CAROLINA,South,2022,22,0,0,0,0,0,0,0,0,0.472711272707723,-0.881217369696629,no
6648,NORTH CAROLINA,South,2022,23,0,0,0,0,0,0,0,0,0.363428630230867,-0.93162204285242,no
6649,NORTH CAROLINA,South,2022,24,0,0,0,0,0,0,0,0,0.248882332052978,-0.968533729300055,no
6650,NORTH CAROLINA,South,2022,25,0,0,0,0,0,0,0,0,0.130731389669801,-0.991417825013754,no
6651,NORTH CAROLINA,South,2022,26,0,0,0,0,0,0,0,0,0.0106870218179092,-0.999942892151679,no
6652,NORTH CAROLINA,South,2022,27,0,0,0,0,0,0,0,0,-0.109512129665869,-0.99398545937858,no
6653,NORTH CAROLINA,South,2022,28,0,0,0,0,0,0,0,0,-0.228125181162749,-0.973631810141525,no
6654,NORTH CAROLINA,South,2022,29,0,0,0,0,0,0,0,0,-0.343434221058743,-0.939176732998521,no
6655,NORTH CAROLINA,South,2022,30,0,0,0,0,0,0,0,0,-0.453769190820369,-0.891119252099419,no
6656,NORTH CAROLINA,South,2022,31,0,0,0,0,0,0,0,0,-0.557532072998533,-0.830155399655967,no
6657,NORTH CAROLINA,South,2022,32,0,0,0,0,0,0,0,0,-0.653220035837834,-0.757168135079666,no
6658,NORTH CAROLINA,South,2022,33,0,0,0,0,0,0,0,0,-0.739447199280337,-0.673214556791863,no
6659,NORTH CAROLINA,South,2022,34,0,0,0,0,0,0,0,0,-0.814964707119669,-0.579510591921625,no
6660,NORTH CAROLINA,South,2022,35,0,0,0,0,0,0,0,0,-0.878678814593855,-0.477413385635487,no
6661,NORTH CAROLINA,South,2022,36,0,0,0,0,0,0,0,0,-0.929666729448389,-0.368401645160191,no
6662,NORTH CAROLINA,South,2022,37,0,0,0,0,0,0,0,0,-0.96718997703823,-0.254054223182352,no
6663,NORTH CAROLINA,South,2022,38,0,0,0,0,0,0,0,0,-0.990705095897581,-0.136027250808674,no
6664,NORTH CAROLINA,South,2022,39,0,0,0,0,0,0,0,0,-0.999871508870024,-0.0160301512775393,no
6665,NORTH CAROLINA,South,2022,40,0,0,0,0,0,0,0,0,-0.994556455798857,0.104199118176771,no
6666,NORTH CAROLINA,South,2022,41,0,0,0,0,0,0,0,0,-0.97483691633585,0.222919237727053,no
6667,NORTH CAROLINA,South,2022,42,0,0,0,0,0,0,0,0,-0.940998495019784,0.338410745057692,no
6668,NORTH CAROLINA,South,2022,43,0,0,0,0,0,0,0,0,-0.893531284772509,0.449000938899674,no
6669,NORTH CAROLINA,South,2022,44,0,0,0,0,0,0,0,0,-0.833122768722891,0.553088105310089,no
6670,NORTH CAROLINA,South,2022,45,0,0,0,0,0,0,0,0,-0.760647863163829,0.649164715818952,no
6671,NORTH CAROLINA,South,2022,46,0,0,0,0,0,0,0,0,-0.677156245853474,0.735839261457031,no
6672,NORTH CAROLINA,South,2022,47,0,0,0,0,0,0,0,0,-0.583857153188981,0.811856406435312,no
6673,NORTH CAROLINA,South,2022,48,0,0,0,0,0,0,0,0,-0.48210186644033,0.876115169583743,no
6674,NORTH CAROLINA,South,2022,49,0,0,0,0,0,0,0,0,-0.373364140701786,0.927684870221573,no
6675,NORTH CAROLINA,South,2022,50,0,0,0,0,0,0,0,0,-0.25921886001492,0.965818607510005,no
6676,NORTH CAROLINA,South,2022,51,0,0,0,0,0,0,0,0,-0.141319227808016,0.989964078061293,no
6677,NORTH CAROLINA,South,2022,52,0,0,0,0,0,0,0,0,-0.0213728230101764,0.999771575129327,no
6678,NORTH CAROLINA,South,2023,1,0,0,0,0,0,0,0,0,0.120128619954843,0.992758336488667,no
6679,NORTH CAROLINA,South,2023,2,0,0,0,0,0,0,0,0,0.238517377822098,0.97113822933549,no
6680,NORTH CAROLINA,South,2023,3,0,0,0,0,0,0,0,0,0.353451610505767,0.935452809622634,no
6681,NORTH CAROLINA,South,2023,4,0,0,0,0,0,0,0,0,0.463266687927793,0.886218920953741,no
6682,NORTH CAROLINA,South,2023,5,0,0,0,0,0,0,0,0,0.566372122409852,0.824149633839001,no
6683,NORTH CAROLINA,South,2023,6,0,0,0,0,0,0,0,0,0.661274604226529,0.750143918061759,no
6684,NORTH CAROLINA,South,2023,7,0,0,0,0,0,0,0,0,0.746599629698408,0.665273622605165,no
6685,NORTH CAROLINA,South,2023,8,0,0,0,0,0,0,0,0,0.821111408578364,0.570767951712827,no
6686,NORTH CAROLINA,South,2023,9,0,0,0,0,0,0,0,0,0.883730762405837,0.467995661921774,no
6687,NORTH CAROLINA,South,2023,10,0,0,0,0,0,0,0,0,0.933550754601395,0.358445237913918,no
6688,NORTH CAROLINA,South,2023,11,0,0,0,0,0,0,0,0,0.969849825925805,0.243703334305638,no
6689,NORTH CAROLINA,South,2023,12,0,0,0,0,0,0,0,0,0.992102245058455,0.125431795610095,no
6690,NORTH CAROLINA,South,2023,13,0,0,0,0,0,0,0,0,0.999985722936002,0.00534358719969101,no
6691,NORTH CAROLINA,South,2023,14,0,0,0,0,0,0,0,0,0.99338608057027,-0.1148220141316,no
6692,NORTH CAROLINA,South,2023,15,0,0,0,0,0,0,0,0,0.972398902739873,-0.233324610682822,no
6693,NORTH CAROLINA,South,2023,16,0,0,0,0,0,0,0,0,0.937328153604613,-0.348447890595089,no
6694,NORTH CAROLINA,South,2023,17,0,0,0,0,0,0,0,0,0.888681774293145,-0.458524485757508,no
6695,NORTH CAROLINA,South,2023,18,0,0,0,0,0,0,0,0,0.827164326225506,-0.561960120844802,no
6696,NORTH CAROLINA,South,2023,19,0,0,0,0,0,0,0,0,0.75366678671966,-0.657256703728203,no
6697,NORTH CAROLINA,South,2023,20,0,0,0,0,0,0,0,0,0.66925364467563,-0.743034022833669,no
6698,NORTH CAROLINA,South,2023,21,0,0,0,0,0,0,0,0,0.575147483234652,-0.818049737197468,no
6699,NORTH CAROLINA,South,2023,22,0,0,0,0,0,0,0,0,0.472711272707723,-0.881217369696629,no
6700,NORTH CAROLINA,South,2023,23,0,0,0,0,0,0,0,0,0.363428630230867,-0.93162204285242,no
6701,NORTH CAROLINA,South,2023,24,0,0,0,0,0,0,0,0,0.248882332052978,-0.968533729300055,no
6702,NORTH CAROLINA,South,2023,25,0,0,0,0,0,0,0,0,0.130731389669801,-0.991417825013754,no
6703,NORTH CAROLINA,South,2023,26,0,0,0,0,0,0,0,0,0.0106870218179092,-0.999942892151679,no
6704,NORTH CAROLINA,South,2023,27,0,0,0,0,0,0,0,0,-0.109512129665869,-0.99398545937858,no
6705,NORTH CAROLINA,South,2023,28,0,0,0,0,0,0,0,0,-0.228125181162749,-0.973631810141525,no
6706,NORTH CAROLINA,South,2023,29,0,0,0,0,0,0,0,0,-0.343434221058743,-0.939176732998521,no
6707,NORTH CAROLINA,South,2023,30,0,0,0,0,0,0,0,0,-0.453769190820369,-0.891119252099419,no
6708,NORTH CAROLINA,South,2023,31,0,0,0,0,0,0,0,0,-0.557532072998533,-0.830155399655967,no
6709,NORTH CAROLINA,South,2023,32,0,0,0,0,0,0,0,0,-0.653220035837834,-0.757168135079666,no
6710,NORTH CAROLINA,South,2023,33,0,0,0,0,0,0,0,0,-0.739447199280337,-0.673214556791863,no
6711,NORTH CAROLINA,South,2023,34,0,0,0,0,0,0,0,0,-0.814964707119669,-0.579510591921625,no
6712,NORTH CAROLINA,South,2023,35,0,0,0,0,0,0,0,0,-0.878678814593855,-0.477413385635487,no
6713,NORTH CAROLINA,South,2023,36,0,0,0,0,0,0,0,0,-0.929666729448389,-0.368401645160191,no
6714,NORTH CAROLINA,South,2023,37,0,0,0,0,0,0,0,0,-0.96718997703823,-0.254054223182352,no
6715,NORTH CAROLINA,South,2023,38,0,0,0,0,0,0,0,0,-0.990705095897581,-0.136027250808674,no
6716,NORTH CAROLINA,South,2023,39,0,0,0,0,0,0,0,0,-0.999871508870024,-0.0160301512775393,no
6717,NORTH CAROLINA,South,2023,40,0,0,0,0,0,0,0,0,-0.994556455798857,0.104199118176771,no
6718,NORTH CAROLINA,South,2023,41,0,0,0,0,0,0,0,0,-0.97483691633585,0.222919237727053,no
6719,NORTH CAROLINA,South,2023,42,0,0,0,0,0,0,0,0,-0.940998495019784,0.338410745057692,no
6720,NORTH CAROLINA,South,2023,43,0,0,0,0,0,0,0,0,-0.893531284772509,0.449000938899674,no
6721,NORTH CAROLINA,South,2023,44,0,0,0,0,0,0,0,0,-0.833122768722891,0.553088105310089,no
6722,NORTH CAROLINA,South,2023,45,0,0,0,0,0,0,0,0,-0.760647863163829,0.649164715818952,no
6723,NORTH CAROLINA,South,2023,46,0,0,0,0,0,0,0,0,-0.677156245853474,0.735839261457031,no
6724,NORTH CAROLINA,South,2023,47,0,0,0,0,0,0,0,0,-0.583857153188981,0.811856406435312,no
6725,NORTH CAROLINA,South,2023,48,0,0,0,0,0,0,0,0,-0.48210186644033,0.876115169583743,no
6726,NORTH CAROLINA,South,2023,49,0,0,0,0,0,0,0,0,-0.373364140701786,0.927684870221573,no
6727,NORTH CAROLINA,South,2023,50,0,0,0,0,0,0,0,0,-0.25921886001492,0.965818607510005,no
6728,NORTH CAROLINA,South,2023,51,0,0,0,0,0,0,0,0,-0.141319227808016,0.989964078061293,no
6729,NORTH CAROLINA,South,2023,52,0,0,0,0,0,0,0,0,-0.0213728230101764,0.999771575129327,no
6730,NORTH CAROLINA,South,2024,1,0,0,0,0,0,0,0,0,0.120128619954843,0.992758336488667,no
6731,NORTH CAROLINA,South,2024,2,0,0,0,0,0,0,0,0,0.238517377822098,0.97113822933549,no
6732,NORTH CAROLINA,South,2024,3,0,0,0,0,0,0,0,0,0.353451610505767,0.935452809622634,no
6733,NORTH CAROLINA,South,2024,4,0,0,0,0,0,0,0,0,0.463266687927793,0.886218920953741,no
6734,NORTH CAROLINA,South,2024,5,0,0,0,0,0,0,0,0,0.566372122409852,0.824149633839001,no
6735,NORTH CAROLINA,South,2024,6,0,0,0,0,0,0,0,0,0.661274604226529,0.750143918061759,no
6736,NORTH CAROLINA,South,2024,7,0,0,0,0,0,0,0,0,0.746599629698408,0.665273622605165,no
6737,NORTH CAROLINA,South,2024,8,0,0,0,0,0,0,0,0,0.821111408578364,0.570767951712827,no
6738,NORTH CAROLINA,South,2024,9,0,0,0,0,0,0,0,0,0.883730762405837,0.467995661921774,no
6739,NORTH CAROLINA,South,2024,10,0,0,0,0,0,0,0,0,0.933550754601395,0.358445237913918,no
6740,NORTH CAROLINA,South,2024,11,0,0,0,0,0,0,0,0,0.969849825925805,0.243703334305638,no
6741,NORTH CAROLINA,South,2024,12,0,0,0,0,0,0,0,0,0.992102245058455,0.125431795610095,no
6742,NORTH CAROLINA,South,2024,13,0,0,0,0,0,0,0,0,0.999985722936002,0.00534358719969101,no
6743,NORTH CAROLINA,South,2024,14,0,0,0,0,0,0,0,0,0.99338608057027,-0.1148220141316,no
6744,NORTH CAROLINA,South,2024,15,0,0,0,0,0,0,0,0,0.972398902739873,-0.233324610682822,no
6745,NORTH CAROLINA,South,2024,16,0,0,0,0,0,0,0,0,0.937328153604613,-0.348447890595089,no
6746,NORTH CAROLINA,South,2024,17,0,0,0,0,0,0,0,0,0.888681774293145,-0.458524485757508,no
6747,NORTH CAROLINA,South,2024,18,0,0,0,0,0,0,0,0,0.827164326225506,-0.561960120844802,no
6748,NORTH CAROLINA,South,2024,19,0,0,0,0,0,0,0,0,0.75366678671966,-0.657256703728203,no
6749,NORTH CAROLINA,South,2024,20,0,0,0,0,0,0,0,0,0.66925364467563,-0.743034022833669,no
6750,NORTH CAROLINA,South,2024,21,0,0,0,0,0,0,0,0,0.575147483234652,-0.818049737197468,no
6751,NORTH CAROLINA,South,2024,22,0,0,0,0,0,0,0,0,0.472711272707723,-0.881217369696629,no
6752,NORTH CAROLINA,South,2024,23,0,0,0,0,0,0,0,0,0.363428630230867,-0.93162204285242,no
6753,NORTH CAROLINA,South,2024,24,0,0,0,0,0,0,0,0,0.248882332052978,-0.968533729300055,no
6754,NORTH CAROLINA,South,2024,25,0,0,0,0,0,0,0,0,0.130731389669801,-0.991417825013754,no
6755,NORTH CAROLINA,South,2024,26,0,0,0,0,0,0,0,0,0.0106870218179092,-0.999942892151679,no
6756,NORTH CAROLINA,South,2024,27,0,0,0,0,0,0,0,0,-0.109512129665869,-0.99398545937858,no
6757,NORTH CAROLINA,South,2024,28,0,0,0,0,0,0,0,0,-0.228125181162749,-0.973631810141525,no
6758,NORTH CAROLINA,South,2024,29,0,0,0,0,0,0,0,0,-0.343434221058743,-0.939176732998521,no
6759,NORTH CAROLINA,South,2024,30,0,0,0,0,0,0,0,0,-0.453769190820369,-0.891119252099419,no
6760,NORTH CAROLINA,South,2024,31,0,0,0,0,0,0,0,0,-0.557532072998533,-0.830155399655967,no
6761,NORTH CAROLINA,South,2024,32,0,0,0,0,0,0,0,0,-0.653220035837834,-0.757168135079666,no
6762,NORTH CAROLINA,South,2024,33,0,0,0,0,0,0,0,0,-0.739447199280337,-0.673214556791863,no
6763,NORTH CAROLINA,South,2024,34,0,0,0,0,0,0,0,0,-0.814964707119669,-0.579510591921625,no
6764,NORTH CAROLINA,South,2024,35,0,0,0,0,0,0,0,0,-0.878678814593855,-0.477413385635487,no
6765,NORTH CAROLINA,South,2024,36,0,0,0,0,0,0,0,0,-0.929666729448389,-0.368401645160191,no
6766,NORTH CAROLINA,South,2024,37,0,0,0,0,0,0,0,0,-0.96718997703823,-0.254054223182352,no
6767,NORTH CAROLINA,South,2024,38,0,0,0,0,0,0,0,0,-0.990705095897581,-0.136027250808674,no
6768,NORTH CAROLINA,South,2024,39,0,0,0,0,0,0,0,0,-0.999871508870024,-0.0160301512775393,no
6769,NORTH CAROLINA,South,2024,40,0,0,0,0,0,0,0,0,-0.994556455798857,0.104199118176771,no
6770,NORTH CAROLINA,South,2024,41,0,0,0,0,0,0,0,0,-0.97483691633585,0.222919237727053,no
6771,NORTH CAROLINA,South,2024,42,0,0,0,0,0,0,0,0,-0.940998495019784,0.338410745057692,no
6772,NORTH CAROLINA,South,2024,43,0,0,0,0,0,0,0,0,-0.893531284772509,0.449000938899674,no
6773,NORTH CAROLINA,South,2024,44,0,0,0,0,0,0,0,0,-0.833122768722891,0.553088105310089,no
6774,NORTH CAROLINA,South,2024,45,0,0,0,0,0,0,0,0,-0.760647863163829,0.649164715818952,no
6775,NORTH CAROLINA,South,2024,46,0,0,0,0,0,0,0,0,-0.677156245853474,0.735839261457031,no
6776,NORTH CAROLINA,South,2024,47,0,0,0,0,0,0,0,0,-0.583857153188981,0.811856406435312,no
6777,NORTH CAROLINA,South,2024,48,0,0,0,0,0,0,0,0,-0.48210186644033,0.876115169583743,no
6778,NORTH CAROLINA,South,2024,49,0,0,0,0,0,0,0,0,-0.373364140701786,0.927684870221573,no
6779,NORTH CAROLINA,South,2024,50,0,0,0,0,0,0,0,0,-0.25921886001492,0.965818607510005,no
6780,NORTH CAROLINA,South,2024,51,0,0,0,0,0,0,0,0,-0.141319227808016,0.989964078061293,no
6781,NORTH CAROLINA,South,2024,52,0,0,0,0,0,0,0,0,-0.0213728230101764,0.999771575129327,no
6782,NORTH CAROLINA,South,2025,1,0,0,0,0,0,0,0,0,0.120128619954843,0.992758336488667,no
6783,NORTH CAROLINA,South,2025,2,0,0,0,0,0,0,0,0,0.238517377822098,0.97113822933549,no
6784,NORTH CAROLINA,South,2025,3,0,0,0,0,0,0,0,0,0.353451610505767,0.935452809622634,no
6785,NORTH CAROLINA,South,2025,4,0,0,0,0,0,0,0,0,0.463266687927793,0.886218920953741,no
6786,NORTH CAROLINA,South,2025,5,0,0,0,0,0,0,0,0,0.566372122409852,0.824149633839001,no
6787,NORTH CAROLINA,South,2025,6,0,0,0,0,0,0,0,0,0.661274604226529,0.750143918061759,no
6788,NORTH CAROLINA,South,2025,7,0,0,0,0,0,0,0,0,0.746599629698408,0.665273622605165,no
6789,NORTH CAROLINA,South,2025,8,0,0,0,0,0,0,0,0,0.821111408578364,0.570767951712827,no
6790,NORTH CAROLINA,South,2025,9,0,0,0,0,0,0,0,0,0.883730762405837,0.467995661921774,no
6791,NORTH CAROLINA,South,2025,10,0,0,0,0,0,0,0,0,0.933550754601395,0.358445237913918,no
6792,NORTH CAROLINA,South,2025,11,0,0,0,0,0,0,0,0,0.969849825925805,0.243703334305638,no
6793,NORTH CAROLINA,South,2025,12,0,0,0,0,0,0,0,0,0.992102245058455,0.125431795610095,no
6794,NORTH CAROLINA,South,2025,13,0,0,0,0,0,0,0,0,0.999985722936002,0.00534358719969101,no
6795,NORTH CAROLINA,South,2025,14,0,0,0,0,0,0,0,0,0.99338608057027,-0.1148220141316,no
6796,NORTH CAROLINA,South,2025,15,0,0,0,0,0,0,0,0,0.972398902739873,-0.233324610682822,no
6797,NORTH CAROLINA,South,2025,16,0,0,0,0,0,0,0,0,0.937328153604613,-0.348447890595089,no
6798,NORTH CAROLINA,South,2025,17,0,0,0,0,0,0,0,0,0.888681774293145,-0.458524485757508,no
6799,NORTH CAROLINA,South,2025,18,0,0,0,0,0,0,0,0,0.827164326225506,-0.561960120844802,no
6800,NORTH CAROLINA,South,2025,19,0,0,0,0,0,0,0,0,0.75366678671966,-0.657256703728203,no
6801,NORTH CAROLINA,South,2025,20,0,0,0,0,0,0,0,0,0.66925364467563,-0.743034022833669,no
6802,NORTH CAROLINA,South,2025,21,0,0,0,0,0,0,0,0,0.575147483234652,-0.818049737197468,no
6803,NORTH CAROLINA,South,2025,22,0,0,0,0,0,0,0,0,0.472711272707723,-0.881217369696629,no
6804,NORTH CAROLINA,South,2025,23,0,0,0,0,0,0,0,0,0.363428630230867,-0.93162204285242,no
6805,NORTH CAROLINA,South,2025,24,0,0,0,0,0,0,0,0,0.248882332052978,-0.968533729300055,no
6806,NORTH CAROLINA,South,2025,25,0,0,0,0,0,0,0,0,0.130731389669801,-0.991417825013754,no
6807,NORTH CAROLINA,South,2025,26,0,0,0,0,0,0,0,0,0.0106870218179092,-0.999942892151679,no
6808,NORTH CAROLINA,South,2025,27,0,0,0,0,0,0,0,0,-0.109512129665869,-0.99398545937858,no
6809,NORTH CAROLINA,South,2025,28,0,0,0,0,0,0,0,0,-0.228125181162749,-0.973631810141525,no
6810,NORTH CAROLINA,South,2025,29,0,0,0,0,0,0,0,0,-0.343434221058743,-0.939176732998521,no
6811,NORTH CAROLINA,South,2025,30,0,0,0,0,0,0,0,0,-0.453769190820369,-0.891119252099419,no
6812,NORTH CAROLINA,South,2025,31,0,0,0,0,0,0,0,0,-0.557532072998533,-0.830155399655967,no
6813,NORTH CAROLINA,South,2025,32,0,0,0,0,0,0,0,0,-0.653220035837834,-0.757168135079666,no
6814,NORTH CAROLINA,South,2025,33,0,0,0,0,0,0,0,0,-0.739447199280337,-0.673214556791863,no
6815,NORTH CAROLINA,South,2025,34,0,0,0,0,0,0,0,0,-0.814964707119669,-0.579510591921625,no
6816,NORTH CAROLINA,South,2025,35,0,0,0,0,0,0,0,0,-0.878678814593855,-0.477413385635487,no
6817,NORTH CAROLINA,South,2025,36,0,0,0,0,0,0,0,0,-0.929666729448389,-0.368401645160191,no
6818,NORTH CAROLINA,South,2025,37,0,0,0,0,0,0,0,0,-0.96718997703823,-0.254054223182352,no
6819,NORTH CAROLINA,South,2025,38,0,0,0,0,0,0,0,0,-0.990705095897581,-0.136027250808674,no
6820,NORTH CAROLINA,South,2025,39,0,0,0,0,0,0,0,0,-0.999871508870024,-0.0160301512775393,no
6821,NORTH CAROLINA,South,2025,40,0,0,0,0,0,0,0,0,-0.994556455798857,0.104199118176771,no
6822,NORTH CAROLINA,South,2025,41,0,0,0,0,0,0,0,0,-0.97483691633585,0.222919237727053,no
6823,NORTH CAROLINA,South,2025,42,0,0,0,0,0,0,0,0,-0.940998495019784,0.338410745057692,no
6824,NORTH CAROLINA,South,2025,43,0,0,0,0,0,0,0,0,-0.893531284772509,0.449000938899674,no
6825,NORTH CAROLINA,South,2025,44,0,0,0,0,0,0,0,0,-0.833122768722891,0.553088105310089,no
6826,NORTH CAROLINA,South,2025,45,0,0,0,0,0,0,0,0,-0.760647863163829,0.649164715818952,no
6827,NORTH CAROLINA,South,2025,46,0,0,0,0,0,0,0,0,-0.677156245853474,0.735839261457031,no
6828,NORTH CAROLINA,South,2025,47,0,0,0,0,0,0,0,0,-0.583857153188981,0.811856406435312,no
6829,NORTH CAROLINA,South,2025,48,0,0,0,0,0,0,0,0,-0.48210186644033,0.876115169583743,no
6830,NORTH CAROLINA,South,2025,49,0,0,0,0,0,0,0,0,-0.373364140701786,0.927684870221573,no
6831,NORTH CAROLINA,South,2025,50,0,0,0,0,0,0,0,0,-0.25921886001492,0.965818607510005,no
6832,NORTH CAROLINA,South,2025,51,0,0,0,0,0,0,0,0,-0.141319227808016,0.989964078061293,no
6833,NORTH CAROLINA,South,2025,52,0,0,0,0,0,0,0,0,-0.0213728230101764,0.999771575129327,no
6834,NORTH CAROLINA,South,2025,53,0,0,0,0,0,0,0,0,0.0988831313727152,0.995099053526797,no
6835,NORTH DAKOTA,North Central,2022,9,0,0,0,0,0,0,0,0,0.883730762405837,0.467995661921774,no
6836,NORTH DAKOTA,North Central,2022,10,0,0,0,0,0,0,0,0,0.933550754601395,0.358445237913918,no
6837,NORTH DAKOTA,North Central,2022,11,0,0,0,0,0,0,0,0,0.969849825925805,0.243703334305638,no
6838,NORTH DAKOTA,North Central,2022,12,0,0,0,0,0,0,0,0,0.992102245058455,0.125431795610095,no
6839,NORTH DAKOTA,North Central,2022,13,0,0,0,0,0,0,0,0,0.999985722936002,0.00534358719969101,no
6840,NORTH DAKOTA,North Central,2022,14,0,0,0,0,0,0,0,0,0.99338608057027,-0.1148220141316,no
6841,NORTH DAKOTA,North Central,2022,15,0,0,0,0,0,0,0,0,0.972398902739873,-0.233324610682822,no
6842,NORTH DAKOTA,North Central,2022,16,0,0,0,0,0,0,0,0,0.937328153604613,-0.348447890595089,no
6843,NORTH DAKOTA,North Central,2022,17,0,0,0,0,0,0,0,0,0.888681774293145,-0.458524485757508,no
6844,NORTH DAKOTA,North Central,2022,18,0,0,0,0,0,0,0,0,0.827164326225506,-0.561960120844802,no
6845,NORTH DAKOTA,North Central,2022,19,0,0,0,0,0,0,0,0,0.75366678671966,-0.657256703728203,no
6846,NORTH DAKOTA,North Central,2022,20,0,0,0,0,0,0,0,0,0.66925364467563,-0.743034022833669,no
6847,NORTH DAKOTA,North Central,2022,21,0,0,0,0,0,0,0,0,0.575147483234652,-0.818049737197468,no
6848,NORTH DAKOTA,North Central,2022,22,0,0,0,0,0,0,0,0,0.472711272707723,-0.881217369696629,no
6849,NORTH DAKOTA,North Central,2022,23,0,0,0,0,0,0,0,0,0.363428630230867,-0.93162204285242,no
6850,NORTH DAKOTA,North Central,2022,24,0,0,0,0,0,0,0,0,0.248882332052978,-0.968533729300055,no
6851,NORTH DAKOTA,North Central,2022,25,0,0,0,0,0,0,0,1,0.130731389669801,-0.991417825013754,yes
6852,NORTH DAKOTA,North Central,2022,26,0,0,0,0,0,0,0,1,0.0106870218179092,-0.999942892151679,yes
6853,NORTH DAKOTA,North Central,2022,27,0,0,0,0,0,0,0,1,-0.109512129665869,-0.99398545937858,yes
6854,NORTH DAKOTA,North Central,2022,28,0,0,0,0,0,0,0,1,-0.228125181162749,-0.973631810141525,yes
6855,NORTH DAKOTA,North Central,2022,29,1,0,0,0,0,0,0,0,-0.343434221058743,-0.939176732998521,no
6856,NORTH DAKOTA,North Central,2022,30,0,1,0,0,1,1,1,0,-0.453769190820369,-0.891119252099419,no
6857,NORTH DAKOTA,North Central,2022,31,0,0,1,0,1,1,1,0,-0.557532072998533,-0.830155399655967,no
6858,NORTH DAKOTA,North Central,2022,32,0,0,0,0,1,1,1,1,-0.653220035837834,-0.757168135079666,yes
6859,NORTH DAKOTA,North Central,2022,33,0,0,0,1,1,1,1,1,-0.739447199280337,-0.673214556791863,yes
6860,NORTH DAKOTA,North Central,2022,34,0,0,0,0,0,1,1,2,-0.814964707119669,-0.579510591921625,yes
6861,NORTH DAKOTA,North Central,2022,35,0,0,0,0,0,1,1,2,-0.878678814593855,-0.477413385635487,yes
6862,NORTH DAKOTA,North Central,2022,36,1,0,0,0,0,1,1,1,-0.929666729448389,-0.368401645160191,yes
6863,NORTH DAKOTA,North Central,2022,37,0,1,0,0,1,2,2,1,-0.96718997703823,-0.254054223182352,yes
6864,NORTH DAKOTA,North Central,2022,38,1,0,1,0,1,1,1,0,-0.990705095897581,-0.136027250808674,no
6865,NORTH DAKOTA,North Central,2022,39,0,1,0,0,2,2,2,0,-0.999871508870024,-0.0160301512775393,no
6866,NORTH DAKOTA,North Central,2022,40,0,0,1,1,2,2,2,0,-0.994556455798857,0.104199118176771,no
6867,NORTH DAKOTA,North Central,2022,41,0,0,0,0,1,2,2,0,-0.97483691633585,0.222919237727053,no
6868,NORTH DAKOTA,North Central,2022,42,0,0,0,1,1,2,2,0,-0.940998495019784,0.338410745057692,no
6869,NORTH DAKOTA,North Central,2022,43,0,0,0,0,0,2,2,0,-0.893531284772509,0.449000938899674,no
6870,NORTH DAKOTA,North Central,2022,44,0,0,0,0,0,2,2,0,-0.833122768722891,0.553088105310089,no
6871,NORTH DAKOTA,North Central,2022,45,0,0,0,0,0,1,1,0,-0.760647863163829,0.649164715818952,no
6872,NORTH DAKOTA,North Central,2022,46,0,0,0,0,0,1,1,0,-0.677156245853474,0.735839261457031,no
6873,NORTH DAKOTA,North Central,2022,47,0,0,0,0,0,0,0,0,-0.583857153188981,0.811856406435312,no
6874,NORTH DAKOTA,North Central,2022,48,0,0,0,0,0,0,0,0,-0.48210186644033,0.876115169583743,no
6875,NORTH DAKOTA,North Central,2022,49,0,0,0,0,0,0,0,0,-0.373364140701786,0.927684870221573,no
6876,NORTH DAKOTA,North Central,2022,50,0,0,0,0,0,0,0,0,-0.25921886001492,0.965818607510005,no
6877,NORTH DAKOTA,North Central,2022,51,0,0,0,0,0,0,0,0,-0.141319227808016,0.989964078061293,no
6878,NORTH DAKOTA,North Central,2022,52,0,0,0,0,0,0,0,0,-0.0213728230101764,0.999771575129327,no
6879,NORTH DAKOTA,North Central,2023,1,0,0,0,0,0,0,0,0,0.120128619954843,0.992758336488667,no
6880,NORTH DAKOTA,North Central,2023,2,0,0,0,0,0,0,0,0,0.238517377822098,0.97113822933549,no
6881,NORTH DAKOTA,North Central,2023,3,0,0,0,0,0,0,0,0,0.353451610505767,0.935452809622634,no
6882,NORTH DAKOTA,North Central,2023,4,0,0,0,0,0,0,0,0,0.463266687927793,0.886218920953741,no
6883,NORTH DAKOTA,North Central,2023,5,0,0,0,0,0,0,0,0,0.566372122409852,0.824149633839001,no
6884,NORTH DAKOTA,North Central,2023,6,0,0,0,0,0,0,0,0,0.661274604226529,0.750143918061759,no
6885,NORTH DAKOTA,North Central,2023,7,0,0,0,0,0,0,0,0,0.746599629698408,0.665273622605165,no
6886,NORTH DAKOTA,North Central,2023,8,0,0,0,0,0,0,0,0,0.821111408578364,0.570767951712827,no
6887,NORTH DAKOTA,North Central,2023,9,0,0,0,0,0,0,0,0,0.883730762405837,0.467995661921774,no
6888,NORTH DAKOTA,North Central,2023,10,0,0,0,0,0,0,0,0,0.933550754601395,0.358445237913918,no
6889,NORTH DAKOTA,North Central,2023,11,0,0,0,0,0,0,0,0,0.969849825925805,0.243703334305638,no
6890,NORTH DAKOTA,North Central,2023,12,0,0,0,0,0,0,0,0,0.992102245058455,0.125431795610095,no
6891,NORTH DAKOTA,North Central,2023,13,0,0,0,0,0,0,0,0,0.999985722936002,0.00534358719969101,no
6892,NORTH DAKOTA,North Central,2023,14,0,0,0,0,0,0,0,0,0.99338608057027,-0.1148220141316,no
6893,NORTH DAKOTA,North Central,2023,15,0,0,0,0,0,0,0,0,0.972398902739873,-0.233324610682822,no
6894,NORTH DAKOTA,North Central,2023,16,0,0,0,0,0,0,0,0,0.937328153604613,-0.348447890595089,no
6895,NORTH DAKOTA,North Central,2023,17,0,0,0,0,0,0,0,0,0.888681774293145,-0.458524485757508,no
6896,NORTH DAKOTA,North Central,2023,18,0,0,0,0,0,0,0,0,0.827164326225506,-0.561960120844802,no
6897,NORTH DAKOTA,North Central,2023,19,0,0,0,0,0,0,0,0,0.75366678671966,-0.657256703728203,no
6898,NORTH DAKOTA,North Central,2023,20,0,0,0,0,0,0,0,0,0.66925364467563,-0.743034022833669,no
6899,NORTH DAKOTA,North Central,2023,21,0,0,0,0,0,0,0,0,0.575147483234652,-0.818049737197468,no
6900,NORTH DAKOTA,North Central,2023,22,0,0,0,0,0,0,0,0,0.472711272707723,-0.881217369696629,no
6901,NORTH DAKOTA,North Central,2023,23,0,0,0,0,0,0,0,0,0.363428630230867,-0.93162204285242,no
6902,NORTH DAKOTA,North Central,2023,24,0,0,0,0,0,0,0,0,0.248882332052978,-0.968533729300055,no
6903,NORTH DAKOTA,North Central,2023,25,0,0,0,0,0,0,0,0,0.130731389669801,-0.991417825013754,no
6904,NORTH DAKOTA,North Central,2023,26,0,0,0,0,0,0,0,0,0.0106870218179092,-0.999942892151679,no
6905,NORTH DAKOTA,North Central,2023,27,0,0,0,0,0,0,0,0,-0.109512129665869,-0.99398545937858,no
6906,NORTH DAKOTA,North Central,2023,28,0,0,0,0,0,0,0,0,-0.228125181162749,-0.973631810141525,no
6907,NORTH DAKOTA,North Central,2023,29,0,0,0,0,0,0,0,0,-0.343434221058743,-0.939176732998521,no
6908,NORTH DAKOTA,North Central,2023,30,0,0,0,0,0,0,0,0,-0.453769190820369,-0.891119252099419,no
6909,NORTH DAKOTA,North Central,2023,31,0,0,0,0,0,0,0,0,-0.557532072998533,-0.830155399655967,no
6910,NORTH DAKOTA,North Central,2023,32,0,0,0,0,0,0,0,0,-0.653220035837834,-0.757168135079666,no
6911,NORTH DAKOTA,North Central,2023,33,0,0,0,0,0,0,0,0,-0.739447199280337,-0.673214556791863,no
6912,NORTH DAKOTA,North Central,2023,34,0,0,0,0,0,0,0,0,-0.814964707119669,-0.579510591921625,no
6913,NORTH DAKOTA,North Central,2023,35,0,0,0,0,0,0,0,0,-0.878678814593855,-0.477413385635487,no
6914,NORTH DAKOTA,North Central,2023,36,0,0,0,0,0,0,0,0,-0.929666729448389,-0.368401645160191,no
6915,NORTH DAKOTA,North Central,2023,37,0,0,0,0,0,0,0,0,-0.96718997703823,-0.254054223182352,no
6916,NORTH DAKOTA,North Central,2023,38,0,0,0,0,0,0,0,0,-0.990705095897581,-0.136027250808674,no
6917,NORTH DAKOTA,North Central,2023,39,0,0,0,0,0,0,0,0,-0.999871508870024,-0.0160301512775393,no
6918,NORTH DAKOTA,North Central,2023,40,0,0,0,0,0,0,0,0,-0.994556455798857,0.104199118176771,no
6919,NORTH DAKOTA,North Central,2023,41,0,0,0,0,0,0,0,0,-0.97483691633585,0.222919237727053,no
6920,NORTH DAKOTA,North Central,2023,42,0,0,0,0,0,0,0,0,-0.940998495019784,0.338410745057692,no
6921,NORTH DAKOTA,North Central,2023,43,0,0,0,0,0,0,0,0,-0.893531284772509,0.449000938899674,no
6922,NORTH DAKOTA,North Central,2023,44,0,0,0,0,0,0,0,0,-0.833122768722891,0.553088105310089,no
6923,NORTH DAKOTA,North Central,2023,45,0,0,0,0,0,0,0,0,-0.760647863163829,0.649164715818952,no
6924,NORTH DAKOTA,North Central,2023,46,0,0,0,0,0,0,0,0,-0.677156245853474,0.735839261457031,no
6925,NORTH DAKOTA,North Central,2023,47,0,0,0,0,0,0,0,0,-0.583857153188981,0.811856406435312,no
6926,NORTH DAKOTA,North Central,2023,48,0,0,0,0,0,0,0,0,-0.48210186644033,0.876115169583743,no
6927,NORTH DAKOTA,North Central,2023,49,0,0,0,0,0,0,0,0,-0.373364140701786,0.927684870221573,no
6928,NORTH DAKOTA,North Central,2023,50,0,0,0,0,0,0,0,0,-0.25921886001492,0.965818607510005,no
6929,NORTH DAKOTA,North Central,2023,51,0,0,0,0,0,0,0,0,-0.141319227808016,0.989964078061293,no
6930,NORTH DAKOTA,North Central,2023,52,0,0,0,0,0,0,0,0,-0.0213728230101764,0.999771575129327,no
6931,NORTH DAKOTA,North Central,2024,1,0,0,0,0,0,0,0,0,0.120128619954843,0.992758336488667,no
6932,NORTH DAKOTA,North Central,2024,2,0,0,0,0,0,0,0,0,0.238517377822098,0.97113822933549,no
6933,NORTH DAKOTA,North Central,2024,3,0,0,0,0,0,0,0,0,0.353451610505767,0.935452809622634,no
6934,NORTH DAKOTA,North Central,2024,4,0,0,0,0,0,0,0,0,0.463266687927793,0.886218920953741,no
6935,NORTH DAKOTA,North Central,2024,5,0,0,0,0,0,0,0,0,0.566372122409852,0.824149633839001,no
6936,NORTH DAKOTA,North Central,2024,6,0,0,0,0,0,0,0,0,0.661274604226529,0.750143918061759,no
6937,NORTH DAKOTA,North Central,2024,7,0,0,0,0,0,0,0,0,0.746599629698408,0.665273622605165,no
6938,NORTH DAKOTA,North Central,2024,8,0,0,0,0,0,0,0,0,0.821111408578364,0.570767951712827,no
6939,NORTH DAKOTA,North Central,2024,9,0,0,0,0,0,0,0,0,0.883730762405837,0.467995661921774,no
6940,NORTH DAKOTA,North Central,2024,10,0,0,0,0,0,0,0,0,0.933550754601395,0.358445237913918,no
6941,NORTH DAKOTA,North Central,2024,11,0,0,0,0,0,0,0,0,0.969849825925805,0.243703334305638,no
6942,NORTH DAKOTA,North Central,2024,12,0,0,0,0,0,0,0,0,0.992102245058455,0.125431795610095,no
6943,NORTH DAKOTA,North Central,2024,13,0,0,0,0,0,0,0,0,0.999985722936002,0.00534358719969101,no
6944,NORTH DAKOTA,North Central,2024,14,0,0,0,0,0,0,0,0,0.99338608057027,-0.1148220141316,no
6945,NORTH DAKOTA,North Central,2024,15,0,0,0,0,0,0,0,0,0.972398902739873,-0.233324610682822,no
6946,NORTH DAKOTA,North Central,2024,16,0,0,0,0,0,0,0,0,0.937328153604613,-0.348447890595089,no
6947,NORTH DAKOTA,North Central,2024,17,0,0,0,0,0,0,0,0,0.888681774293145,-0.458524485757508,no
6948,NORTH DAKOTA,North Central,2024,18,0,0,0,0,0,0,0,0,0.827164326225506,-0.561960120844802,no
6949,NORTH DAKOTA,North Central,2024,19,0,0,0,0,0,0,0,0,0.75366678671966,-0.657256703728203,no
6950,NORTH DAKOTA,North Central,2024,20,0,0,0,0,0,0,0,0,0.66925364467563,-0.743034022833669,no
6951,NORTH DAKOTA,North Central,2024,21,0,0,0,0,0,0,0,0,0.575147483234652,-0.818049737197468,no
6952,NORTH DAKOTA,North Central,2024,22,0,0,0,0,0,0,0,0,0.472711272707723,-0.881217369696629,no
6953,NORTH DAKOTA,North Central,2024,23,0,0,0,0,0,0,0,0,0.363428630230867,-0.93162204285242,no
6954,NORTH DAKOTA,North Central,2024,24,0,0,0,0,0,0,0,0,0.248882332052978,-0.968533729300055,no
6955,NORTH DAKOTA,North Central,2024,25,0,0,0,0,0,0,0,0,0.130731389669801,-0.991417825013754,no
6956,NORTH DAKOTA,North Central,2024,26,0,0,0,0,0,0,0,0,0.0106870218179092,-0.999942892151679,no
6957,NORTH DAKOTA,North Central,2024,27,0,0,0,0,0,0,0,0,-0.109512129665869,-0.99398545937858,no
6958,NORTH DAKOTA,North Central,2024,28,0,0,0,0,0,0,0,0,-0.228125181162749,-0.973631810141525,no
6959,NORTH DAKOTA,North Central,2024,29,0,0,0,0,0,0,0,0,-0.343434221058743,-0.939176732998521,no
6960,NORTH DAKOTA,North Central,2024,30,0,0,0,0,0,0,0,0,-0.453769190820369,-0.891119252099419,no
6961,NORTH DAKOTA,North Central,2024,31,0,0,0,0,0,0,0,0,-0.557532072998533,-0.830155399655967,no
6962,NORTH DAKOTA,North Central,2024,32,0,0,0,0,0,0,0,0,-0.653220035837834,-0.757168135079666,no
6963,NORTH DAKOTA,North Central,2024,33,0,0,0,0,0,0,0,0,-0.739447199280337,-0.673214556791863,no
6964,NORTH DAKOTA,North Central,2024,34,0,0,0,0,0,0,0,0,-0.814964707119669,-0.579510591921625,no
6965,NORTH DAKOTA,North Central,2024,35,0,0,0,0,0,0,0,0,-0.878678814593855,-0.477413385635487,no
6966,NORTH DAKOTA,North Central,2024,36,0,0,0,0,0,0,0,0,-0.929666729448389,-0.368401645160191,no
6967,NORTH DAKOTA,North Central,2024,37,0,0,0,0,0,0,0,0,-0.96718997703823,-0.254054223182352,no
6968,NORTH DAKOTA,North Central,2024,38,0,0,0,0,0,0,0,0,-0.990705095897581,-0.136027250808674,no
6969,NORTH DAKOTA,North Central,2024,39,0,0,0,0,0,0,0,0,-0.999871508870024,-0.0160301512775393,no
6970,NORTH DAKOTA,North Central,2024,40,0,0,0,0,0,0,0,0,-0.994556455798857,0.104199118176771,no
6971,NORTH DAKOTA,North Central,2024,41,0,0,0,0,0,0,0,0,-0.97483691633585,0.222919237727053,no
6972,NORTH DAKOTA,North Central,2024,42,0,0,0,0,0,0,0,0,-0.940998495019784,0.338410745057692,no
6973,NORTH DAKOTA,North Central,2024,43,0,0,0,0,0,0,0,0,-0.893531284772509,0.449000938899674,no
6974,NORTH DAKOTA,North Central,2024,44,0,0,0,0,0,0,0,0,-0.833122768722891,0.553088105310089,no
6975,NORTH DAKOTA,North Central,2024,45,0,0,0,0,0,0,0,0,-0.760647863163829,0.649164715818952,no
6976,NORTH DAKOTA,North Central,2024,46,0,0,0,0,0,0,0,0,-0.677156245853474,0.735839261457031,no
6977,NORTH DAKOTA,North Central,2024,47,0,0,0,0,0,0,0,0,-0.583857153188981,0.811856406435312,no
6978,NORTH DAKOTA,North Central,2024,48,0,0,0,0,0,0,0,0,-0.48210186644033,0.876115169583743,no
6979,NORTH DAKOTA,North Central,2024,49,0,0,0,0,0,0,0,0,-0.373364140701786,0.927684870221573,no
6980,NORTH DAKOTA,North Central,2024,50,0,0,0,0,0,0,0,0,-0.25921886001492,0.965818607510005,no
6981,NORTH DAKOTA,North Central,2024,51,0,0,0,0,0,0,0,0,-0.141319227808016,0.989964078061293,no
6982,NORTH DAKOTA,North Central,2024,52,0,0,0,0,0,0,0,0,-0.0213728230101764,0.999771575129327,no
6983,NORTH DAKOTA,North Central,2025,1,0,0,0,0,0,0,0,0,0.120128619954843,0.992758336488667,no
6984,NORTH DAKOTA,North Central,2025,2,0,0,0,0,0,0,0,0,0.238517377822098,0.97113822933549,no
6985,NORTH DAKOTA,North Central,2025,3,0,0,0,0,0,0,0,0,0.353451610505767,0.935452809622634,no
6986,NORTH DAKOTA,North Central,2025,4,0,0,0,0,0,0,0,0,0.463266687927793,0.886218920953741,no
6987,NORTH DAKOTA,North Central,2025,5,0,0,0,0,0,0,0,0,0.566372122409852,0.824149633839001,no
6988,NORTH DAKOTA,North Central,2025,6,0,0,0,0,0,0,0,0,0.661274604226529,0.750143918061759,no
6989,NORTH DAKOTA,North Central,2025,7,0,0,0,0,0,0,0,0,0.746599629698408,0.665273622605165,no
6990,NORTH DAKOTA,North Central,2025,8,0,0,0,0,0,0,0,0,0.821111408578364,0.570767951712827,no
6991,NORTH DAKOTA,North Central,2025,9,0,0,0,0,0,0,0,0,0.883730762405837,0.467995661921774,no
6992,NORTH DAKOTA,North Central,2025,10,0,0,0,0,0,0,0,0,0.933550754601395,0.358445237913918,no
6993,NORTH DAKOTA,North Central,2025,11,0,0,0,0,0,0,0,0,0.969849825925805,0.243703334305638,no
6994,NORTH DAKOTA,North Central,2025,12,0,0,0,0,0,0,0,0,0.992102245058455,0.125431795610095,no
6995,NORTH DAKOTA,North Central,2025,13,0,0,0,0,0,0,0,0,0.999985722936002,0.00534358719969101,no
6996,NORTH DAKOTA,North Central,2025,14,0,0,0,0,0,0,0,0,0.99338608057027,-0.1148220141316,no
6997,NORTH DAKOTA,North Central,2025,15,0,0,0,0,0,0,0,0,0.972398902739873,-0.233324610682822,no
6998,NORTH DAKOTA,North Central,2025,16,0,0,0,0,0,0,0,0,0.937328153604613,-0.348447890595089,no
6999,NORTH DAKOTA,North Central,2025,17,0,0,0,0,0,0,0,0,0.888681774293145,-0.458524485757508,no
7000,NORTH DAKOTA,North Central,2025,18,0,0,0,0,0,0,0,0,0.827164326225506,-0.561960120844802,no
7001,NORTH DAKOTA,North Central,2025,19,0,0,0,0,0,0,0,0,0.75366678671966,-0.657256703728203,no
7002,NORTH DAKOTA,North Central,2025,20,0,0,0,0,0,0,0,0,0.66925364467563,-0.743034022833669,no
7003,NORTH DAKOTA,North Central,2025,21,0,0,0,0,0,0,0,0,0.575147483234652,-0.818049737197468,no
7004,NORTH DAKOTA,North Central,2025,22,0,0,0,0,0,0,0,0,0.472711272707723,-0.881217369696629,no
7005,NORTH DAKOTA,North Central,2025,23,0,0,0,0,0,0,0,0,0.363428630230867,-0.93162204285242,no
7006,NORTH DAKOTA,North Central,2025,24,0,0,0,0,0,0,0,0,0.248882332052978,-0.968533729300055,no
7007,NORTH DAKOTA,North Central,2025,25,0,0,0,0,0,0,0,0,0.130731389669801,-0.991417825013754,no
7008,NORTH DAKOTA,North Central,2025,26,0,0,0,0,0,0,0,0,0.0106870218179092,-0.999942892151679,no
7009,NORTH DAKOTA,North Central,2025,27,0,0,0,0,0,0,0,0,-0.109512129665869,-0.99398545937858,no
7010,NORTH DAKOTA,North Central,2025,28,0,0,0,0,0,0,0,0,-0.228125181162749,-0.973631810141525,no
7011,NORTH DAKOTA,North Central,2025,29,0,0,0,0,0,0,0,0,-0.343434221058743,-0.939176732998521,no
7012,NORTH DAKOTA,North Central,2025,30,0,0,0,0,0,0,0,0,-0.453769190820369,-0.891119252099419,no
7013,NORTH DAKOTA,North Central,2025,31,0,0,0,0,0,0,0,0,-0.557532072998533,-0.830155399655967,no
7014,NORTH DAKOTA,North Central,2025,32,0,0,0,0,0,0,0,0,-0.653220035837834,-0.757168135079666,no
7015,NORTH DAKOTA,North Central,2025,33,0,0,0,0,0,0,0,0,-0.739447199280337,-0.673214556791863,no
7016,NORTH DAKOTA,North Central,2025,34,0,0,0,0,0,0,0,0,-0.814964707119669,-0.579510591921625,no
7017,NORTH DAKOTA,North Central,2025,35,0,0,0,0,0,0,0,0,-0.878678814593855,-0.477413385635487,no
7018,NORTH DAKOTA,North Central,2025,36,0,0,0,0,0,0,0,0,-0.929666729448389,-0.368401645160191,no
7019,NORTH DAKOTA,North Central,2025,37,0,0,0,0,0,0,0,0,-0.96718997703823,-0.254054223182352,no
7020,NORTH DAKOTA,North Central,2025,38,0,0,0,0,0,0,0,0,-0.990705095897581,-0.136027250808674,no
7021,NORTH DAKOTA,North Central,2025,39,0,0,0,0,0,0,0,0,-0.999871508870024,-0.0160301512775393,no
7022,NORTH DAKOTA,North Central,2025,40,0,0,0,0,0,0,0,0,-0.994556455798857,0.104199118176771,no
7023,NORTH DAKOTA,North Central,2025,41,0,0,0,0,0,0,0,0,-0.97483691633585,0.222919237727053,no
7024,NORTH DAKOTA,North Central,2025,42,0,0,0,0,0,0,0,0,-0.940998495019784,0.338410745057692,no
7025,NORTH DAKOTA,North Central,2025,43,0,0,0,0,0,0,0,0,-0.893531284772509,0.449000938899674,no
7026,NORTH DAKOTA,North Central,2025,44,0,0,0,0,0,0,0,0,-0.833122768722891,0.553088105310089,no
7027,NORTH DAKOTA,North Central,2025,45,0,0,0,0,0,0,0,0,-0.760647863163829,0.649164715818952,no
7028,NORTH DAKOTA,North Central,2025,46,0,0,0,0,0,0,0,0,-0.677156245853474,0.735839261457031,no
7029,NORTH DAKOTA,North Central,2025,47,0,0,0,0,0,0,0,0,-0.583857153188981,0.811856406435312,no
7030,NORTH DAKOTA,North Central,2025,48,0,0,0,0,0,0,0,0,-0.48210186644033,0.876115169583743,no
7031,NORTH DAKOTA,North Central,2025,49,0,0,0,0,0,0,0,0,-0.373364140701786,0.927684870221573,no
7032,NORTH DAKOTA,North Central,2025,50,0,0,0,0,0,0,0,0,-0.25921886001492,0.965818607510005,no
7033,NORTH DAKOTA,North Central,2025,51,0,0,0,0,0,0,0,0,-0.141319227808016,0.989964078061293,no
7034,NORTH DAKOTA,North Central,2025,52,0,0,0,0,0,0,0,0,-0.0213728230101764,0.999771575129327,no
7035,NORTH DAKOTA,North Central,2025,53,0,0,0,0,0,0,0,0,0.0988831313727152,0.995099053526797,no
7036,OHIO,North Central,2022,9,0,0,0,0,0,0,0,0,0.883730762405837,0.467995661921774,no
7037,OHIO,North Central,2022,10,0,0,0,0,0,0,0,0,0.933550754601395,0.358445237913918,no
7038,OHIO,North Central,2022,11,0,0,0,0,0,0,0,0,0.969849825925805,0.243703334305638,no
7039,OHIO,North Central,2022,12,0,0,0,0,0,0,0,0,0.992102245058455,0.125431795610095,no
7040,OHIO,North Central,2022,13,0,0,0,0,0,0,0,0,0.999985722936002,0.00534358719969101,no
7041,OHIO,North Central,2022,14,0,0,0,0,0,0,0,0,0.99338608057027,-0.1148220141316,no
7042,OHIO,North Central,2022,15,0,0,0,0,0,0,0,0,0.972398902739873,-0.233324610682822,no
7043,OHIO,North Central,2022,16,0,0,0,0,0,0,0,0,0.937328153604613,-0.348447890595089,no
7044,OHIO,North Central,2022,17,0,0,0,0,0,0,0,0,0.888681774293145,-0.458524485757508,no
7045,OHIO,North Central,2022,18,0,0,0,0,0,0,0,0,0.827164326225506,-0.561960120844802,no
7046,OHIO,North Central,2022,19,0,0,0,0,0,0,0,0,0.75366678671966,-0.657256703728203,no
7047,OHIO,North Central,2022,20,0,0,0,0,0,0,0,0,0.66925364467563,-0.743034022833669,no
7048,OHIO,North Central,2022,21,0,0,0,0,0,0,0,0,0.575147483234652,-0.818049737197468,no
7049,OHIO,North Central,2022,22,0,0,0,0,0,0,0,0,0.472711272707723,-0.881217369696629,no
7050,OHIO,North Central,2022,23,0,0,0,0,0,0,0,0,0.363428630230867,-0.93162204285242,no
7051,OHIO,North Central,2022,24,0,0,0,0,0,0,0,0,0.248882332052978,-0.968533729300055,no
7052,OHIO,North Central,2022,25,0,0,0,0,0,0,0,0,0.130731389669801,-0.991417825013754,no
7053,OHIO,North Central,2022,26,0,0,0,0,0,0,0,0,0.0106870218179092,-0.999942892151679,no
7054,OHIO,North Central,2022,27,0,0,0,0,0,0,0,0,-0.109512129665869,-0.99398545937858,no
7055,OHIO,North Central,2022,28,0,0,0,0,0,0,0,0,-0.228125181162749,-0.973631810141525,no
7056,OHIO,North Central,2022,29,0,0,0,0,0,0,0,0,-0.343434221058743,-0.939176732998521,no
7057,OHIO,North Central,2022,30,0,0,0,0,0,0,0,0,-0.453769190820369,-0.891119252099419,no
7058,OHIO,North Central,2022,31,0,0,0,0,0,0,0,0,-0.557532072998533,-0.830155399655967,no
7059,OHIO,North Central,2022,32,0,0,0,0,0,0,0,0,-0.653220035837834,-0.757168135079666,no
7060,OHIO,North Central,2022,33,0,0,0,0,0,0,0,0,-0.739447199280337,-0.673214556791863,no
7061,OHIO,North Central,2022,34,0,0,0,0,0,0,0,0,-0.814964707119669,-0.579510591921625,no
7062,OHIO,North Central,2022,35,0,0,0,0,0,0,0,0,-0.878678814593855,-0.477413385635487,no
7063,OHIO,North Central,2022,36,0,0,0,0,0,0,0,0,-0.929666729448389,-0.368401645160191,no
7064,OHIO,North Central,2022,37,0,0,0,0,0,0,0,0,-0.96718997703823,-0.254054223182352,no
7065,OHIO,North Central,2022,38,0,0,0,0,0,0,0,0,-0.990705095897581,-0.136027250808674,no
7066,OHIO,North Central,2022,39,0,0,0,0,0,0,0,0,-0.999871508870024,-0.0160301512775393,no
7067,OHIO,North Central,2022,40,0,0,0,0,0,0,0,0,-0.994556455798857,0.104199118176771,no
7068,OHIO,North Central,2022,41,0,0,0,0,0,0,0,0,-0.97483691633585,0.222919237727053,no
7069,OHIO,North Central,2022,42,0,0,0,0,0,0,0,0,-0.940998495019784,0.338410745057692,no
7070,OHIO,North Central,2022,43,0,0,0,0,0,0,0,0,-0.893531284772509,0.449000938899674,no
7071,OHIO,North Central,2022,44,0,0,0,0,0,0,0,0,-0.833122768722891,0.553088105310089,no
7072,OHIO,North Central,2022,45,0,0,0,0,0,0,0,0,-0.760647863163829,0.649164715818952,no
7073,OHIO,North Central,2022,46,0,0,0,0,0,0,0,0,-0.677156245853474,0.735839261457031,no
7074,OHIO,North Central,2022,47,0,0,0,0,0,0,0,0,-0.583857153188981,0.811856406435312,no
7075,OHIO,North Central,2022,48,0,0,0,0,0,0,0,0,-0.48210186644033,0.876115169583743,no
7076,OHIO,North Central,2022,49,0,0,0,0,0,0,0,0,-0.373364140701786,0.927684870221573,no
7077,OHIO,North Central,2022,50,0,0,0,0,0,0,0,0,-0.25921886001492,0.965818607510005,no
7078,OHIO,North Central,2022,51,0,0,0,0,0,0,0,0,-0.141319227808016,0.989964078061293,no
7079,OHIO,North Central,2022,52,0,0,0,0,0,0,0,0,-0.0213728230101764,0.999771575129327,no
7080,OHIO,North Central,2023,1,0,0,0,0,0,0,0,0,0.120128619954843,0.992758336488667,no
7081,OHIO,North Central,2023,6,,0,0,0,0,0,0,0,0.661274604226529,0.750143918061759,no
7082,OHIO,North Central,2023,15,0,0,0,0,0,0,0,0,0.972398902739873,-0.233324610682822,no
7083,OHIO,North Central,2023,16,0,0,0,0,0,0,0,0,0.937328153604613,-0.348447890595089,no
7084,OHIO,North Central,2023,17,0,0,0,0,0,0,0,0,0.888681774293145,-0.458524485757508,no
7085,OHIO,North Central,2023,18,0,0,0,0,0,0,0,0,0.827164326225506,-0.561960120844802,no
7086,OHIO,North Central,2023,19,0,0,0,0,0,0,0,0,0.75366678671966,-0.657256703728203,no
7087,OHIO,North Central,2023,20,0,0,0,0,0,0,0,0,0.66925364467563,-0.743034022833669,no
7088,OHIO,North Central,2023,21,0,0,0,0,0,0,0,0,0.575147483234652,-0.818049737197468,no
7089,OHIO,North Central,2023,22,0,0,0,0,0,0,0,0,0.472711272707723,-0.881217369696629,no
7090,OHIO,North Central,2023,23,0,0,0,0,0,0,0,0,0.363428630230867,-0.93162204285242,no
7091,OHIO,North Central,2023,24,0,0,0,0,0,0,0,0,0.248882332052978,-0.968533729300055,no
7092,OHIO,North Central,2023,25,0,0,0,0,0,0,0,0,0.130731389669801,-0.991417825013754,no
7093,OHIO,North Central,2023,26,0,0,0,0,0,0,0,0,0.0106870218179092,-0.999942892151679,no
7094,OHIO,North Central,2023,27,0,0,0,0,0,0,0,0,-0.109512129665869,-0.99398545937858,no
7095,OHIO,North Central,2023,28,0,0,0,0,0,0,0,0,-0.228125181162749,-0.973631810141525,no
7096,OHIO,North Central,2023,29,0,0,0,0,0,0,0,0,-0.343434221058743,-0.939176732998521,no
7097,OHIO,North Central,2023,30,0,0,0,0,0,0,0,0,-0.453769190820369,-0.891119252099419,no
7098,OHIO,North Central,2023,31,0,0,0,0,0,0,0,0,-0.557532072998533,-0.830155399655967,no
7099,OHIO,North Central,2023,32,0,0,0,0,0,0,0,0,-0.653220035837834,-0.757168135079666,no
7100,OHIO,North Central,2023,33,0,0,0,0,0,0,0,0,-0.739447199280337,-0.673214556791863,no
7101,OHIO,North Central,2023,34,0,0,0,0,0,0,0,0,-0.814964707119669,-0.579510591921625,no
7102,OHIO,North Central,2023,35,0,0,0,0,0,0,0,0,-0.878678814593855,-0.477413385635487,no
7103,OHIO,North Central,2023,36,0,0,0,0,0,0,0,0,-0.929666729448389,-0.368401645160191,no
7104,OHIO,North Central,2023,37,0,0,0,0,0,0,0,0,-0.96718997703823,-0.254054223182352,no
7105,OHIO,North Central,2023,38,0,0,0,0,0,0,0,0,-0.990705095897581,-0.136027250808674,no
7106,OHIO,North Central,2023,39,0,0,0,0,0,0,0,0,-0.999871508870024,-0.0160301512775393,no
7107,OHIO,North Central,2023,40,0,0,0,0,0,0,0,0,-0.994556455798857,0.104199118176771,no
7108,OHIO,North Central,2023,41,0,0,0,0,0,0,0,0,-0.97483691633585,0.222919237727053,no
7109,OHIO,North Central,2023,42,0,0,0,0,0,0,0,0,-0.940998495019784,0.338410745057692,no
7110,OHIO,North Central,2023,43,0,0,0,0,0,0,0,0,-0.893531284772509,0.449000938899674,no
7111,OHIO,North Central,2023,44,0,0,0,0,0,0,0,0,-0.833122768722891,0.553088105310089,no
7112,OHIO,North Central,2023,45,0,0,0,0,0,0,0,0,-0.760647863163829,0.649164715818952,no
7113,OHIO,North Central,2023,46,0,0,0,0,0,0,0,0,-0.677156245853474,0.735839261457031,no
7114,OHIO,North Central,2023,47,0,0,0,0,0,0,0,0,-0.583857153188981,0.811856406435312,no
7115,OHIO,North Central,2023,48,0,0,0,0,0,0,0,0,-0.48210186644033,0.876115169583743,no
7116,OHIO,North Central,2023,49,0,0,0,0,0,0,0,0,-0.373364140701786,0.927684870221573,no
7117,OHIO,North Central,2023,50,0,0,0,0,0,0,0,0,-0.25921886001492,0.965818607510005,no
7118,OHIO,North Central,2023,51,0,0,0,0,0,0,0,0,-0.141319227808016,0.989964078061293,no
7119,OHIO,North Central,2023,52,0,0,0,0,0,0,0,0,-0.0213728230101764,0.999771575129327,no
7120,OHIO,North Central,2024,1,0,0,0,0,0,0,0,0,0.120128619954843,0.992758336488667,no
7121,OHIO,North Central,2024,2,0,0,0,0,0,0,0,0,0.238517377822098,0.97113822933549,no
7122,OHIO,North Central,2024,3,0,0,0,0,0,0,0,0,0.353451610505767,0.935452809622634,no
7123,OHIO,North Central,2024,4,0,0,0,0,0,0,0,0,0.463266687927793,0.886218920953741,no
7124,OHIO,North Central,2024,5,0,0,0,0,0,0,0,0,0.566372122409852,0.824149633839001,no
7125,OHIO,North Central,2024,6,0,0,0,0,0,0,0,0,0.661274604226529,0.750143918061759,no
7126,OHIO,North Central,2024,7,0,0,0,0,0,0,0,0,0.746599629698408,0.665273622605165,no
7127,OHIO,North Central,2024,8,0,0,0,0,0,0,0,0,0.821111408578364,0.570767951712827,no
7128,OHIO,North Central,2024,9,0,0,0,0,0,0,0,0,0.883730762405837,0.467995661921774,no
7129,OHIO,North Central,2024,10,0,0,0,0,0,0,0,0,0.933550754601395,0.358445237913918,no
7130,OHIO,North Central,2024,11,0,0,0,0,0,0,0,0,0.969849825925805,0.243703334305638,no
7131,OHIO,North Central,2024,12,0,0,0,0,0,0,0,0,0.992102245058455,0.125431795610095,no
7132,OHIO,North Central,2024,13,0,0,0,0,0,0,0,0,0.999985722936002,0.00534358719969101,no
7133,OHIO,North Central,2024,14,0,0,0,0,0,0,0,0,0.99338608057027,-0.1148220141316,no
7134,OHIO,North Central,2024,15,0,0,0,0,0,0,0,0,0.972398902739873,-0.233324610682822,no
7135,OHIO,North Central,2024,16,0,0,0,0,0,0,0,0,0.937328153604613,-0.348447890595089,no
7136,OHIO,North Central,2024,17,0,0,0,0,0,0,0,0,0.888681774293145,-0.458524485757508,no
7137,OHIO,North Central,2024,18,0,0,0,0,0,0,0,0,0.827164326225506,-0.561960120844802,no
7138,OHIO,North Central,2024,19,0,0,0,0,0,0,0,0,0.75366678671966,-0.657256703728203,no
7139,OHIO,North Central,2024,20,0,0,0,0,0,0,0,0,0.66925364467563,-0.743034022833669,no
7140,OHIO,North Central,2024,21,0,0,0,0,0,0,0,0,0.575147483234652,-0.818049737197468,no
7141,OHIO,North Central,2024,22,0,0,0,0,0,0,0,0,0.472711272707723,-0.881217369696629,no
7142,OHIO,North Central,2024,23,0,0,0,0,0,0,0,0,0.363428630230867,-0.93162204285242,no
7143,OHIO,North Central,2024,24,0,0,0,0,0,0,0,0,0.248882332052978,-0.968533729300055,no
7144,OHIO,North Central,2024,25,0,0,0,0,0,0,0,0,0.130731389669801,-0.991417825013754,no
7145,OHIO,North Central,2024,26,0,0,0,0,0,0,0,0,0.0106870218179092,-0.999942892151679,no
7146,OHIO,North Central,2024,27,0,0,0,0,0,0,0,0,-0.109512129665869,-0.99398545937858,no
7147,OHIO,North Central,2024,28,0,0,0,0,0,0,0,0,-0.228125181162749,-0.973631810141525,no
7148,OHIO,North Central,2024,29,0,0,0,0,0,0,0,0,-0.343434221058743,-0.939176732998521,no
7149,OHIO,North Central,2024,30,0,0,0,0,0,0,0,0,-0.453769190820369,-0.891119252099419,no
7150,OHIO,North Central,2024,31,0,0,0,0,0,0,0,0,-0.557532072998533,-0.830155399655967,no
7151,OHIO,North Central,2024,32,0,0,0,0,0,0,0,0,-0.653220035837834,-0.757168135079666,no
7152,OHIO,North Central,2024,33,0,0,0,0,0,0,0,0,-0.739447199280337,-0.673214556791863,no
7153,OHIO,North Central,2024,34,0,0,0,0,0,0,0,0,-0.814964707119669,-0.579510591921625,no
7154,OHIO,North Central,2024,35,0,0,0,0,0,0,0,0,-0.878678814593855,-0.477413385635487,no
7155,OHIO,North Central,2024,36,0,0,0,0,0,0,0,0,-0.929666729448389,-0.368401645160191,no
7156,OHIO,North Central,2024,37,0,0,0,0,0,0,0,0,-0.96718997703823,-0.254054223182352,no
7157,OHIO,North Central,2024,38,0,0,0,0,0,0,0,0,-0.990705095897581,-0.136027250808674,no
7158,OHIO,North Central,2024,39,0,0,0,0,0,0,0,0,-0.999871508870024,-0.0160301512775393,no
7159,OHIO,North Central,2024,40,0,0,0,0,0,0,0,0,-0.994556455798857,0.104199118176771,no
7160,OHIO,North Central,2024,41,0,0,0,0,0,0,0,0,-0.97483691633585,0.222919237727053,no
7161,OHIO,North Central,2024,42,0,0,0,0,0,0,0,0,-0.940998495019784,0.338410745057692,no
7162,OHIO,North Central,2024,43,0,0,0,0,0,0,0,0,-0.893531284772509,0.449000938899674,no
7163,OHIO,North Central,2024,44,0,0,0,0,0,0,0,0,-0.833122768722891,0.553088105310089,no
7164,OHIO,North Central,2024,45,0,0,0,0,0,0,0,0,-0.760647863163829,0.649164715818952,no
7165,OHIO,North Central,2024,46,0,0,0,0,0,0,0,0,-0.677156245853474,0.735839261457031,no
7166,OHIO,North Central,2024,47,0,0,0,0,0,0,0,0,-0.583857153188981,0.811856406435312,no
7167,OHIO,North Central,2024,48,0,0,0,0,0,0,0,0,-0.48210186644033,0.876115169583743,no
7168,OHIO,North Central,2024,49,0,0,0,0,0,0,0,0,-0.373364140701786,0.927684870221573,no
7169,OHIO,North Central,2024,50,0,0,0,0,0,0,0,0,-0.25921886001492,0.965818607510005,no
7170,OHIO,North Central,2024,51,0,0,0,0,0,0,0,0,-0.141319227808016,0.989964078061293,no
7171,OHIO,North Central,2024,52,0,0,0,0,0,0,0,0,-0.0213728230101764,0.999771575129327,no
7172,OHIO,North Central,2025,1,0,0,0,0,0,0,0,0,0.120128619954843,0.992758336488667,no
7173,OHIO,North Central,2025,2,0,0,0,0,0,0,0,0,0.238517377822098,0.97113822933549,no
7174,OHIO,North Central,2025,3,0,0,0,0,0,0,0,0,0.353451610505767,0.935452809622634,no
7175,OHIO,North Central,2025,4,0,0,0,0,0,0,0,0,0.463266687927793,0.886218920953741,no
7176,OHIO,North Central,2025,5,0,0,0,0,0,0,0,0,0.566372122409852,0.824149633839001,no
7177,OHIO,North Central,2025,6,0,0,0,0,0,0,0,0,0.661274604226529,0.750143918061759,no
7178,OHIO,North Central,2025,7,0,0,0,0,0,0,0,0,0.746599629698408,0.665273622605165,no
7179,OHIO,North Central,2025,8,0,0,0,0,0,0,0,0,0.821111408578364,0.570767951712827,no
7180,OHIO,North Central,2025,9,0,0,0,0,0,0,0,0,0.883730762405837,0.467995661921774,no
7181,OHIO,North Central,2025,10,0,0,0,0,0,0,0,0,0.933550754601395,0.358445237913918,no
7182,OHIO,North Central,2025,11,0,0,0,0,0,0,0,0,0.969849825925805,0.243703334305638,no
7183,OHIO,North Central,2025,12,0,0,0,0,0,0,0,0,0.992102245058455,0.125431795610095,no
7184,OHIO,North Central,2025,13,0,0,0,0,0,0,0,0,0.999985722936002,0.00534358719969101,no
7185,OHIO,North Central,2025,14,0,0,0,0,0,0,0,0,0.99338608057027,-0.1148220141316,no
7186,OHIO,North Central,2025,15,0,0,0,0,0,0,0,0,0.972398902739873,-0.233324610682822,no
7187,OHIO,North Central,2025,16,0,0,0,0,0,0,0,0,0.937328153604613,-0.348447890595089,no
7188,OHIO,North Central,2025,17,0,0,0,0,0,0,0,0,0.888681774293145,-0.458524485757508,no
7189,OHIO,North Central,2025,18,0,0,0,0,0,0,0,0,0.827164326225506,-0.561960120844802,no
7190,OHIO,North Central,2025,19,0,0,0,0,0,0,0,0,0.75366678671966,-0.657256703728203,no
7191,OHIO,North Central,2025,20,0,0,0,0,0,0,0,0,0.66925364467563,-0.743034022833669,no
7192,OHIO,North Central,2025,21,0,0,0,0,0,0,0,0,0.575147483234652,-0.818049737197468,no
7193,OHIO,North Central,2025,22,0,0,0,0,0,0,0,0,0.472711272707723,-0.881217369696629,no
7194,OHIO,North Central,2025,23,0,0,0,0,0,0,0,0,0.363428630230867,-0.93162204285242,no
7195,OHIO,North Central,2025,24,0,0,0,0,0,0,0,0,0.248882332052978,-0.968533729300055,no
7196,OHIO,North Central,2025,25,0,0,0,0,0,0,0,0,0.130731389669801,-0.991417825013754,no
7197,OHIO,North Central,2025,26,0,0,0,0,0,0,0,0,0.0106870218179092,-0.999942892151679,no
7198,OHIO,North Central,2025,27,0,0,0,0,0,0,0,0,-0.109512129665869,-0.99398545937858,no
7199,OHIO,North Central,2025,28,0,0,0,0,0,0,0,0,-0.228125181162749,-0.973631810141525,no
7200,OHIO,North Central,2025,29,0,0,0,0,0,0,0,0,-0.343434221058743,-0.939176732998521,no
7201,OHIO,North Central,2025,30,0,0,0,0,0,0,0,0,-0.453769190820369,-0.891119252099419,no
7202,OHIO,North Central,2025,31,0,0,0,0,0,0,0,0,-0.557532072998533,-0.830155399655967,no
7203,OHIO,North Central,2025,32,0,0,0,0,0,0,0,0,-0.653220035837834,-0.757168135079666,no
7204,OHIO,North Central,2025,33,0,0,0,0,0,0,0,0,-0.739447199280337,-0.673214556791863,no
7205,OHIO,North Central,2025,34,0,0,0,0,0,0,0,0,-0.814964707119669,-0.579510591921625,no
7206,OHIO,North Central,2025,35,0,0,0,0,0,0,0,0,-0.878678814593855,-0.477413385635487,no
7207,OHIO,North Central,2025,36,0,0,0,0,0,0,0,0,-0.929666729448389,-0.368401645160191,no
7208,OHIO,North Central,2025,37,0,0,0,0,0,0,0,0,-0.96718997703823,-0.254054223182352,no
7209,OHIO,North Central,2025,38,0,0,0,0,0,0,0,0,-0.990705095897581,-0.136027250808674,no
7210,OHIO,North Central,2025,39,0,0,0,0,0,0,0,0,-0.999871508870024,-0.0160301512775393,no
7211,OHIO,North Central,2025,40,0,0,0,0,0,0,0,0,-0.994556455798857,0.104199118176771,no
7212,OHIO,North Central,2025,41,0,0,0,0,0,0,0,0,-0.97483691633585,0.222919237727053,no
7213,OHIO,North Central,2025,42,0,0,0,0,0,0,0,0,-0.940998495019784,0.338410745057692,no
7214,OHIO,North Central,2025,43,0,0,0,0,0,0,0,0,-0.893531284772509,0.449000938899674,no
7215,OHIO,North Central,2025,44,0,0,0,0,0,0,0,0,-0.833122768722891,0.553088105310089,no
7216,OHIO,North Central,2025,45,0,0,0,0,0,0,0,0,-0.760647863163829,0.649164715818952,no
7217,OHIO,North Central,2025,46,0,0,0,0,0,0,0,0,-0.677156245853474,0.735839261457031,no
7218,OHIO,North Central,2025,47,0,0,0,0,0,0,0,0,-0.583857153188981,0.811856406435312,no
7219,OHIO,North Central,2025,48,0,0,0,0,0,0,0,0,-0.48210186644033,0.876115169583743,no
7220,OHIO,North Central,2025,49,0,0,0,0,0,0,0,0,-0.373364140701786,0.927684870221573,no
7221,OHIO,North Central,2025,50,0,0,0,0,0,0,0,0,-0.25921886001492,0.965818607510005,no
7222,OHIO,North Central,2025,51,0,0,0,0,0,0,0,0,-0.141319227808016,0.989964078061293,no
7223,OHIO,North Central,2025,52,0,0,0,0,0,0,0,0,-0.0213728230101764,0.999771575129327,no
7224,OHIO,North Central,2025,53,0,0,0,0,0,0,0,0,0.0988831313727152,0.995099053526797,no
7225,OKLAHOMA,South,2022,9,0,0,0,0,0,0,0,0,0.883730762405837,0.467995661921774,no
7226,OKLAHOMA,South,2022,10,0,0,0,0,0,0,0,0,0.933550754601395,0.358445237913918,no
7227,OKLAHOMA,South,2022,11,0,0,0,0,0,0,0,0,0.969849825925805,0.243703334305638,no
7228,OKLAHOMA,South,2022,12,0,0,0,0,0,0,0,0,0.992102245058455,0.125431795610095,no
7229,OKLAHOMA,South,2022,13,0,0,0,0,0,0,0,0,0.999985722936002,0.00534358719969101,no
7230,OKLAHOMA,South,2022,14,0,0,0,0,0,0,0,0,0.99338608057027,-0.1148220141316,no
7231,OKLAHOMA,South,2022,15,0,0,0,0,0,0,0,0,0.972398902739873,-0.233324610682822,no
7232,OKLAHOMA,South,2022,16,0,0,0,0,0,0,0,0,0.937328153604613,-0.348447890595089,no
7233,OKLAHOMA,South,2022,17,0,0,0,0,0,0,0,0,0.888681774293145,-0.458524485757508,no
7234,OKLAHOMA,South,2022,18,0,0,0,0,0,0,0,0,0.827164326225506,-0.561960120844802,no
7235,OKLAHOMA,South,2022,19,0,0,0,0,0,0,0,0,0.75366678671966,-0.657256703728203,no
7236,OKLAHOMA,South,2022,20,0,0,0,0,0,0,0,0,0.66925364467563,-0.743034022833669,no
7237,OKLAHOMA,South,2022,21,0,0,0,0,0,0,0,0,0.575147483234652,-0.818049737197468,no
7238,OKLAHOMA,South,2022,22,0,0,0,0,0,0,0,0,0.472711272707723,-0.881217369696629,no
7239,OKLAHOMA,South,2022,23,0,0,0,0,0,0,0,0,0.363428630230867,-0.93162204285242,no
7240,OKLAHOMA,South,2022,24,0,0,0,0,0,0,0,0,0.248882332052978,-0.968533729300055,no
7241,OKLAHOMA,South,2022,25,0,0,0,0,0,0,0,0,0.130731389669801,-0.991417825013754,no
7242,OKLAHOMA,South,2022,26,0,0,0,0,0,0,0,0,0.0106870218179092,-0.999942892151679,no
7243,OKLAHOMA,South,2022,27,0,0,0,0,0,0,0,0,-0.109512129665869,-0.99398545937858,no
7244,OKLAHOMA,South,2022,28,0,0,0,0,0,0,0,0,-0.228125181162749,-0.973631810141525,no
7245,OKLAHOMA,South,2022,29,0,0,0,0,0,0,0,0,-0.343434221058743,-0.939176732998521,no
7246,OKLAHOMA,South,2022,30,0,0,0,0,0,0,0,0,-0.453769190820369,-0.891119252099419,no
7247,OKLAHOMA,South,2022,31,0,0,0,0,0,0,0,0,-0.557532072998533,-0.830155399655967,no
7248,OKLAHOMA,South,2022,32,0,0,0,0,0,0,0,0,-0.653220035837834,-0.757168135079666,no
7249,OKLAHOMA,South,2022,33,0,0,0,0,0,0,0,0,-0.739447199280337,-0.673214556791863,no
7250,OKLAHOMA,South,2022,34,0,0,0,0,0,0,0,0,-0.814964707119669,-0.579510591921625,no
7251,OKLAHOMA,South,2022,35,0,0,0,0,0,0,0,0,-0.878678814593855,-0.477413385635487,no
7252,OKLAHOMA,South,2022,36,0,0,0,0,0,0,0,0,-0.929666729448389,-0.368401645160191,no
7253,OKLAHOMA,South,2022,37,0,0,0,0,0,0,0,0,-0.96718997703823,-0.254054223182352,no
7254,OKLAHOMA,South,2022,38,0,0,0,0,0,0,0,0,-0.990705095897581,-0.136027250808674,no
7255,OKLAHOMA,South,2022,39,0,0,0,0,0,0,0,0,-0.999871508870024,-0.0160301512775393,no
7256,OKLAHOMA,South,2022,40,0,0,0,0,0,0,0,0,-0.994556455798857,0.104199118176771,no
7257,OKLAHOMA,South,2022,41,0,0,0,0,0,0,0,0,-0.97483691633585,0.222919237727053,no
7258,OKLAHOMA,South,2022,42,0,0,0,0,0,0,0,0,-0.940998495019784,0.338410745057692,no
7259,OKLAHOMA,South,2022,43,0,0,0,0,0,0,0,0,-0.893531284772509,0.449000938899674,no
7260,OKLAHOMA,South,2022,44,0,0,0,0,0,0,0,0,-0.833122768722891,0.553088105310089,no
7261,OKLAHOMA,South,2022,45,0,0,0,0,0,0,0,0,-0.760647863163829,0.649164715818952,no
7262,OKLAHOMA,South,2022,46,0,0,0,0,0,0,0,0,-0.677156245853474,0.735839261457031,no
7263,OKLAHOMA,South,2022,47,0,0,0,0,0,0,0,0,-0.583857153188981,0.811856406435312,no
7264,OKLAHOMA,South,2022,48,0,0,0,0,0,0,0,0,-0.48210186644033,0.876115169583743,no
7265,OKLAHOMA,South,2022,49,0,0,0,0,0,0,0,0,-0.373364140701786,0.927684870221573,no
7266,OKLAHOMA,South,2022,50,0,0,0,0,0,0,0,0,-0.25921886001492,0.965818607510005,no
7267,OKLAHOMA,South,2022,51,0,0,0,0,0,0,0,0,-0.141319227808016,0.989964078061293,no
7268,OKLAHOMA,South,2022,52,0,0,0,0,0,0,0,0,-0.0213728230101764,0.999771575129327,no
7269,OKLAHOMA,South,2023,1,0,0,0,0,0,0,0,0,0.120128619954843,0.992758336488667,no
7270,OKLAHOMA,South,2023,2,0,0,0,0,0,0,0,0,0.238517377822098,0.97113822933549,no
7271,OKLAHOMA,South,2023,3,0,0,0,0,0,0,0,0,0.353451610505767,0.935452809622634,no
7272,OKLAHOMA,South,2023,4,0,0,0,0,0,0,0,0,0.463266687927793,0.886218920953741,no
7273,OKLAHOMA,South,2023,5,0,0,0,0,0,0,0,0,0.566372122409852,0.824149633839001,no
7274,OKLAHOMA,South,2023,6,0,0,0,0,0,0,0,0,0.661274604226529,0.750143918061759,no
7275,OKLAHOMA,South,2023,7,0,0,0,0,0,0,0,0,0.746599629698408,0.665273622605165,no
7276,OKLAHOMA,South,2023,8,0,0,0,0,0,0,0,0,0.821111408578364,0.570767951712827,no
7277,OKLAHOMA,South,2023,9,0,0,0,0,0,0,0,0,0.883730762405837,0.467995661921774,no
7278,OKLAHOMA,South,2023,10,0,0,0,0,0,0,0,0,0.933550754601395,0.358445237913918,no
7279,OKLAHOMA,South,2023,11,0,0,0,0,0,0,0,0,0.969849825925805,0.243703334305638,no
7280,OKLAHOMA,South,2023,12,0,0,0,0,0,0,0,0,0.992102245058455,0.125431795610095,no
7281,OKLAHOMA,South,2023,13,0,0,0,0,0,0,0,0,0.999985722936002,0.00534358719969101,no
7282,OKLAHOMA,South,2023,14,0,0,0,0,0,0,0,0,0.99338608057027,-0.1148220141316,no
7283,OKLAHOMA,South,2023,15,0,0,0,0,0,0,0,0,0.972398902739873,-0.233324610682822,no
7284,OKLAHOMA,South,2023,16,0,0,0,0,0,0,0,0,0.937328153604613,-0.348447890595089,no
7285,OKLAHOMA,South,2023,17,0,0,0,0,0,0,0,0,0.888681774293145,-0.458524485757508,no
7286,OKLAHOMA,South,2023,18,0,0,0,0,0,0,0,0,0.827164326225506,-0.561960120844802,no
7287,OKLAHOMA,South,2023,19,0,0,0,0,0,0,0,0,0.75366678671966,-0.657256703728203,no
7288,OKLAHOMA,South,2023,20,0,0,0,0,0,0,0,0,0.66925364467563,-0.743034022833669,no
7289,OKLAHOMA,South,2023,21,0,0,0,0,0,0,0,0,0.575147483234652,-0.818049737197468,no
7290,OKLAHOMA,South,2023,22,0,0,0,0,0,0,0,0,0.472711272707723,-0.881217369696629,no
7291,OKLAHOMA,South,2023,23,0,0,0,0,0,0,0,0,0.363428630230867,-0.93162204285242,no
7292,OKLAHOMA,South,2023,24,0,0,0,0,0,0,0,0,0.248882332052978,-0.968533729300055,no
7293,OKLAHOMA,South,2023,25,0,0,0,0,0,0,0,0,0.130731389669801,-0.991417825013754,no
7294,OKLAHOMA,South,2023,26,0,0,0,0,0,0,0,0,0.0106870218179092,-0.999942892151679,no
7295,OKLAHOMA,South,2023,27,0,0,0,0,0,0,0,0,-0.109512129665869,-0.99398545937858,no
7296,OKLAHOMA,South,2023,28,0,0,0,0,0,0,0,0,-0.228125181162749,-0.973631810141525,no
7297,OKLAHOMA,South,2023,29,0,0,0,0,0,0,0,0,-0.343434221058743,-0.939176732998521,no
7298,OKLAHOMA,South,2023,30,0,0,0,0,0,0,0,0,-0.453769190820369,-0.891119252099419,no
7299,OKLAHOMA,South,2023,31,0,0,0,0,0,0,0,0,-0.557532072998533,-0.830155399655967,no
7300,OKLAHOMA,South,2023,32,0,0,0,0,0,0,0,0,-0.653220035837834,-0.757168135079666,no
7301,OKLAHOMA,South,2023,33,0,0,0,0,0,0,0,0,-0.739447199280337,-0.673214556791863,no
7302,OKLAHOMA,South,2023,34,0,0,0,0,0,0,0,0,-0.814964707119669,-0.579510591921625,no
7303,OKLAHOMA,South,2023,35,0,0,0,0,0,0,0,0,-0.878678814593855,-0.477413385635487,no
7304,OKLAHOMA,South,2023,36,0,0,0,0,0,0,0,0,-0.929666729448389,-0.368401645160191,no
7305,OKLAHOMA,South,2023,37,0,0,0,0,0,0,0,0,-0.96718997703823,-0.254054223182352,no
7306,OKLAHOMA,South,2023,38,0,0,0,0,0,0,0,0,-0.990705095897581,-0.136027250808674,no
7307,OKLAHOMA,South,2023,39,0,0,0,0,0,0,0,0,-0.999871508870024,-0.0160301512775393,no
7308,OKLAHOMA,South,2023,40,0,0,0,0,0,0,0,0,-0.994556455798857,0.104199118176771,no
7309,OKLAHOMA,South,2023,41,0,0,0,0,0,0,0,0,-0.97483691633585,0.222919237727053,no
7310,OKLAHOMA,South,2023,42,0,0,0,0,0,0,0,0,-0.940998495019784,0.338410745057692,no
7311,OKLAHOMA,South,2023,43,0,0,0,0,0,0,0,0,-0.893531284772509,0.449000938899674,no
7312,OKLAHOMA,South,2023,44,0,0,0,0,0,0,0,0,-0.833122768722891,0.553088105310089,no
7313,OKLAHOMA,South,2023,45,0,0,0,0,0,0,0,0,-0.760647863163829,0.649164715818952,no
7314,OKLAHOMA,South,2023,46,0,0,0,0,0,0,0,0,-0.677156245853474,0.735839261457031,no
7315,OKLAHOMA,South,2023,47,0,0,0,0,0,0,0,0,-0.583857153188981,0.811856406435312,no
7316,OKLAHOMA,South,2023,48,0,0,0,0,0,0,0,0,-0.48210186644033,0.876115169583743,no
7317,OKLAHOMA,South,2023,49,0,0,0,0,0,0,0,0,-0.373364140701786,0.927684870221573,no
7318,OKLAHOMA,South,2023,50,0,0,0,0,0,0,0,0,-0.25921886001492,0.965818607510005,no
7319,OKLAHOMA,South,2023,51,0,0,0,0,0,0,0,0,-0.141319227808016,0.989964078061293,no
7320,OKLAHOMA,South,2023,52,0,0,0,0,0,0,0,0,-0.0213728230101764,0.999771575129327,no
7321,OKLAHOMA,South,2024,1,0,0,0,0,0,0,0,0,0.120128619954843,0.992758336488667,no
7322,OKLAHOMA,South,2024,2,0,0,0,0,0,0,0,0,0.238517377822098,0.97113822933549,no
7323,OKLAHOMA,South,2024,3,0,0,0,0,0,0,0,0,0.353451610505767,0.935452809622634,no
7324,OKLAHOMA,South,2024,4,0,0,0,0,0,0,0,0,0.463266687927793,0.886218920953741,no
7325,OKLAHOMA,South,2024,5,0,0,0,0,0,0,0,0,0.566372122409852,0.824149633839001,no
7326,OKLAHOMA,South,2024,6,0,0,0,0,0,0,0,0,0.661274604226529,0.750143918061759,no
7327,OKLAHOMA,South,2024,7,0,0,0,0,0,0,0,0,0.746599629698408,0.665273622605165,no
7328,OKLAHOMA,South,2024,8,0,0,0,0,0,0,0,0,0.821111408578364,0.570767951712827,no
7329,OKLAHOMA,South,2024,9,0,0,0,0,0,0,0,0,0.883730762405837,0.467995661921774,no
7330,OKLAHOMA,South,2024,10,0,0,0,0,0,0,0,0,0.933550754601395,0.358445237913918,no
7331,OKLAHOMA,South,2024,11,0,0,0,0,0,0,0,0,0.969849825925805,0.243703334305638,no
7332,OKLAHOMA,South,2024,12,0,0,0,0,0,0,0,0,0.992102245058455,0.125431795610095,no
7333,OKLAHOMA,South,2024,13,0,0,0,0,0,0,0,0,0.999985722936002,0.00534358719969101,no
7334,OKLAHOMA,South,2024,14,0,0,0,0,0,0,0,0,0.99338608057027,-0.1148220141316,no
7335,OKLAHOMA,South,2024,15,0,0,0,0,0,0,0,0,0.972398902739873,-0.233324610682822,no
7336,OKLAHOMA,South,2024,16,0,0,0,0,0,0,0,0,0.937328153604613,-0.348447890595089,no
7337,OKLAHOMA,South,2024,17,0,0,0,0,0,0,0,0,0.888681774293145,-0.458524485757508,no
7338,OKLAHOMA,South,2024,18,0,0,0,0,0,0,0,0,0.827164326225506,-0.561960120844802,no
7339,OKLAHOMA,South,2024,19,0,0,0,0,0,0,0,0,0.75366678671966,-0.657256703728203,no
7340,OKLAHOMA,South,2024,20,0,0,0,0,0,0,0,0,0.66925364467563,-0.743034022833669,no
7341,OKLAHOMA,South,2024,21,0,0,0,0,0,0,0,0,0.575147483234652,-0.818049737197468,no
7342,OKLAHOMA,South,2024,22,0,0,0,0,0,0,0,0,0.472711272707723,-0.881217369696629,no
7343,OKLAHOMA,South,2024,23,0,0,0,0,0,0,0,0,0.363428630230867,-0.93162204285242,no
7344,OKLAHOMA,South,2024,24,0,0,0,0,0,0,0,0,0.248882332052978,-0.968533729300055,no
7345,OKLAHOMA,South,2024,25,0,0,0,0,0,0,0,0,0.130731389669801,-0.991417825013754,no
7346,OKLAHOMA,South,2024,26,0,0,0,0,0,0,0,0,0.0106870218179092,-0.999942892151679,no
7347,OKLAHOMA,South,2024,27,0,0,0,0,0,0,0,0,-0.109512129665869,-0.99398545937858,no
7348,OKLAHOMA,South,2024,28,0,0,0,0,0,0,0,0,-0.228125181162749,-0.973631810141525,no
7349,OKLAHOMA,South,2024,29,0,0,0,0,0,0,0,0,-0.343434221058743,-0.939176732998521,no
7350,OKLAHOMA,South,2024,30,0,0,0,0,0,0,0,0,-0.453769190820369,-0.891119252099419,no
7351,OKLAHOMA,South,2024,31,0,0,0,0,0,0,0,0,-0.557532072998533,-0.830155399655967,no
7352,OKLAHOMA,South,2024,32,0,0,0,0,0,0,0,0,-0.653220035837834,-0.757168135079666,no
7353,OKLAHOMA,South,2024,33,0,0,0,0,0,0,0,0,-0.739447199280337,-0.673214556791863,no
7354,OKLAHOMA,South,2024,34,0,0,0,0,0,0,0,0,-0.814964707119669,-0.579510591921625,no
7355,OKLAHOMA,South,2024,35,0,0,0,0,0,0,0,0,-0.878678814593855,-0.477413385635487,no
7356,OKLAHOMA,South,2024,36,0,0,0,0,0,0,0,0,-0.929666729448389,-0.368401645160191,no
7357,OKLAHOMA,South,2024,37,0,0,0,0,0,0,0,0,-0.96718997703823,-0.254054223182352,no
7358,OKLAHOMA,South,2024,38,0,0,0,0,0,0,0,0,-0.990705095897581,-0.136027250808674,no
7359,OKLAHOMA,South,2024,39,0,0,0,0,0,0,0,0,-0.999871508870024,-0.0160301512775393,no
7360,OKLAHOMA,South,2024,40,0,0,0,0,0,0,0,0,-0.994556455798857,0.104199118176771,no
7361,OKLAHOMA,South,2024,41,0,0,0,0,0,0,0,0,-0.97483691633585,0.222919237727053,no
7362,OKLAHOMA,South,2024,42,0,0,0,0,0,0,0,0,-0.940998495019784,0.338410745057692,no
7363,OKLAHOMA,South,2024,43,0,0,0,0,0,0,0,0,-0.893531284772509,0.449000938899674,no
7364,OKLAHOMA,South,2024,44,0,0,0,0,0,0,0,0,-0.833122768722891,0.553088105310089,no
7365,OKLAHOMA,South,2024,45,0,0,0,0,0,0,0,0,-0.760647863163829,0.649164715818952,no
7366,OKLAHOMA,South,2024,46,0,0,0,0,0,0,0,0,-0.677156245853474,0.735839261457031,no
7367,OKLAHOMA,South,2024,47,0,0,0,0,0,0,0,0,-0.583857153188981,0.811856406435312,no
7368,OKLAHOMA,South,2024,48,0,0,0,0,0,0,0,0,-0.48210186644033,0.876115169583743,no
7369,OKLAHOMA,South,2024,49,0,0,0,0,0,0,0,0,-0.373364140701786,0.927684870221573,no
7370,OKLAHOMA,South,2024,50,0,0,0,0,0,0,0,0,-0.25921886001492,0.965818607510005,no
7371,OKLAHOMA,South,2024,51,0,0,0,0,0,0,0,0,-0.141319227808016,0.989964078061293,no
7372,OKLAHOMA,South,2024,52,0,0,0,0,0,0,0,0,-0.0213728230101764,0.999771575129327,no
7373,OKLAHOMA,South,2025,1,0,0,0,0,0,0,0,0,0.120128619954843,0.992758336488667,no
7374,OKLAHOMA,South,2025,2,0,0,0,0,0,0,0,0,0.238517377822098,0.97113822933549,no
7375,OKLAHOMA,South,2025,3,0,0,0,0,0,0,0,0,0.353451610505767,0.935452809622634,no
7376,OKLAHOMA,South,2025,4,0,0,0,0,0,0,0,0,0.463266687927793,0.886218920953741,no
7377,OKLAHOMA,South,2025,5,0,0,0,0,0,0,0,0,0.566372122409852,0.824149633839001,no
7378,OKLAHOMA,South,2025,6,0,0,0,0,0,0,0,0,0.661274604226529,0.750143918061759,no
7379,OKLAHOMA,South,2025,7,0,0,0,0,0,0,0,0,0.746599629698408,0.665273622605165,no
7380,OKLAHOMA,South,2025,8,0,0,0,0,0,0,0,0,0.821111408578364,0.570767951712827,no
7381,OKLAHOMA,South,2025,9,0,0,0,0,0,0,0,0,0.883730762405837,0.467995661921774,no
7382,OKLAHOMA,South,2025,10,0,0,0,0,0,0,0,0,0.933550754601395,0.358445237913918,no
7383,OKLAHOMA,South,2025,11,0,0,0,0,0,0,0,0,0.969849825925805,0.243703334305638,no
7384,OKLAHOMA,South,2025,12,0,0,0,0,0,0,0,0,0.992102245058455,0.125431795610095,no
7385,OKLAHOMA,South,2025,13,0,0,0,0,0,0,0,0,0.999985722936002,0.00534358719969101,no
7386,OKLAHOMA,South,2025,14,0,0,0,0,0,0,0,0,0.99338608057027,-0.1148220141316,no
7387,OKLAHOMA,South,2025,15,0,0,0,0,0,0,0,0,0.972398902739873,-0.233324610682822,no
7388,OKLAHOMA,South,2025,16,0,0,0,0,0,0,0,0,0.937328153604613,-0.348447890595089,no
7389,OKLAHOMA,South,2025,17,0,0,0,0,0,0,0,0,0.888681774293145,-0.458524485757508,no
7390,OKLAHOMA,South,2025,18,0,0,0,0,0,0,0,0,0.827164326225506,-0.561960120844802,no
7391,OKLAHOMA,South,2025,19,0,0,0,0,0,0,0,0,0.75366678671966,-0.657256703728203,no
7392,OKLAHOMA,South,2025,20,0,0,0,0,0,0,0,0,0.66925364467563,-0.743034022833669,no
7393,OKLAHOMA,South,2025,21,0,0,0,0,0,0,0,0,0.575147483234652,-0.818049737197468,no
7394,OKLAHOMA,South,2025,22,0,0,0,0,0,0,0,0,0.472711272707723,-0.881217369696629,no
7395,OKLAHOMA,South,2025,23,0,0,0,0,0,0,0,0,0.363428630230867,-0.93162204285242,no
7396,OKLAHOMA,South,2025,24,0,0,0,0,0,0,0,0,0.248882332052978,-0.968533729300055,no
7397,OKLAHOMA,South,2025,25,0,0,0,0,0,0,0,0,0.130731389669801,-0.991417825013754,no
7398,OKLAHOMA,South,2025,26,0,0,0,0,0,0,0,0,0.0106870218179092,-0.999942892151679,no
7399,OKLAHOMA,South,2025,27,0,0,0,0,0,0,0,0,-0.109512129665869,-0.99398545937858,no
7400,OKLAHOMA,South,2025,28,0,0,0,0,0,0,0,0,-0.228125181162749,-0.973631810141525,no
7401,OKLAHOMA,South,2025,29,0,0,0,0,0,0,0,0,-0.343434221058743,-0.939176732998521,no
7402,OKLAHOMA,South,2025,30,0,0,0,0,0,0,0,0,-0.453769190820369,-0.891119252099419,no
7403,OKLAHOMA,South,2025,31,0,0,0,0,0,0,0,0,-0.557532072998533,-0.830155399655967,no
7404,OKLAHOMA,South,2025,32,0,0,0,0,0,0,0,0,-0.653220035837834,-0.757168135079666,no
7405,OKLAHOMA,South,2025,33,0,0,0,0,0,0,0,0,-0.739447199280337,-0.673214556791863,no
7406,OKLAHOMA,South,2025,34,0,0,0,0,0,0,0,0,-0.814964707119669,-0.579510591921625,no
7407,OKLAHOMA,South,2025,35,0,0,0,0,0,0,0,0,-0.878678814593855,-0.477413385635487,no
7408,OKLAHOMA,South,2025,36,0,0,0,0,0,0,0,0,-0.929666729448389,-0.368401645160191,no
7409,OKLAHOMA,South,2025,37,0,0,0,0,0,0,0,0,-0.96718997703823,-0.254054223182352,no
7410,OKLAHOMA,South,2025,38,0,0,0,0,0,0,0,0,-0.990705095897581,-0.136027250808674,no
7411,OKLAHOMA,South,2025,39,0,0,0,0,0,0,0,0,-0.999871508870024,-0.0160301512775393,no
7412,OKLAHOMA,South,2025,40,0,0,0,0,0,0,0,0,-0.994556455798857,0.104199118176771,no
7413,OKLAHOMA,South,2025,41,0,0,0,0,0,0,0,0,-0.97483691633585,0.222919237727053,no
7414,OKLAHOMA,South,2025,42,0,0,0,0,0,0,0,0,-0.940998495019784,0.338410745057692,no
7415,OKLAHOMA,South,2025,43,0,0,0,0,0,0,0,0,-0.893531284772509,0.449000938899674,no
7416,OKLAHOMA,South,2025,44,0,0,0,0,0,0,0,0,-0.833122768722891,0.553088105310089,no
7417,OKLAHOMA,South,2025,45,0,0,0,0,0,0,0,0,-0.760647863163829,0.649164715818952,no
7418,OKLAHOMA,South,2025,46,0,0,0,0,0,0,0,0,-0.677156245853474,0.735839261457031,no
7419,OKLAHOMA,South,2025,47,0,0,0,0,0,0,0,0,-0.583857153188981,0.811856406435312,no
7420,OKLAHOMA,South,2025,48,0,0,0,0,0,0,0,0,-0.48210186644033,0.876115169583743,no
7421,OKLAHOMA,South,2025,49,0,0,0,0,0,0,0,0,-0.373364140701786,0.927684870221573,no
7422,OKLAHOMA,South,2025,50,0,0,0,0,0,0,0,0,-0.25921886001492,0.965818607510005,no
7423,OKLAHOMA,South,2025,51,0,0,0,0,0,0,0,0,-0.141319227808016,0.989964078061293,no
7424,OKLAHOMA,South,2025,52,0,0,0,0,0,0,0,0,-0.0213728230101764,0.999771575129327,no
7425,OKLAHOMA,South,2025,53,0,0,0,0,0,0,0,0,0.0988831313727152,0.995099053526797,no
7426,OREGON,West,2022,9,0,0,0,0,0,0,0,0,0.883730762405837,0.467995661921774,no
7427,OREGON,West,2022,10,0,0,0,0,0,0,0,0,0.933550754601395,0.358445237913918,no
7428,OREGON,West,2022,11,0,0,0,0,0,0,0,0,0.969849825925805,0.243703334305638,no
7429,OREGON,West,2022,12,0,0,0,0,0,0,0,0,0.992102245058455,0.125431795610095,no
7430,OREGON,West,2022,13,0,0,0,0,0,0,0,0,0.999985722936002,0.00534358719969101,no
7431,OREGON,West,2022,14,0,0,0,0,0,0,0,0,0.99338608057027,-0.1148220141316,no
7432,OREGON,West,2022,15,0,0,0,0,0,0,0,0,0.972398902739873,-0.233324610682822,no
7433,OREGON,West,2022,16,0,0,0,0,0,0,0,1,0.937328153604613,-0.348447890595089,yes
7434,OREGON,West,2022,17,0,0,0,0,0,0,0,1,0.888681774293145,-0.458524485757508,yes
7435,OREGON,West,2022,18,0,0,0,0,0,0,0,1,0.827164326225506,-0.561960120844802,yes
7436,OREGON,West,2022,19,0,0,0,0,0,0,0,1,0.75366678671966,-0.657256703728203,yes
7437,OREGON,West,2022,20,1,0,0,0,0,0,0,0,0.66925364467563,-0.743034022833669,no
7438,OREGON,West,2022,21,0,1,0,0,1,1,1,0,0.575147483234652,-0.818049737197468,no
7439,OREGON,West,2022,22,0,0,1,0,1,1,1,0,0.472711272707723,-0.881217369696629,no
7440,OREGON,West,2022,23,0,0,0,0,1,1,1,0,0.363428630230867,-0.93162204285242,no
7441,OREGON,West,2022,24,0,0,0,1,1,1,1,0,0.248882332052978,-0.968533729300055,no
7442,OREGON,West,2022,25,0,0,0,0,0,1,1,0,0.130731389669801,-0.991417825013754,no
7443,OREGON,West,2022,26,0,0,0,0,0,1,1,0,0.0106870218179092,-0.999942892151679,no
7444,OREGON,West,2022,27,0,0,0,0,0,1,1,0,-0.109512129665869,-0.99398545937858,no
7445,OREGON,West,2022,28,0,0,0,0,0,1,1,0,-0.228125181162749,-0.973631810141525,no
7446,OREGON,West,2022,29,0,0,0,0,0,0,0,0,-0.343434221058743,-0.939176732998521,no
7447,OREGON,West,2022,30,0,0,0,0,0,0,0,0,-0.453769190820369,-0.891119252099419,no
7448,OREGON,West,2022,31,0,0,0,0,0,0,0,0,-0.557532072998533,-0.830155399655967,no
7449,OREGON,West,2022,32,0,0,0,0,0,0,0,0,-0.653220035837834,-0.757168135079666,no
7450,OREGON,West,2022,33,0,0,0,0,0,0,0,0,-0.739447199280337,-0.673214556791863,no
7451,OREGON,West,2022,34,0,0,0,0,0,0,0,0,-0.814964707119669,-0.579510591921625,no
7452,OREGON,West,2022,35,0,0,0,0,0,0,0,0,-0.878678814593855,-0.477413385635487,no
7453,OREGON,West,2022,36,0,0,0,0,0,0,0,0,-0.929666729448389,-0.368401645160191,no
7454,OREGON,West,2022,37,0,0,0,0,0,0,0,0,-0.96718997703823,-0.254054223182352,no
7455,OREGON,West,2022,38,0,0,0,0,0,0,0,0,-0.990705095897581,-0.136027250808674,no
7456,OREGON,West,2022,39,0,0,0,0,0,0,0,0,-0.999871508870024,-0.0160301512775393,no
7457,OREGON,West,2022,40,0,0,0,0,0,0,0,0,-0.994556455798857,0.104199118176771,no
7458,OREGON,West,2022,41,0,0,0,0,0,0,0,0,-0.97483691633585,0.222919237727053,no
7459,OREGON,West,2022,42,0,0,0,0,0,0,0,0,-0.940998495019784,0.338410745057692,no
7460,OREGON,West,2022,43,0,0,0,0,0,0,0,0,-0.893531284772509,0.449000938899674,no
7461,OREGON,West,2022,44,0,0,0,0,0,0,0,0,-0.833122768722891,0.553088105310089,no
7462,OREGON,West,2022,45,0,0,0,0,0,0,0,0,-0.760647863163829,0.649164715818952,no
7463,OREGON,West,2022,46,0,0,0,0,0,0,0,0,-0.677156245853474,0.735839261457031,no
7464,OREGON,West,2022,47,0,0,0,0,0,0,0,0,-0.583857153188981,0.811856406435312,no
7465,OREGON,West,2022,48,0,0,0,0,0,0,0,0,-0.48210186644033,0.876115169583743,no
7466,OREGON,West,2022,49,0,0,0,0,0,0,0,0,-0.373364140701786,0.927684870221573,no
7467,OREGON,West,2022,50,0,0,0,0,0,0,0,0,-0.25921886001492,0.965818607510005,no
7468,OREGON,West,2022,51,0,0,0,0,0,0,0,0,-0.141319227808016,0.989964078061293,no
7469,OREGON,West,2022,52,0,0,0,0,0,0,0,0,-0.0213728230101764,0.999771575129327,no
7470,OREGON,West,2023,1,0,0,0,0,0,0,0,0,0.120128619954843,0.992758336488667,no
7471,OREGON,West,2023,2,0,0,0,0,0,0,0,0,0.238517377822098,0.97113822933549,no
7472,OREGON,West,2023,3,0,0,0,0,0,0,0,0,0.353451610505767,0.935452809622634,no
7473,OREGON,West,2023,4,0,0,0,0,0,0,0,0,0.463266687927793,0.886218920953741,no
7474,OREGON,West,2023,5,0,0,0,0,0,0,0,0,0.566372122409852,0.824149633839001,no
7475,OREGON,West,2023,6,0,0,0,0,0,0,0,0,0.661274604226529,0.750143918061759,no
7476,OREGON,West,2023,7,0,0,0,0,0,0,0,0,0.746599629698408,0.665273622605165,no
7477,OREGON,West,2023,8,0,0,0,0,0,0,0,0,0.821111408578364,0.570767951712827,no
7478,OREGON,West,2023,9,0,0,0,0,0,0,0,0,0.883730762405837,0.467995661921774,no
7479,OREGON,West,2023,10,0,0,0,0,0,0,0,0,0.933550754601395,0.358445237913918,no
7480,OREGON,West,2023,11,0,0,0,0,0,0,0,0,0.969849825925805,0.243703334305638,no
7481,OREGON,West,2023,12,0,0,0,0,0,0,0,1,0.992102245058455,0.125431795610095,yes
7482,OREGON,West,2023,13,0,0,0,0,0,0,0,1,0.999985722936002,0.00534358719969101,yes
7483,OREGON,West,2023,14,0,0,0,0,0,0,0,1,0.99338608057027,-0.1148220141316,yes
7484,OREGON,West,2023,15,0,0,0,0,0,0,0,1,0.972398902739873,-0.233324610682822,yes
7485,OREGON,West,2023,16,1,0,0,0,0,0,0,1,0.937328153604613,-0.348447890595089,yes
7486,OREGON,West,2023,17,0,1,0,0,1,1,1,1,0.888681774293145,-0.458524485757508,yes
7487,OREGON,West,2023,18,0,0,1,0,1,1,1,1,0.827164326225506,-0.561960120844802,yes
7488,OREGON,West,2023,19,0,0,0,0,1,1,1,1,0.75366678671966,-0.657256703728203,yes
7489,OREGON,West,2023,20,1,0,0,1,1,1,1,0,0.66925364467563,-0.743034022833669,no
7490,OREGON,West,2023,21,0,1,0,0,1,2,2,1,0.575147483234652,-0.818049737197468,yes
7491,OREGON,West,2023,22,0,0,1,0,1,2,2,1,0.472711272707723,-0.881217369696629,yes
7492,OREGON,West,2023,23,0,0,0,0,1,2,2,1,0.363428630230867,-0.93162204285242,yes
7493,OREGON,West,2023,24,0,0,0,1,1,2,2,1,0.248882332052978,-0.968533729300055,yes
7494,OREGON,West,2023,25,1,0,0,0,0,1,1,0,0.130731389669801,-0.991417825013754,no
7495,OREGON,West,2023,26,0,1,0,0,1,2,2,0,0.0106870218179092,-0.999942892151679,no
7496,OREGON,West,2023,27,0,0,1,0,1,2,2,3,-0.109512129665869,-0.99398545937858,yes
7497,OREGON,West,2023,28,0,0,0,0,1,2,2,3,-0.228125181162749,-0.973631810141525,yes
7498,OREGON,West,2023,29,0,0,0,1,1,1,1,3,-0.343434221058743,-0.939176732998521,yes
7499,OREGON,West,2023,30,0,0,0,0,0,1,1,4,-0.453769190820369,-0.891119252099419,yes
7500,OREGON,West,2023,31,3,0,0,0,0,1,1,2,-0.557532072998533,-0.830155399655967,yes
7501,OREGON,West,2023,32,0,3,0,0,3,4,2,2,-0.653220035837834,-0.757168135079666,yes
7502,OREGON,West,2023,33,0,0,3,0,3,4,2,2,-0.739447199280337,-0.673214556791863,yes
7503,OREGON,West,2023,34,1,0,0,0,3,3,1,1,-0.814964707119669,-0.579510591921625,yes
7504,OREGON,West,2023,35,1,1,0,3,4,4,2,0,-0.878678814593855,-0.477413385635487,no
7505,OREGON,West,2023,36,0,1,1,0,2,5,3,0,-0.929666729448389,-0.368401645160191,no
7506,OREGON,West,2023,37,0,0,1,0,2,5,3,0,-0.96718997703823,-0.254054223182352,no
7507,OREGON,West,2023,38,0,0,0,1,2,5,3,0,-0.990705095897581,-0.136027250808674,no
7508,OREGON,West,2023,39,0,0,0,1,1,5,3,0,-0.999871508870024,-0.0160301512775393,no
7509,OREGON,West,2023,40,0,0,0,0,0,2,2,0,-0.994556455798857,0.104199118176771,no
7510,OREGON,West,2023,41,0,0,0,0,0,2,2,0,-0.97483691633585,0.222919237727053,no
7511,OREGON,West,2023,42,0,0,0,0,0,2,2,0,-0.940998495019784,0.338410745057692,no
7512,OREGON,West,2023,43,0,0,0,0,0,1,1,0,-0.893531284772509,0.449000938899674,no
7513,OREGON,West,2023,44,0,0,0,0,0,0,0,0,-0.833122768722891,0.553088105310089,no
7514,OREGON,West,2023,45,0,0,0,0,0,0,0,0,-0.760647863163829,0.649164715818952,no
7515,OREGON,West,2023,46,0,0,0,0,0,0,0,0,-0.677156245853474,0.735839261457031,no
7516,OREGON,West,2023,47,0,0,0,0,0,0,0,0,-0.583857153188981,0.811856406435312,no
7517,OREGON,West,2023,48,0,0,0,0,0,0,0,0,-0.48210186644033,0.876115169583743,no
7518,OREGON,West,2023,49,0,0,0,0,0,0,0,0,-0.373364140701786,0.927684870221573,no
7519,OREGON,West,2023,50,0,0,0,0,0,0,0,0,-0.25921886001492,0.965818607510005,no
7520,OREGON,West,2023,51,0,0,0,0,0,0,0,0,-0.141319227808016,0.989964078061293,no
7521,OREGON,West,2023,52,0,0,0,0,0,0,0,0,-0.0213728230101764,0.999771575129327,no
7522,OREGON,West,2024,1,0,0,0,0,0,0,0,0,0.120128619954843,0.992758336488667,no
7523,OREGON,West,2024,2,0,0,0,0,0,0,0,0,0.238517377822098,0.97113822933549,no
7524,OREGON,West,2024,3,0,0,0,0,0,0,0,0,0.353451610505767,0.935452809622634,no
7525,OREGON,West,2024,4,0,0,0,0,0,0,0,0,0.463266687927793,0.886218920953741,no
7526,OREGON,West,2024,5,0,0,0,0,0,0,0,0,0.566372122409852,0.824149633839001,no
7527,OREGON,West,2024,6,0,0,0,0,0,0,0,0,0.661274604226529,0.750143918061759,no
7528,OREGON,West,2024,7,0,0,0,0,0,0,0,0,0.746599629698408,0.665273622605165,no
7529,OREGON,West,2024,8,0,0,0,0,0,0,0,0,0.821111408578364,0.570767951712827,no
7530,OREGON,West,2024,9,0,0,0,0,0,0,0,0,0.883730762405837,0.467995661921774,no
7531,OREGON,West,2024,10,0,0,0,0,0,0,0,0,0.933550754601395,0.358445237913918,no
7532,OREGON,West,2024,11,0,0,0,0,0,0,0,0,0.969849825925805,0.243703334305638,no
7533,OREGON,West,2024,12,0,0,0,0,0,0,0,0,0.992102245058455,0.125431795610095,no
7534,OREGON,West,2024,13,0,0,0,0,0,0,0,0,0.999985722936002,0.00534358719969101,no
7535,OREGON,West,2024,14,0,0,0,0,0,0,0,0,0.99338608057027,-0.1148220141316,no
7536,OREGON,West,2024,15,0,0,0,0,0,0,0,0,0.972398902739873,-0.233324610682822,no
7537,OREGON,West,2024,16,0,0,0,0,0,0,0,0,0.937328153604613,-0.348447890595089,no
7538,OREGON,West,2024,17,0,0,0,0,0,0,0,0,0.888681774293145,-0.458524485757508,no
7539,OREGON,West,2024,18,0,0,0,0,0,0,0,0,0.827164326225506,-0.561960120844802,no
7540,OREGON,West,2024,19,0,0,0,0,0,0,0,0,0.75366678671966,-0.657256703728203,no
7541,OREGON,West,2024,20,0,0,0,0,0,0,0,0,0.66925364467563,-0.743034022833669,no
7542,OREGON,West,2024,21,0,0,0,0,0,0,0,0,0.575147483234652,-0.818049737197468,no
7543,OREGON,West,2024,22,0,0,0,0,0,0,0,0,0.472711272707723,-0.881217369696629,no
7544,OREGON,West,2024,23,0,0,0,0,0,0,0,0,0.363428630230867,-0.93162204285242,no
7545,OREGON,West,2024,24,0,0,0,0,0,0,0,0,0.248882332052978,-0.968533729300055,no
7546,OREGON,West,2024,25,0,0,0,0,0,0,0,0,0.130731389669801,-0.991417825013754,no
7547,OREGON,West,2024,26,0,0,0,0,0,0,0,0,0.0106870218179092,-0.999942892151679,no
7548,OREGON,West,2024,27,0,0,0,0,0,0,0,0,-0.109512129665869,-0.99398545937858,no
7549,OREGON,West,2024,28,0,0,0,0,0,0,0,0,-0.228125181162749,-0.973631810141525,no
7550,OREGON,West,2024,29,0,0,0,0,0,0,0,0,-0.343434221058743,-0.939176732998521,no
7551,OREGON,West,2024,30,0,0,0,0,0,0,0,0,-0.453769190820369,-0.891119252099419,no
7552,OREGON,West,2024,31,0,0,0,0,0,0,0,0,-0.557532072998533,-0.830155399655967,no
7553,OREGON,West,2024,32,0,0,0,0,0,0,0,0,-0.653220035837834,-0.757168135079666,no
7554,OREGON,West,2024,33,0,0,0,0,0,0,0,0,-0.739447199280337,-0.673214556791863,no
7555,OREGON,West,2024,34,0,0,0,0,0,0,0,0,-0.814964707119669,-0.579510591921625,no
7556,OREGON,West,2024,35,0,0,0,0,0,0,0,0,-0.878678814593855,-0.477413385635487,no
7557,OREGON,West,2024,36,0,0,0,0,0,0,0,0,-0.929666729448389,-0.368401645160191,no
7558,OREGON,West,2024,37,0,0,0,0,0,0,0,0,-0.96718997703823,-0.254054223182352,no
7559,OREGON,West,2024,38,0,0,0,0,0,0,0,0,-0.990705095897581,-0.136027250808674,no
7560,OREGON,West,2024,39,0,0,0,0,0,0,0,0,-0.999871508870024,-0.0160301512775393,no
7561,OREGON,West,2024,40,0,0,0,0,0,0,0,0,-0.994556455798857,0.104199118176771,no
7562,OREGON,West,2024,41,0,0,0,0,0,0,0,0,-0.97483691633585,0.222919237727053,no
7563,OREGON,West,2024,42,0,0,0,0,0,0,0,0,-0.940998495019784,0.338410745057692,no
7564,OREGON,West,2024,43,0,0,0,0,0,0,0,0,-0.893531284772509,0.449000938899674,no
7565,OREGON,West,2024,44,0,0,0,0,0,0,0,0,-0.833122768722891,0.553088105310089,no
7566,OREGON,West,2024,45,0,0,0,0,0,0,0,0,-0.760647863163829,0.649164715818952,no
7567,OREGON,West,2024,46,0,0,0,0,0,0,0,0,-0.677156245853474,0.735839261457031,no
7568,OREGON,West,2024,47,0,0,0,0,0,0,0,0,-0.583857153188981,0.811856406435312,no
7569,OREGON,West,2024,48,0,0,0,0,0,0,0,0,-0.48210186644033,0.876115169583743,no
7570,OREGON,West,2024,49,0,0,0,0,0,0,0,0,-0.373364140701786,0.927684870221573,no
7571,OREGON,West,2024,50,0,0,0,0,0,0,0,0,-0.25921886001492,0.965818607510005,no
7572,OREGON,West,2024,51,0,0,0,0,0,0,0,0,-0.141319227808016,0.989964078061293,no
7573,OREGON,West,2024,52,0,0,0,0,0,0,0,0,-0.0213728230101764,0.999771575129327,no
7574,OREGON,West,2025,1,0,0,0,0,0,0,0,0,0.120128619954843,0.992758336488667,no
7575,OREGON,West,2025,2,0,0,0,0,0,0,0,0,0.238517377822098,0.97113822933549,no
7576,OREGON,West,2025,3,0,0,0,0,0,0,0,0,0.353451610505767,0.935452809622634,no
7577,OREGON,West,2025,4,0,0,0,0,0,0,0,0,0.463266687927793,0.886218920953741,no
7578,OREGON,West,2025,5,0,0,0,0,0,0,0,0,0.566372122409852,0.824149633839001,no
7579,OREGON,West,2025,6,0,0,0,0,0,0,0,0,0.661274604226529,0.750143918061759,no
7580,OREGON,West,2025,7,0,0,0,0,0,0,0,0,0.746599629698408,0.665273622605165,no
7581,OREGON,West,2025,8,0,0,0,0,0,0,0,0,0.821111408578364,0.570767951712827,no
7582,OREGON,West,2025,9,0,0,0,0,0,0,0,0,0.883730762405837,0.467995661921774,no
7583,OREGON,West,2025,10,0,0,0,0,0,0,0,0,0.933550754601395,0.358445237913918,no
7584,OREGON,West,2025,11,0,0,0,0,0,0,0,0,0.969849825925805,0.243703334305638,no
7585,OREGON,West,2025,12,0,0,0,0,0,0,0,0,0.992102245058455,0.125431795610095,no
7586,OREGON,West,2025,13,0,0,0,0,0,0,0,0,0.999985722936002,0.00534358719969101,no
7587,OREGON,West,2025,14,0,0,0,0,0,0,0,0,0.99338608057027,-0.1148220141316,no
7588,OREGON,West,2025,15,0,0,0,0,0,0,0,0,0.972398902739873,-0.233324610682822,no
7589,OREGON,West,2025,16,0,0,0,0,0,0,0,0,0.937328153604613,-0.348447890595089,no
7590,OREGON,West,2025,17,0,0,0,0,0,0,0,0,0.888681774293145,-0.458524485757508,no
7591,OREGON,West,2025,18,0,0,0,0,0,0,0,0,0.827164326225506,-0.561960120844802,no
7592,OREGON,West,2025,19,0,0,0,0,0,0,0,0,0.75366678671966,-0.657256703728203,no
7593,OREGON,West,2025,20,0,0,0,0,0,0,0,0,0.66925364467563,-0.743034022833669,no
7594,OREGON,West,2025,21,0,0,0,0,0,0,0,0,0.575147483234652,-0.818049737197468,no
7595,OREGON,West,2025,22,0,0,0,0,0,0,0,0,0.472711272707723,-0.881217369696629,no
7596,OREGON,West,2025,23,0,0,0,0,0,0,0,0,0.363428630230867,-0.93162204285242,no
7597,OREGON,West,2025,24,0,0,0,0,0,0,0,0,0.248882332052978,-0.968533729300055,no
7598,OREGON,West,2025,25,0,0,0,0,0,0,0,0,0.130731389669801,-0.991417825013754,no
7599,OREGON,West,2025,26,0,0,0,0,0,0,0,0,0.0106870218179092,-0.999942892151679,no
7600,OREGON,West,2025,27,0,0,0,0,0,0,0,0,-0.109512129665869,-0.99398545937858,no
7601,OREGON,West,2025,28,0,0,0,0,0,0,0,0,-0.228125181162749,-0.973631810141525,no
7602,OREGON,West,2025,29,0,0,0,0,0,0,0,0,-0.343434221058743,-0.939176732998521,no
7603,OREGON,West,2025,30,0,0,0,0,0,0,0,0,-0.453769190820369,-0.891119252099419,no
7604,OREGON,West,2025,31,0,0,0,0,0,0,0,1,-0.557532072998533,-0.830155399655967,yes
7605,OREGON,West,2025,32,0,0,0,0,0,0,0,1,-0.653220035837834,-0.757168135079666,yes
7606,OREGON,West,2025,33,0,0,0,0,0,0,0,1,-0.739447199280337,-0.673214556791863,yes
7607,OREGON,West,2025,34,0,0,0,0,0,0,0,1,-0.814964707119669,-0.579510591921625,yes
7608,OREGON,West,2025,35,1,0,0,0,0,0,0,0,-0.878678814593855,-0.477413385635487,no
7609,OREGON,West,2025,36,0,1,0,0,1,1,1,0,-0.929666729448389,-0.368401645160191,no
7610,OREGON,West,2025,37,0,0,1,0,1,1,1,0,-0.96718997703823,-0.254054223182352,no
7611,OREGON,West,2025,38,0,0,0,0,1,1,1,0,-0.990705095897581,-0.136027250808674,no
7612,OREGON,West,2025,39,0,0,0,1,1,1,1,0,-0.999871508870024,-0.0160301512775393,no
7613,OREGON,West,2025,40,0,0,0,0,0,1,1,0,-0.994556455798857,0.104199118176771,no
7614,OREGON,West,2025,41,0,0,0,0,0,1,1,0,-0.97483691633585,0.222919237727053,no
7615,OREGON,West,2025,42,0,0,0,0,0,1,1,0,-0.940998495019784,0.338410745057692,no
7616,OREGON,West,2025,43,0,0,0,0,0,1,1,0,-0.893531284772509,0.449000938899674,no
7617,OREGON,West,2025,44,0,0,0,0,0,0,0,0,-0.833122768722891,0.553088105310089,no
7618,OREGON,West,2025,45,0,0,0,0,0,0,0,0,-0.760647863163829,0.649164715818952,no
7619,OREGON,West,2025,46,0,0,0,0,0,0,0,0,-0.677156245853474,0.735839261457031,no
7620,OREGON,West,2025,47,0,0,0,0,0,0,0,0,-0.583857153188981,0.811856406435312,no
7621,OREGON,West,2025,48,0,0,0,0,0,0,0,0,-0.48210186644033,0.876115169583743,no
7622,OREGON,West,2025,49,0,0,0,0,0,0,0,0,-0.373364140701786,0.927684870221573,no
7623,OREGON,West,2025,50,0,0,0,0,0,0,0,0,-0.25921886001492,0.965818607510005,no
7624,OREGON,West,2025,51,0,0,0,0,0,0,0,0,-0.141319227808016,0.989964078061293,no
7625,OREGON,West,2025,52,0,0,0,0,0,0,0,0,-0.0213728230101764,0.999771575129327,no
7626,OREGON,West,2025,53,0,0,0,0,0,0,0,0,0.0988831313727152,0.995099053526797,no
7627,PENNSYLVANIA,Northeast,2022,9,0,0,0,0,0,0,0,0,0.883730762405837,0.467995661921774,no
7628,PENNSYLVANIA,Northeast,2022,10,0,0,0,0,0,0,0,0,0.933550754601395,0.358445237913918,no
7629,PENNSYLVANIA,Northeast,2022,11,0,0,0,0,0,0,0,0,0.969849825925805,0.243703334305638,no
7630,PENNSYLVANIA,Northeast,2022,12,0,0,0,0,0,0,0,0,0.992102245058455,0.125431795610095,no
7631,PENNSYLVANIA,Northeast,2022,13,0,0,0,0,0,0,0,0,0.999985722936002,0.00534358719969101,no
7632,PENNSYLVANIA,Northeast,2022,14,0,0,0,0,0,0,0,0,0.99338608057027,-0.1148220141316,no
7633,PENNSYLVANIA,Northeast,2022,15,0,0,0,0,0,0,0,0,0.972398902739873,-0.233324610682822,no
7634,PENNSYLVANIA,Northeast,2022,16,0,0,0,0,0,0,0,0,0.937328153604613,-0.348447890595089,no
7635,PENNSYLVANIA,Northeast,2022,17,0,0,0,0,0,0,0,0,0.888681774293145,-0.458524485757508,no
7636,PENNSYLVANIA,Northeast,2022,18,0,0,0,0,0,0,0,0,0.827164326225506,-0.561960120844802,no
7637,PENNSYLVANIA,Northeast,2022,19,0,0,0,0,0,0,0,0,0.75366678671966,-0.657256703728203,no
7638,PENNSYLVANIA,Northeast,2022,20,0,0,0,0,0,0,0,0,0.66925364467563,-0.743034022833669,no
7639,PENNSYLVANIA,Northeast,2022,21,0,0,0,0,0,0,0,0,0.575147483234652,-0.818049737197468,no
7640,PENNSYLVANIA,Northeast,2022,22,0,0,0,0,0,0,0,0,0.472711272707723,-0.881217369696629,no
7641,PENNSYLVANIA,Northeast,2022,23,0,0,0,0,0,0,0,0,0.363428630230867,-0.93162204285242,no
7642,PENNSYLVANIA,Northeast,2022,24,0,0,0,0,0,0,0,0,0.248882332052978,-0.968533729300055,no
7643,PENNSYLVANIA,Northeast,2022,25,0,0,0,0,0,0,0,0,0.130731389669801,-0.991417825013754,no
7644,PENNSYLVANIA,Northeast,2022,26,0,0,0,0,0,0,0,0,0.0106870218179092,-0.999942892151679,no
7645,PENNSYLVANIA,Northeast,2022,27,0,0,0,0,0,0,0,0,-0.109512129665869,-0.99398545937858,no
7646,PENNSYLVANIA,Northeast,2022,28,0,0,0,0,0,0,0,0,-0.228125181162749,-0.973631810141525,no
7647,PENNSYLVANIA,Northeast,2022,29,0,0,0,0,0,0,0,0,-0.343434221058743,-0.939176732998521,no
7648,PENNSYLVANIA,Northeast,2022,30,0,0,0,0,0,0,0,0,-0.453769190820369,-0.891119252099419,no
7649,PENNSYLVANIA,Northeast,2022,31,0,0,0,0,0,0,0,0,-0.557532072998533,-0.830155399655967,no
7650,PENNSYLVANIA,Northeast,2022,32,0,0,0,0,0,0,0,0,-0.653220035837834,-0.757168135079666,no
7651,PENNSYLVANIA,Northeast,2022,33,0,0,0,0,0,0,0,0,-0.739447199280337,-0.673214556791863,no
7652,PENNSYLVANIA,Northeast,2022,34,0,0,0,0,0,0,0,0,-0.814964707119669,-0.579510591921625,no
7653,PENNSYLVANIA,Northeast,2022,35,0,0,0,0,0,0,0,0,-0.878678814593855,-0.477413385635487,no
7654,PENNSYLVANIA,Northeast,2022,36,0,0,0,0,0,0,0,0,-0.929666729448389,-0.368401645160191,no
7655,PENNSYLVANIA,Northeast,2022,37,0,0,0,0,0,0,0,0,-0.96718997703823,-0.254054223182352,no
7656,PENNSYLVANIA,Northeast,2022,38,0,0,0,0,0,0,0,0,-0.990705095897581,-0.136027250808674,no
7657,PENNSYLVANIA,Northeast,2022,39,0,0,0,0,0,0,0,0,-0.999871508870024,-0.0160301512775393,no
7658,PENNSYLVANIA,Northeast,2022,40,0,0,0,0,0,0,0,0,-0.994556455798857,0.104199118176771,no
7659,PENNSYLVANIA,Northeast,2022,41,0,0,0,0,0,0,0,0,-0.97483691633585,0.222919237727053,no
7660,PENNSYLVANIA,Northeast,2022,42,0,0,0,0,0,0,0,0,-0.940998495019784,0.338410745057692,no
7661,PENNSYLVANIA,Northeast,2022,43,0,0,0,0,0,0,0,0,-0.893531284772509,0.449000938899674,no
7662,PENNSYLVANIA,Northeast,2022,44,0,0,0,0,0,0,0,0,-0.833122768722891,0.553088105310089,no
7663,PENNSYLVANIA,Northeast,2022,45,0,0,0,0,0,0,0,0,-0.760647863163829,0.649164715818952,no
7664,PENNSYLVANIA,Northeast,2022,46,0,0,0,0,0,0,0,0,-0.677156245853474,0.735839261457031,no
7665,PENNSYLVANIA,Northeast,2022,47,0,0,0,0,0,0,0,0,-0.583857153188981,0.811856406435312,no
7666,PENNSYLVANIA,Northeast,2022,48,0,0,0,0,0,0,0,0,-0.48210186644033,0.876115169583743,no
7667,PENNSYLVANIA,Northeast,2022,49,0,0,0,0,0,0,0,0,-0.373364140701786,0.927684870221573,no
7668,PENNSYLVANIA,Northeast,2022,50,0,0,0,0,0,0,0,0,-0.25921886001492,0.965818607510005,no
7669,PENNSYLVANIA,Northeast,2022,51,0,0,0,0,0,0,0,0,-0.141319227808016,0.989964078061293,no
7670,PENNSYLVANIA,Northeast,2022,52,0,0,0,0,0,0,0,0,-0.0213728230101764,0.999771575129327,no
7671,PENNSYLVANIA,Northeast,2023,1,0,0,0,0,0,0,0,0,0.120128619954843,0.992758336488667,no
7672,PENNSYLVANIA,Northeast,2023,2,0,0,0,0,0,0,0,0,0.238517377822098,0.97113822933549,no
7673,PENNSYLVANIA,Northeast,2023,3,0,0,0,0,0,0,0,0,0.353451610505767,0.935452809622634,no
7674,PENNSYLVANIA,Northeast,2023,4,0,0,0,0,0,0,0,0,0.463266687927793,0.886218920953741,no
7675,PENNSYLVANIA,Northeast,2023,5,0,0,0,0,0,0,0,0,0.566372122409852,0.824149633839001,no
7676,PENNSYLVANIA,Northeast,2023,6,0,0,0,0,0,0,0,0,0.661274604226529,0.750143918061759,no
7677,PENNSYLVANIA,Northeast,2023,7,0,0,0,0,0,0,0,0,0.746599629698408,0.665273622605165,no
7678,PENNSYLVANIA,Northeast,2023,8,0,0,0,0,0,0,0,0,0.821111408578364,0.570767951712827,no
7679,PENNSYLVANIA,Northeast,2023,9,0,0,0,0,0,0,0,0,0.883730762405837,0.467995661921774,no
7680,PENNSYLVANIA,Northeast,2023,10,0,0,0,0,0,0,0,0,0.933550754601395,0.358445237913918,no
7681,PENNSYLVANIA,Northeast,2023,11,0,0,0,0,0,0,0,0,0.969849825925805,0.243703334305638,no
7682,PENNSYLVANIA,Northeast,2023,12,0,0,0,0,0,0,0,0,0.992102245058455,0.125431795610095,no
7683,PENNSYLVANIA,Northeast,2023,13,0,0,0,0,0,0,0,0,0.999985722936002,0.00534358719969101,no
7684,PENNSYLVANIA,Northeast,2023,14,0,0,0,0,0,0,0,0,0.99338608057027,-0.1148220141316,no
7685,PENNSYLVANIA,Northeast,2023,15,0,0,0,0,0,0,0,0,0.972398902739873,-0.233324610682822,no
7686,PENNSYLVANIA,Northeast,2023,16,0,0,0,0,0,0,0,0,0.937328153604613,-0.348447890595089,no
7687,PENNSYLVANIA,Northeast,2023,17,0,0,0,0,0,0,0,0,0.888681774293145,-0.458524485757508,no
7688,PENNSYLVANIA,Northeast,2023,18,0,0,0,0,0,0,0,0,0.827164326225506,-0.561960120844802,no
7689,PENNSYLVANIA,Northeast,2023,19,0,0,0,0,0,0,0,0,0.75366678671966,-0.657256703728203,no
7690,PENNSYLVANIA,Northeast,2023,20,0,0,0,0,0,0,0,0,0.66925364467563,-0.743034022833669,no
7691,PENNSYLVANIA,Northeast,2023,21,0,0,0,0,0,0,0,0,0.575147483234652,-0.818049737197468,no
7692,PENNSYLVANIA,Northeast,2023,22,0,0,0,0,0,0,0,0,0.472711272707723,-0.881217369696629,no
7693,PENNSYLVANIA,Northeast,2023,23,0,0,0,0,0,0,0,0,0.363428630230867,-0.93162204285242,no
7694,PENNSYLVANIA,Northeast,2023,24,0,0,0,0,0,0,0,0,0.248882332052978,-0.968533729300055,no
7695,PENNSYLVANIA,Northeast,2023,25,0,0,0,0,0,0,0,0,0.130731389669801,-0.991417825013754,no
7696,PENNSYLVANIA,Northeast,2023,26,0,0,0,0,0,0,0,0,0.0106870218179092,-0.999942892151679,no
7697,PENNSYLVANIA,Northeast,2023,27,0,0,0,0,0,0,0,0,-0.109512129665869,-0.99398545937858,no
7698,PENNSYLVANIA,Northeast,2023,28,0,0,0,0,0,0,0,0,-0.228125181162749,-0.973631810141525,no
7699,PENNSYLVANIA,Northeast,2023,29,0,0,0,0,0,0,0,0,-0.343434221058743,-0.939176732998521,no
7700,PENNSYLVANIA,Northeast,2023,30,0,0,0,0,0,0,0,0,-0.453769190820369,-0.891119252099419,no
7701,PENNSYLVANIA,Northeast,2023,31,0,0,0,0,0,0,0,0,-0.557532072998533,-0.830155399655967,no
7702,PENNSYLVANIA,Northeast,2023,32,0,0,0,0,0,0,0,0,-0.653220035837834,-0.757168135079666,no
7703,PENNSYLVANIA,Northeast,2023,33,0,0,0,0,0,0,0,0,-0.739447199280337,-0.673214556791863,no
7704,PENNSYLVANIA,Northeast,2023,34,0,0,0,0,0,0,0,0,-0.814964707119669,-0.579510591921625,no
7705,PENNSYLVANIA,Northeast,2023,35,0,0,0,0,0,0,0,0,-0.878678814593855,-0.477413385635487,no
7706,PENNSYLVANIA,Northeast,2023,36,0,0,0,0,0,0,0,0,-0.929666729448389,-0.368401645160191,no
7707,PENNSYLVANIA,Northeast,2023,37,0,0,0,0,0,0,0,0,-0.96718997703823,-0.254054223182352,no
7708,PENNSYLVANIA,Northeast,2023,38,0,0,0,0,0,0,0,0,-0.990705095897581,-0.136027250808674,no
7709,PENNSYLVANIA,Northeast,2023,39,0,0,0,0,0,0,0,0,-0.999871508870024,-0.0160301512775393,no
7710,PENNSYLVANIA,Northeast,2023,40,0,0,0,0,0,0,0,0,-0.994556455798857,0.104199118176771,no
7711,PENNSYLVANIA,Northeast,2023,41,0,0,0,0,0,0,0,0,-0.97483691633585,0.222919237727053,no
7712,PENNSYLVANIA,Northeast,2023,42,0,0,0,0,0,0,0,0,-0.940998495019784,0.338410745057692,no
7713,PENNSYLVANIA,Northeast,2023,43,0,0,0,0,0,0,0,0,-0.893531284772509,0.449000938899674,no
7714,PENNSYLVANIA,Northeast,2023,44,0,0,0,0,0,0,0,0,-0.833122768722891,0.553088105310089,no
7715,PENNSYLVANIA,Northeast,2023,45,0,0,0,0,0,0,0,0,-0.760647863163829,0.649164715818952,no
7716,PENNSYLVANIA,Northeast,2023,46,0,0,0,0,0,0,0,0,-0.677156245853474,0.735839261457031,no
7717,PENNSYLVANIA,Northeast,2023,47,0,0,0,0,0,0,0,0,-0.583857153188981,0.811856406435312,no
7718,PENNSYLVANIA,Northeast,2023,48,0,0,0,0,0,0,0,0,-0.48210186644033,0.876115169583743,no
7719,PENNSYLVANIA,Northeast,2023,49,0,0,0,0,0,0,0,0,-0.373364140701786,0.927684870221573,no
7720,PENNSYLVANIA,Northeast,2023,50,0,0,0,0,0,0,0,0,-0.25921886001492,0.965818607510005,no
7721,PENNSYLVANIA,Northeast,2023,51,0,0,0,0,0,0,0,0,-0.141319227808016,0.989964078061293,no
7722,PENNSYLVANIA,Northeast,2023,52,0,0,0,0,0,0,0,0,-0.0213728230101764,0.999771575129327,no
7723,PENNSYLVANIA,Northeast,2024,1,0,0,0,0,0,0,0,0,0.120128619954843,0.992758336488667,no
7724,PENNSYLVANIA,Northeast,2024,2,0,0,0,0,0,0,0,0,0.238517377822098,0.97113822933549,no
7725,PENNSYLVANIA,Northeast,2024,3,0,0,0,0,0,0,0,0,0.353451610505767,0.935452809622634,no
7726,PENNSYLVANIA,Northeast,2024,4,0,0,0,0,0,0,0,0,0.463266687927793,0.886218920953741,no
7727,PENNSYLVANIA,Northeast,2024,5,0,0,0,0,0,0,0,0,0.566372122409852,0.824149633839001,no
7728,PENNSYLVANIA,Northeast,2024,6,0,0,0,0,0,0,0,0,0.661274604226529,0.750143918061759,no
7729,PENNSYLVANIA,Northeast,2024,7,0,0,0,0,0,0,0,0,0.746599629698408,0.665273622605165,no
7730,PENNSYLVANIA,Northeast,2024,8,0,0,0,0,0,0,0,0,0.821111408578364,0.570767951712827,no
7731,PENNSYLVANIA,Northeast,2024,9,0,0,0,0,0,0,0,0,0.883730762405837,0.467995661921774,no
7732,PENNSYLVANIA,Northeast,2024,10,0,0,0,0,0,0,0,0,0.933550754601395,0.358445237913918,no
7733,PENNSYLVANIA,Northeast,2024,11,0,0,0,0,0,0,0,0,0.969849825925805,0.243703334305638,no
7734,PENNSYLVANIA,Northeast,2024,12,0,0,0,0,0,0,0,0,0.992102245058455,0.125431795610095,no
7735,PENNSYLVANIA,Northeast,2024,13,0,0,0,0,0,0,0,0,0.999985722936002,0.00534358719969101,no
7736,PENNSYLVANIA,Northeast,2024,14,0,0,0,0,0,0,0,0,0.99338608057027,-0.1148220141316,no
7737,PENNSYLVANIA,Northeast,2024,15,0,0,0,0,0,0,0,0,0.972398902739873,-0.233324610682822,no
7738,PENNSYLVANIA,Northeast,2024,16,0,0,0,0,0,0,0,0,0.937328153604613,-0.348447890595089,no
7739,PENNSYLVANIA,Northeast,2024,17,0,0,0,0,0,0,0,0,0.888681774293145,-0.458524485757508,no
7740,PENNSYLVANIA,Northeast,2024,18,0,0,0,0,0,0,0,0,0.827164326225506,-0.561960120844802,no
7741,PENNSYLVANIA,Northeast,2024,19,0,0,0,0,0,0,0,0,0.75366678671966,-0.657256703728203,no
7742,PENNSYLVANIA,Northeast,2024,20,0,0,0,0,0,0,0,0,0.66925364467563,-0.743034022833669,no
7743,PENNSYLVANIA,Northeast,2024,21,0,0,0,0,0,0,0,0,0.575147483234652,-0.818049737197468,no
7744,PENNSYLVANIA,Northeast,2024,22,0,0,0,0,0,0,0,0,0.472711272707723,-0.881217369696629,no
7745,PENNSYLVANIA,Northeast,2024,23,0,0,0,0,0,0,0,0,0.363428630230867,-0.93162204285242,no
7746,PENNSYLVANIA,Northeast,2024,24,0,0,0,0,0,0,0,0,0.248882332052978,-0.968533729300055,no
7747,PENNSYLVANIA,Northeast,2024,25,0,0,0,0,0,0,0,0,0.130731389669801,-0.991417825013754,no
7748,PENNSYLVANIA,Northeast,2024,26,0,0,0,0,0,0,0,0,0.0106870218179092,-0.999942892151679,no
7749,PENNSYLVANIA,Northeast,2024,27,0,0,0,0,0,0,0,0,-0.109512129665869,-0.99398545937858,no
7750,PENNSYLVANIA,Northeast,2024,28,0,0,0,0,0,0,0,0,-0.228125181162749,-0.973631810141525,no
7751,PENNSYLVANIA,Northeast,2024,29,0,0,0,0,0,0,0,0,-0.343434221058743,-0.939176732998521,no
7752,PENNSYLVANIA,Northeast,2024,30,0,0,0,0,0,0,0,0,-0.453769190820369,-0.891119252099419,no
7753,PENNSYLVANIA,Northeast,2024,31,0,0,0,0,0,0,0,0,-0.557532072998533,-0.830155399655967,no
7754,PENNSYLVANIA,Northeast,2024,32,0,0,0,0,0,0,0,0,-0.653220035837834,-0.757168135079666,no
7755,PENNSYLVANIA,Northeast,2024,33,0,0,0,0,0,0,0,0,-0.739447199280337,-0.673214556791863,no
7756,PENNSYLVANIA,Northeast,2024,34,0,0,0,0,0,0,0,0,-0.814964707119669,-0.579510591921625,no
7757,PENNSYLVANIA,Northeast,2024,35,0,0,0,0,0,0,0,0,-0.878678814593855,-0.477413385635487,no
7758,PENNSYLVANIA,Northeast,2024,36,0,0,0,0,0,0,0,0,-0.929666729448389,-0.368401645160191,no
7759,PENNSYLVANIA,Northeast,2024,37,0,0,0,0,0,0,0,0,-0.96718997703823,-0.254054223182352,no
7760,PENNSYLVANIA,Northeast,2024,38,0,0,0,0,0,0,0,0,-0.990705095897581,-0.136027250808674,no
7761,PENNSYLVANIA,Northeast,2024,39,0,0,0,0,0,0,0,0,-0.999871508870024,-0.0160301512775393,no
7762,PENNSYLVANIA,Northeast,2024,40,0,0,0,0,0,0,0,0,-0.994556455798857,0.104199118176771,no
7763,PENNSYLVANIA,Northeast,2024,41,0,0,0,0,0,0,0,0,-0.97483691633585,0.222919237727053,no
7764,PENNSYLVANIA,Northeast,2024,42,0,0,0,0,0,0,0,0,-0.940998495019784,0.338410745057692,no
7765,PENNSYLVANIA,Northeast,2024,43,0,0,0,0,0,0,0,0,-0.893531284772509,0.449000938899674,no
7766,PENNSYLVANIA,Northeast,2024,44,0,0,0,0,0,0,0,0,-0.833122768722891,0.553088105310089,no
7767,PENNSYLVANIA,Northeast,2024,45,0,0,0,0,0,0,0,0,-0.760647863163829,0.649164715818952,no
7768,PENNSYLVANIA,Northeast,2024,46,0,0,0,0,0,0,0,0,-0.677156245853474,0.735839261457031,no
7769,PENNSYLVANIA,Northeast,2024,47,0,0,0,0,0,0,0,0,-0.583857153188981,0.811856406435312,no
7770,PENNSYLVANIA,Northeast,2024,48,0,0,0,0,0,0,0,0,-0.48210186644033,0.876115169583743,no
7771,PENNSYLVANIA,Northeast,2024,49,0,0,0,0,0,0,0,0,-0.373364140701786,0.927684870221573,no
7772,PENNSYLVANIA,Northeast,2024,50,0,0,0,0,0,0,0,0,-0.25921886001492,0.965818607510005,no
7773,PENNSYLVANIA,Northeast,2024,51,0,0,0,0,0,0,0,0,-0.141319227808016,0.989964078061293,no
7774,PENNSYLVANIA,Northeast,2024,52,0,0,0,0,0,0,0,0,-0.0213728230101764,0.999771575129327,no
7775,PENNSYLVANIA,Northeast,2025,1,0,0,0,0,0,0,0,0,0.120128619954843,0.992758336488667,no
7776,PENNSYLVANIA,Northeast,2025,2,0,0,0,0,0,0,0,0,0.238517377822098,0.97113822933549,no
7777,PENNSYLVANIA,Northeast,2025,3,0,0,0,0,0,0,0,0,0.353451610505767,0.935452809622634,no
7778,PENNSYLVANIA,Northeast,2025,4,0,0,0,0,0,0,0,0,0.463266687927793,0.886218920953741,no
7779,PENNSYLVANIA,Northeast,2025,5,0,0,0,0,0,0,0,0,0.566372122409852,0.824149633839001,no
7780,PENNSYLVANIA,Northeast,2025,6,0,0,0,0,0,0,0,0,0.661274604226529,0.750143918061759,no
7781,PENNSYLVANIA,Northeast,2025,7,0,0,0,0,0,0,0,0,0.746599629698408,0.665273622605165,no
7782,PENNSYLVANIA,Northeast,2025,8,0,0,0,0,0,0,0,0,0.821111408578364,0.570767951712827,no
7783,PENNSYLVANIA,Northeast,2025,9,0,0,0,0,0,0,0,0,0.883730762405837,0.467995661921774,no
7784,PENNSYLVANIA,Northeast,2025,10,0,0,0,0,0,0,0,0,0.933550754601395,0.358445237913918,no
7785,PENNSYLVANIA,Northeast,2025,11,0,0,0,0,0,0,0,0,0.969849825925805,0.243703334305638,no
7786,PENNSYLVANIA,Northeast,2025,12,0,0,0,0,0,0,0,0,0.992102245058455,0.125431795610095,no
7787,PENNSYLVANIA,Northeast,2025,13,0,0,0,0,0,0,0,0,0.999985722936002,0.00534358719969101,no
7788,PENNSYLVANIA,Northeast,2025,14,0,0,0,0,0,0,0,0,0.99338608057027,-0.1148220141316,no
7789,PENNSYLVANIA,Northeast,2025,15,0,0,0,0,0,0,0,0,0.972398902739873,-0.233324610682822,no
7790,PENNSYLVANIA,Northeast,2025,16,0,0,0,0,0,0,0,0,0.937328153604613,-0.348447890595089,no
7791,PENNSYLVANIA,Northeast,2025,17,0,0,0,0,0,0,0,0,0.888681774293145,-0.458524485757508,no
7792,PENNSYLVANIA,Northeast,2025,18,0,0,0,0,0,0,0,0,0.827164326225506,-0.561960120844802,no
7793,PENNSYLVANIA,Northeast,2025,19,0,0,0,0,0,0,0,0,0.75366678671966,-0.657256703728203,no
7794,PENNSYLVANIA,Northeast,2025,20,0,0,0,0,0,0,0,0,0.66925364467563,-0.743034022833669,no
7795,PENNSYLVANIA,Northeast,2025,21,0,0,0,0,0,0,0,0,0.575147483234652,-0.818049737197468,no
7796,PENNSYLVANIA,Northeast,2025,22,0,0,0,0,0,0,0,0,0.472711272707723,-0.881217369696629,no
7797,PENNSYLVANIA,Northeast,2025,23,0,0,0,0,0,0,0,0,0.363428630230867,-0.93162204285242,no
7798,PENNSYLVANIA,Northeast,2025,24,0,0,0,0,0,0,0,0,0.248882332052978,-0.968533729300055,no
7799,PENNSYLVANIA,Northeast,2025,25,0,0,0,0,0,0,0,0,0.130731389669801,-0.991417825013754,no
7800,PENNSYLVANIA,Northeast,2025,26,0,0,0,0,0,0,0,0,0.0106870218179092,-0.999942892151679,no
7801,PENNSYLVANIA,Northeast,2025,27,0,0,0,0,0,0,0,0,-0.109512129665869,-0.99398545937858,no
7802,PENNSYLVANIA,Northeast,2025,28,0,0,0,0,0,0,0,0,-0.228125181162749,-0.973631810141525,no
7803,PENNSYLVANIA,Northeast,2025,29,0,0,0,0,0,0,0,0,-0.343434221058743,-0.939176732998521,no
7804,PENNSYLVANIA,Northeast,2025,30,0,0,0,0,0,0,0,0,-0.453769190820369,-0.891119252099419,no
7805,PENNSYLVANIA,Northeast,2025,31,0,0,0,0,0,0,0,0,-0.557532072998533,-0.830155399655967,no
7806,PENNSYLVANIA,Northeast,2025,32,0,0,0,0,0,0,0,0,-0.653220035837834,-0.757168135079666,no
7807,PENNSYLVANIA,Northeast,2025,33,0,0,0,0,0,0,0,0,-0.739447199280337,-0.673214556791863,no
7808,PENNSYLVANIA,Northeast,2025,34,0,0,0,0,0,0,0,0,-0.814964707119669,-0.579510591921625,no
7809,PENNSYLVANIA,Northeast,2025,35,0,0,0,0,0,0,0,0,-0.878678814593855,-0.477413385635487,no
7810,PENNSYLVANIA,Northeast,2025,36,0,0,0,0,0,0,0,0,-0.929666729448389,-0.368401645160191,no
7811,PENNSYLVANIA,Northeast,2025,37,0,0,0,0,0,0,0,0,-0.96718997703823,-0.254054223182352,no
7812,PENNSYLVANIA,Northeast,2025,38,0,0,0,0,0,0,0,0,-0.990705095897581,-0.136027250808674,no
7813,PENNSYLVANIA,Northeast,2025,39,0,0,0,0,0,0,0,0,-0.999871508870024,-0.0160301512775393,no
7814,PENNSYLVANIA,Northeast,2025,40,0,0,0,0,0,0,0,0,-0.994556455798857,0.104199118176771,no
7815,PENNSYLVANIA,Northeast,2025,41,0,0,0,0,0,0,0,0,-0.97483691633585,0.222919237727053,no
7816,PENNSYLVANIA,Northeast,2025,42,0,0,0,0,0,0,0,0,-0.940998495019784,0.338410745057692,no
7817,PENNSYLVANIA,Northeast,2025,43,0,0,0,0,0,0,0,0,-0.893531284772509,0.449000938899674,no
7818,PENNSYLVANIA,Northeast,2025,44,0,0,0,0,0,0,0,0,-0.833122768722891,0.553088105310089,no
7819,PENNSYLVANIA,Northeast,2025,45,0,0,0,0,0,0,0,0,-0.760647863163829,0.649164715818952,no
7820,PENNSYLVANIA,Northeast,2025,46,0,0,0,0,0,0,0,0,-0.677156245853474,0.735839261457031,no
7821,PENNSYLVANIA,Northeast,2025,47,0,0,0,0,0,0,0,0,-0.583857153188981,0.811856406435312,no
7822,PENNSYLVANIA,Northeast,2025,48,0,0,0,0,0,0,0,0,-0.48210186644033,0.876115169583743,no
7823,PENNSYLVANIA,Northeast,2025,49,0,0,0,0,0,0,0,0,-0.373364140701786,0.927684870221573,no
7824,PENNSYLVANIA,Northeast,2025,50,0,0,0,0,0,0,0,0,-0.25921886001492,0.965818607510005,no
7825,PENNSYLVANIA,Northeast,2025,51,0,0,0,0,0,0,0,0,-0.141319227808016,0.989964078061293,no
7826,PENNSYLVANIA,Northeast,2025,52,0,0,0,0,0,0,0,0,-0.0213728230101764,0.999771575129327,no
7827,PENNSYLVANIA,Northeast,2025,53,0,0,0,0,0,0,0,0,0.0988831313727152,0.995099053526797,no
7828,RHODE ISLAND,Northeast,2022,9,0,0,0,0,0,0,0,0,0.883730762405837,0.467995661921774,no
7829,RHODE ISLAND,Northeast,2022,10,0,0,0,0,0,0,0,0,0.933550754601395,0.358445237913918,no
7830,RHODE ISLAND,Northeast,2022,11,0,0,0,0,0,0,0,0,0.969849825925805,0.243703334305638,no
7831,RHODE ISLAND,Northeast,2022,12,0,0,0,0,0,0,0,0,0.992102245058455,0.125431795610095,no
7832,RHODE ISLAND,Northeast,2022,13,0,0,0,0,0,0,0,0,0.999985722936002,0.00534358719969101,no
7833,RHODE ISLAND,Northeast,2022,14,0,0,0,0,0,0,0,0,0.99338608057027,-0.1148220141316,no
7834,RHODE ISLAND,Northeast,2022,15,0,0,0,0,0,0,0,0,0.972398902739873,-0.233324610682822,no
7835,RHODE ISLAND,Northeast,2022,16,0,0,0,0,0,0,0,0,0.937328153604613,-0.348447890595089,no
7836,RHODE ISLAND,Northeast,2022,17,0,0,0,0,0,0,0,0,0.888681774293145,-0.458524485757508,no
7837,RHODE ISLAND,Northeast,2022,18,0,0,0,0,0,0,0,0,0.827164326225506,-0.561960120844802,no
7838,RHODE ISLAND,Northeast,2022,19,0,0,0,0,0,0,0,0,0.75366678671966,-0.657256703728203,no
7839,RHODE ISLAND,Northeast,2022,20,0,0,0,0,0,0,0,0,0.66925364467563,-0.743034022833669,no
7840,RHODE ISLAND,Northeast,2022,21,0,0,0,0,0,0,0,0,0.575147483234652,-0.818049737197468,no
7841,RHODE ISLAND,Northeast,2022,22,0,0,0,0,0,0,0,0,0.472711272707723,-0.881217369696629,no
7842,RHODE ISLAND,Northeast,2022,23,0,0,0,0,0,0,0,0,0.363428630230867,-0.93162204285242,no
7843,RHODE ISLAND,Northeast,2022,24,0,0,0,0,0,0,0,0,0.248882332052978,-0.968533729300055,no
7844,RHODE ISLAND,Northeast,2022,25,0,0,0,0,0,0,0,0,0.130731389669801,-0.991417825013754,no
7845,RHODE ISLAND,Northeast,2022,26,0,0,0,0,0,0,0,0,0.0106870218179092,-0.999942892151679,no
7846,RHODE ISLAND,Northeast,2022,27,0,0,0,0,0,0,0,0,-0.109512129665869,-0.99398545937858,no
7847,RHODE ISLAND,Northeast,2022,28,0,0,0,0,0,0,0,0,-0.228125181162749,-0.973631810141525,no
7848,RHODE ISLAND,Northeast,2022,29,0,0,0,0,0,0,0,0,-0.343434221058743,-0.939176732998521,no
7849,RHODE ISLAND,Northeast,2022,30,0,0,0,0,0,0,0,0,-0.453769190820369,-0.891119252099419,no
7850,RHODE ISLAND,Northeast,2022,31,0,0,0,0,0,0,0,0,-0.557532072998533,-0.830155399655967,no
7851,RHODE ISLAND,Northeast,2022,32,0,0,0,0,0,0,0,0,-0.653220035837834,-0.757168135079666,no
7852,RHODE ISLAND,Northeast,2022,33,0,0,0,0,0,0,0,0,-0.739447199280337,-0.673214556791863,no
7853,RHODE ISLAND,Northeast,2022,34,0,0,0,0,0,0,0,0,-0.814964707119669,-0.579510591921625,no
7854,RHODE ISLAND,Northeast,2022,35,0,0,0,0,0,0,0,0,-0.878678814593855,-0.477413385635487,no
7855,RHODE ISLAND,Northeast,2022,36,0,0,0,0,0,0,0,0,-0.929666729448389,-0.368401645160191,no
7856,RHODE ISLAND,Northeast,2022,37,0,0,0,0,0,0,0,0,-0.96718997703823,-0.254054223182352,no
7857,RHODE ISLAND,Northeast,2022,38,0,0,0,0,0,0,0,0,-0.990705095897581,-0.136027250808674,no
7858,RHODE ISLAND,Northeast,2022,39,0,0,0,0,0,0,0,0,-0.999871508870024,-0.0160301512775393,no
7859,RHODE ISLAND,Northeast,2022,40,0,0,0,0,0,0,0,0,-0.994556455798857,0.104199118176771,no
7860,RHODE ISLAND,Northeast,2022,41,0,0,0,0,0,0,0,0,-0.97483691633585,0.222919237727053,no
7861,RHODE ISLAND,Northeast,2022,42,0,0,0,0,0,0,0,0,-0.940998495019784,0.338410745057692,no
7862,RHODE ISLAND,Northeast,2022,43,0,0,0,0,0,0,0,0,-0.893531284772509,0.449000938899674,no
7863,RHODE ISLAND,Northeast,2022,44,0,0,0,0,0,0,0,0,-0.833122768722891,0.553088105310089,no
7864,RHODE ISLAND,Northeast,2022,45,0,0,0,0,0,0,0,0,-0.760647863163829,0.649164715818952,no
7865,RHODE ISLAND,Northeast,2022,46,0,0,0,0,0,0,0,0,-0.677156245853474,0.735839261457031,no
7866,RHODE ISLAND,Northeast,2022,47,0,0,0,0,0,0,0,0,-0.583857153188981,0.811856406435312,no
7867,RHODE ISLAND,Northeast,2022,48,0,0,0,0,0,0,0,0,-0.48210186644033,0.876115169583743,no
7868,RHODE ISLAND,Northeast,2022,49,0,0,0,0,0,0,0,0,-0.373364140701786,0.927684870221573,no
7869,RHODE ISLAND,Northeast,2022,50,0,0,0,0,0,0,0,0,-0.25921886001492,0.965818607510005,no
7870,RHODE ISLAND,Northeast,2022,51,0,0,0,0,0,0,0,0,-0.141319227808016,0.989964078061293,no
7871,RHODE ISLAND,Northeast,2022,52,0,0,0,0,0,0,0,0,-0.0213728230101764,0.999771575129327,no
7872,RHODE ISLAND,Northeast,2023,1,0,0,0,0,0,0,0,0,0.120128619954843,0.992758336488667,no
7873,RHODE ISLAND,Northeast,2023,2,0,0,0,0,0,0,0,0,0.238517377822098,0.97113822933549,no
7874,RHODE ISLAND,Northeast,2023,3,0,0,0,0,0,0,0,0,0.353451610505767,0.935452809622634,no
7875,RHODE ISLAND,Northeast,2023,4,0,0,0,0,0,0,0,0,0.463266687927793,0.886218920953741,no
7876,RHODE ISLAND,Northeast,2023,5,0,0,0,0,0,0,0,0,0.566372122409852,0.824149633839001,no
7877,RHODE ISLAND,Northeast,2023,6,0,0,0,0,0,0,0,0,0.661274604226529,0.750143918061759,no
7878,RHODE ISLAND,Northeast,2023,7,0,0,0,0,0,0,0,0,0.746599629698408,0.665273622605165,no
7879,RHODE ISLAND,Northeast,2023,8,0,0,0,0,0,0,0,0,0.821111408578364,0.570767951712827,no
7880,RHODE ISLAND,Northeast,2023,9,0,0,0,0,0,0,0,0,0.883730762405837,0.467995661921774,no
7881,RHODE ISLAND,Northeast,2023,10,0,0,0,0,0,0,0,0,0.933550754601395,0.358445237913918,no
7882,RHODE ISLAND,Northeast,2023,11,0,0,0,0,0,0,0,0,0.969849825925805,0.243703334305638,no
7883,RHODE ISLAND,Northeast,2023,12,0,0,0,0,0,0,0,0,0.992102245058455,0.125431795610095,no
7884,RHODE ISLAND,Northeast,2023,13,0,0,0,0,0,0,0,0,0.999985722936002,0.00534358719969101,no
7885,RHODE ISLAND,Northeast,2023,14,0,0,0,0,0,0,0,0,0.99338608057027,-0.1148220141316,no
7886,RHODE ISLAND,Northeast,2023,15,0,0,0,0,0,0,0,0,0.972398902739873,-0.233324610682822,no
7887,RHODE ISLAND,Northeast,2023,16,0,0,0,0,0,0,0,0,0.937328153604613,-0.348447890595089,no
7888,RHODE ISLAND,Northeast,2023,17,0,0,0,0,0,0,0,0,0.888681774293145,-0.458524485757508,no
7889,RHODE ISLAND,Northeast,2023,18,0,0,0,0,0,0,0,0,0.827164326225506,-0.561960120844802,no
7890,RHODE ISLAND,Northeast,2023,19,0,0,0,0,0,0,0,0,0.75366678671966,-0.657256703728203,no
7891,RHODE ISLAND,Northeast,2023,20,0,0,0,0,0,0,0,0,0.66925364467563,-0.743034022833669,no
7892,RHODE ISLAND,Northeast,2023,21,0,0,0,0,0,0,0,0,0.575147483234652,-0.818049737197468,no
7893,RHODE ISLAND,Northeast,2023,22,0,0,0,0,0,0,0,0,0.472711272707723,-0.881217369696629,no
7894,RHODE ISLAND,Northeast,2023,23,0,0,0,0,0,0,0,0,0.363428630230867,-0.93162204285242,no
7895,RHODE ISLAND,Northeast,2023,24,0,0,0,0,0,0,0,0,0.248882332052978,-0.968533729300055,no
7896,RHODE ISLAND,Northeast,2023,25,0,0,0,0,0,0,0,0,0.130731389669801,-0.991417825013754,no
7897,RHODE ISLAND,Northeast,2023,26,0,0,0,0,0,0,0,0,0.0106870218179092,-0.999942892151679,no
7898,RHODE ISLAND,Northeast,2023,27,0,0,0,0,0,0,0,0,-0.109512129665869,-0.99398545937858,no
7899,RHODE ISLAND,Northeast,2023,28,0,0,0,0,0,0,0,0,-0.228125181162749,-0.973631810141525,no
7900,RHODE ISLAND,Northeast,2023,29,0,0,0,0,0,0,0,0,-0.343434221058743,-0.939176732998521,no
7901,RHODE ISLAND,Northeast,2023,30,0,0,0,0,0,0,0,0,-0.453769190820369,-0.891119252099419,no
7902,RHODE ISLAND,Northeast,2023,31,0,0,0,0,0,0,0,0,-0.557532072998533,-0.830155399655967,no
7903,RHODE ISLAND,Northeast,2023,32,0,0,0,0,0,0,0,0,-0.653220035837834,-0.757168135079666,no
7904,RHODE ISLAND,Northeast,2023,33,0,0,0,0,0,0,0,0,-0.739447199280337,-0.673214556791863,no
7905,RHODE ISLAND,Northeast,2023,34,0,0,0,0,0,0,0,0,-0.814964707119669,-0.579510591921625,no
7906,RHODE ISLAND,Northeast,2023,35,0,0,0,0,0,0,0,0,-0.878678814593855,-0.477413385635487,no
7907,RHODE ISLAND,Northeast,2023,36,0,0,0,0,0,0,0,0,-0.929666729448389,-0.368401645160191,no
7908,RHODE ISLAND,Northeast,2023,37,0,0,0,0,0,0,0,0,-0.96718997703823,-0.254054223182352,no
7909,RHODE ISLAND,Northeast,2023,38,0,0,0,0,0,0,0,0,-0.990705095897581,-0.136027250808674,no
7910,RHODE ISLAND,Northeast,2023,39,0,0,0,0,0,0,0,0,-0.999871508870024,-0.0160301512775393,no
7911,RHODE ISLAND,Northeast,2023,40,0,0,0,0,0,0,0,0,-0.994556455798857,0.104199118176771,no
7912,RHODE ISLAND,Northeast,2023,41,0,0,0,0,0,0,0,0,-0.97483691633585,0.222919237727053,no
7913,RHODE ISLAND,Northeast,2023,42,0,0,0,0,0,0,0,0,-0.940998495019784,0.338410745057692,no
7914,RHODE ISLAND,Northeast,2023,43,0,0,0,0,0,0,0,0,-0.893531284772509,0.449000938899674,no
7915,RHODE ISLAND,Northeast,2023,44,0,0,0,0,0,0,0,0,-0.833122768722891,0.553088105310089,no
7916,RHODE ISLAND,Northeast,2023,45,0,0,0,0,0,0,0,0,-0.760647863163829,0.649164715818952,no
7917,RHODE ISLAND,Northeast,2023,46,0,0,0,0,0,0,0,0,-0.677156245853474,0.735839261457031,no
7918,RHODE ISLAND,Northeast,2023,47,0,0,0,0,0,0,0,0,-0.583857153188981,0.811856406435312,no
7919,RHODE ISLAND,Northeast,2023,48,0,0,0,0,0,0,0,0,-0.48210186644033,0.876115169583743,no
7920,RHODE ISLAND,Northeast,2023,49,0,0,0,0,0,0,0,0,-0.373364140701786,0.927684870221573,no
7921,RHODE ISLAND,Northeast,2023,50,0,0,0,0,0,0,0,0,-0.25921886001492,0.965818607510005,no
7922,RHODE ISLAND,Northeast,2023,51,0,0,0,0,0,0,0,0,-0.141319227808016,0.989964078061293,no
7923,RHODE ISLAND,Northeast,2023,52,0,0,0,0,0,0,0,0,-0.0213728230101764,0.999771575129327,no
7924,RHODE ISLAND,Northeast,2024,1,0,0,0,0,0,0,0,0,0.120128619954843,0.992758336488667,no
7925,RHODE ISLAND,Northeast,2024,2,0,0,0,0,0,0,0,0,0.238517377822098,0.97113822933549,no
7926,RHODE ISLAND,Northeast,2024,3,0,0,0,0,0,0,0,0,0.353451610505767,0.935452809622634,no
7927,RHODE ISLAND,Northeast,2024,4,0,0,0,0,0,0,0,0,0.463266687927793,0.886218920953741,no
7928,RHODE ISLAND,Northeast,2024,5,0,0,0,0,0,0,0,0,0.566372122409852,0.824149633839001,no
7929,RHODE ISLAND,Northeast,2024,6,0,0,0,0,0,0,0,0,0.661274604226529,0.750143918061759,no
7930,RHODE ISLAND,Northeast,2024,7,0,0,0,0,0,0,0,0,0.746599629698408,0.665273622605165,no
7931,RHODE ISLAND,Northeast,2024,8,0,0,0,0,0,0,0,0,0.821111408578364,0.570767951712827,no
7932,RHODE ISLAND,Northeast,2024,9,0,0,0,0,0,0,0,0,0.883730762405837,0.467995661921774,no
7933,RHODE ISLAND,Northeast,2024,10,0,0,0,0,0,0,0,0,0.933550754601395,0.358445237913918,no
7934,RHODE ISLAND,Northeast,2024,11,0,0,0,0,0,0,0,0,0.969849825925805,0.243703334305638,no
7935,RHODE ISLAND,Northeast,2024,12,0,0,0,0,0,0,0,0,0.992102245058455,0.125431795610095,no
7936,RHODE ISLAND,Northeast,2024,13,0,0,0,0,0,0,0,0,0.999985722936002,0.00534358719969101,no
7937,RHODE ISLAND,Northeast,2024,14,0,0,0,0,0,0,0,0,0.99338608057027,-0.1148220141316,no
7938,RHODE ISLAND,Northeast,2024,15,0,0,0,0,0,0,0,0,0.972398902739873,-0.233324610682822,no
7939,RHODE ISLAND,Northeast,2024,16,0,0,0,0,0,0,0,0,0.937328153604613,-0.348447890595089,no
7940,RHODE ISLAND,Northeast,2024,17,0,0,0,0,0,0,0,0,0.888681774293145,-0.458524485757508,no
7941,RHODE ISLAND,Northeast,2024,18,0,0,0,0,0,0,0,0,0.827164326225506,-0.561960120844802,no
7942,RHODE ISLAND,Northeast,2024,19,0,0,0,0,0,0,0,0,0.75366678671966,-0.657256703728203,no
7943,RHODE ISLAND,Northeast,2024,20,0,0,0,0,0,0,0,0,0.66925364467563,-0.743034022833669,no
7944,RHODE ISLAND,Northeast,2024,21,0,0,0,0,0,0,0,0,0.575147483234652,-0.818049737197468,no
7945,RHODE ISLAND,Northeast,2024,22,0,0,0,0,0,0,0,0,0.472711272707723,-0.881217369696629,no
7946,RHODE ISLAND,Northeast,2024,23,0,0,0,0,0,0,0,0,0.363428630230867,-0.93162204285242,no
7947,RHODE ISLAND,Northeast,2024,24,0,0,0,0,0,0,0,0,0.248882332052978,-0.968533729300055,no
7948,RHODE ISLAND,Northeast,2024,25,0,0,0,0,0,0,0,0,0.130731389669801,-0.991417825013754,no
7949,RHODE ISLAND,Northeast,2024,26,0,0,0,0,0,0,0,0,0.0106870218179092,-0.999942892151679,no
7950,RHODE ISLAND,Northeast,2024,27,0,0,0,0,0,0,0,0,-0.109512129665869,-0.99398545937858,no
7951,RHODE ISLAND,Northeast,2024,28,0,0,0,0,0,0,0,0,-0.228125181162749,-0.973631810141525,no
7952,RHODE ISLAND,Northeast,2024,29,0,0,0,0,0,0,0,0,-0.343434221058743,-0.939176732998521,no
7953,RHODE ISLAND,Northeast,2024,30,0,0,0,0,0,0,0,0,-0.453769190820369,-0.891119252099419,no
7954,RHODE ISLAND,Northeast,2024,31,0,0,0,0,0,0,0,0,-0.557532072998533,-0.830155399655967,no
7955,RHODE ISLAND,Northeast,2024,32,0,0,0,0,0,0,0,0,-0.653220035837834,-0.757168135079666,no
7956,RHODE ISLAND,Northeast,2024,33,0,0,0,0,0,0,0,0,-0.739447199280337,-0.673214556791863,no
7957,RHODE ISLAND,Northeast,2024,34,0,0,0,0,0,0,0,0,-0.814964707119669,-0.579510591921625,no
7958,RHODE ISLAND,Northeast,2024,35,0,0,0,0,0,0,0,0,-0.878678814593855,-0.477413385635487,no
7959,RHODE ISLAND,Northeast,2024,36,0,0,0,0,0,0,0,0,-0.929666729448389,-0.368401645160191,no
7960,RHODE ISLAND,Northeast,2024,37,0,0,0,0,0,0,0,0,-0.96718997703823,-0.254054223182352,no
7961,RHODE ISLAND,Northeast,2024,38,0,0,0,0,0,0,0,0,-0.990705095897581,-0.136027250808674,no
7962,RHODE ISLAND,Northeast,2024,39,0,0,0,0,0,0,0,0,-0.999871508870024,-0.0160301512775393,no
7963,RHODE ISLAND,Northeast,2024,40,0,0,0,0,0,0,0,0,-0.994556455798857,0.104199118176771,no
7964,RHODE ISLAND,Northeast,2024,41,0,0,0,0,0,0,0,0,-0.97483691633585,0.222919237727053,no
7965,RHODE ISLAND,Northeast,2024,42,0,0,0,0,0,0,0,0,-0.940998495019784,0.338410745057692,no
7966,RHODE ISLAND,Northeast,2024,43,0,0,0,0,0,0,0,0,-0.893531284772509,0.449000938899674,no
7967,RHODE ISLAND,Northeast,2024,44,0,0,0,0,0,0,0,0,-0.833122768722891,0.553088105310089,no
7968,RHODE ISLAND,Northeast,2024,45,0,0,0,0,0,0,0,0,-0.760647863163829,0.649164715818952,no
7969,RHODE ISLAND,Northeast,2024,46,0,0,0,0,0,0,0,0,-0.677156245853474,0.735839261457031,no
7970,RHODE ISLAND,Northeast,2024,47,0,0,0,0,0,0,0,0,-0.583857153188981,0.811856406435312,no
7971,RHODE ISLAND,Northeast,2024,48,0,0,0,0,0,0,0,0,-0.48210186644033,0.876115169583743,no
7972,RHODE ISLAND,Northeast,2024,49,0,0,0,0,0,0,0,0,-0.373364140701786,0.927684870221573,no
7973,RHODE ISLAND,Northeast,2024,50,0,0,0,0,0,0,0,0,-0.25921886001492,0.965818607510005,no
7974,RHODE ISLAND,Northeast,2024,51,0,0,0,0,0,0,0,0,-0.141319227808016,0.989964078061293,no
7975,RHODE ISLAND,Northeast,2024,52,0,0,0,0,0,0,0,0,-0.0213728230101764,0.999771575129327,no
7976,RHODE ISLAND,Northeast,2025,1,0,0,0,0,0,0,0,0,0.120128619954843,0.992758336488667,no
7977,RHODE ISLAND,Northeast,2025,2,0,0,0,0,0,0,0,0,0.238517377822098,0.97113822933549,no
7978,RHODE ISLAND,Northeast,2025,3,0,0,0,0,0,0,0,0,0.353451610505767,0.935452809622634,no
7979,RHODE ISLAND,Northeast,2025,4,0,0,0,0,0,0,0,0,0.463266687927793,0.886218920953741,no
7980,RHODE ISLAND,Northeast,2025,5,0,0,0,0,0,0,0,0,0.566372122409852,0.824149633839001,no
7981,RHODE ISLAND,Northeast,2025,6,0,0,0,0,0,0,0,0,0.661274604226529,0.750143918061759,no
7982,RHODE ISLAND,Northeast,2025,7,0,0,0,0,0,0,0,0,0.746599629698408,0.665273622605165,no
7983,RHODE ISLAND,Northeast,2025,8,0,0,0,0,0,0,0,0,0.821111408578364,0.570767951712827,no
7984,RHODE ISLAND,Northeast,2025,9,0,0,0,0,0,0,0,0,0.883730762405837,0.467995661921774,no
7985,RHODE ISLAND,Northeast,2025,10,0,0,0,0,0,0,0,0,0.933550754601395,0.358445237913918,no
7986,RHODE ISLAND,Northeast,2025,11,0,0,0,0,0,0,0,0,0.969849825925805,0.243703334305638,no
7987,RHODE ISLAND,Northeast,2025,12,0,0,0,0,0,0,0,0,0.992102245058455,0.125431795610095,no
7988,RHODE ISLAND,Northeast,2025,13,0,0,0,0,0,0,0,0,0.999985722936002,0.00534358719969101,no
7989,RHODE ISLAND,Northeast,2025,14,0,0,0,0,0,0,0,0,0.99338608057027,-0.1148220141316,no
7990,RHODE ISLAND,Northeast,2025,15,0,0,0,0,0,0,0,0,0.972398902739873,-0.233324610682822,no
7991,RHODE ISLAND,Northeast,2025,16,0,0,0,0,0,0,0,0,0.937328153604613,-0.348447890595089,no
7992,RHODE ISLAND,Northeast,2025,17,0,0,0,0,0,0,0,0,0.888681774293145,-0.458524485757508,no
7993,RHODE ISLAND,Northeast,2025,18,0,0,0,0,0,0,0,0,0.827164326225506,-0.561960120844802,no
7994,RHODE ISLAND,Northeast,2025,19,0,0,0,0,0,0,0,0,0.75366678671966,-0.657256703728203,no
7995,RHODE ISLAND,Northeast,2025,20,0,0,0,0,0,0,0,0,0.66925364467563,-0.743034022833669,no
7996,RHODE ISLAND,Northeast,2025,21,0,0,0,0,0,0,0,0,0.575147483234652,-0.818049737197468,no
7997,RHODE ISLAND,Northeast,2025,22,0,0,0,0,0,0,0,0,0.472711272707723,-0.881217369696629,no
7998,RHODE ISLAND,Northeast,2025,23,0,0,0,0,0,0,0,0,0.363428630230867,-0.93162204285242,no
7999,RHODE ISLAND,Northeast,2025,24,0,0,0,0,0,0,0,0,0.248882332052978,-0.968533729300055,no
8000,RHODE ISLAND,Northeast,2025,25,0,0,0,0,0,0,0,0,0.130731389669801,-0.991417825013754,no
8001,RHODE ISLAND,Northeast,2025,26,0,0,0,0,0,0,0,0,0.0106870218179092,-0.999942892151679,no
8002,RHODE ISLAND,Northeast,2025,27,0,0,0,0,0,0,0,0,-0.109512129665869,-0.99398545937858,no
8003,RHODE ISLAND,Northeast,2025,28,0,0,0,0,0,0,0,0,-0.228125181162749,-0.973631810141525,no
8004,RHODE ISLAND,Northeast,2025,29,0,0,0,0,0,0,0,0,-0.343434221058743,-0.939176732998521,no
8005,RHODE ISLAND,Northeast,2025,30,0,0,0,0,0,0,0,0,-0.453769190820369,-0.891119252099419,no
8006,RHODE ISLAND,Northeast,2025,31,0,0,0,0,0,0,0,0,-0.557532072998533,-0.830155399655967,no
8007,RHODE ISLAND,Northeast,2025,32,0,0,0,0,0,0,0,0,-0.653220035837834,-0.757168135079666,no
8008,RHODE ISLAND,Northeast,2025,33,0,0,0,0,0,0,0,0,-0.739447199280337,-0.673214556791863,no
8009,RHODE ISLAND,Northeast,2025,34,0,0,0,0,0,0,0,0,-0.814964707119669,-0.579510591921625,no
8010,RHODE ISLAND,Northeast,2025,35,0,0,0,0,0,0,0,0,-0.878678814593855,-0.477413385635487,no
8011,RHODE ISLAND,Northeast,2025,36,0,0,0,0,0,0,0,0,-0.929666729448389,-0.368401645160191,no
8012,RHODE ISLAND,Northeast,2025,37,0,0,0,0,0,0,0,0,-0.96718997703823,-0.254054223182352,no
8013,RHODE ISLAND,Northeast,2025,38,0,0,0,0,0,0,0,0,-0.990705095897581,-0.136027250808674,no
8014,RHODE ISLAND,Northeast,2025,39,0,0,0,0,0,0,0,0,-0.999871508870024,-0.0160301512775393,no
8015,RHODE ISLAND,Northeast,2025,40,0,0,0,0,0,0,0,0,-0.994556455798857,0.104199118176771,no
8016,RHODE ISLAND,Northeast,2025,41,0,0,0,0,0,0,0,0,-0.97483691633585,0.222919237727053,no
8017,RHODE ISLAND,Northeast,2025,42,0,0,0,0,0,0,0,0,-0.940998495019784,0.338410745057692,no
8018,RHODE ISLAND,Northeast,2025,43,0,0,0,0,0,0,0,0,-0.893531284772509,0.449000938899674,no
8019,RHODE ISLAND,Northeast,2025,44,0,0,0,0,0,0,0,0,-0.833122768722891,0.553088105310089,no
8020,RHODE ISLAND,Northeast,2025,45,0,0,0,0,0,0,0,0,-0.760647863163829,0.649164715818952,no
8021,RHODE ISLAND,Northeast,2025,46,0,0,0,0,0,0,0,0,-0.677156245853474,0.735839261457031,no
8022,RHODE ISLAND,Northeast,2025,47,0,0,0,0,0,0,0,0,-0.583857153188981,0.811856406435312,no
8023,RHODE ISLAND,Northeast,2025,48,0,0,0,0,0,0,0,0,-0.48210186644033,0.876115169583743,no
8024,RHODE ISLAND,Northeast,2025,49,0,0,0,0,0,0,0,0,-0.373364140701786,0.927684870221573,no
8025,RHODE ISLAND,Northeast,2025,50,0,0,0,0,0,0,0,0,-0.25921886001492,0.965818607510005,no
8026,RHODE ISLAND,Northeast,2025,51,0,0,0,0,0,0,0,0,-0.141319227808016,0.989964078061293,no
8027,RHODE ISLAND,Northeast,2025,52,0,0,0,0,0,0,0,0,-0.0213728230101764,0.999771575129327,no
8028,RHODE ISLAND,Northeast,2025,53,0,0,0,0,0,0,0,0,0.0988831313727152,0.995099053526797,no
8029,SOUTH CAROLINA,South,2022,9,0,0,0,0,0,0,0,0,0.883730762405837,0.467995661921774,no
8030,SOUTH CAROLINA,South,2022,10,0,0,0,0,0,0,0,0,0.933550754601395,0.358445237913918,no
8031,SOUTH CAROLINA,South,2022,11,0,0,0,0,0,0,0,0,0.969849825925805,0.243703334305638,no
8032,SOUTH CAROLINA,South,2022,12,0,0,0,0,0,0,0,0,0.992102245058455,0.125431795610095,no
8033,SOUTH CAROLINA,South,2022,13,0,0,0,0,0,0,0,0,0.999985722936002,0.00534358719969101,no
8034,SOUTH CAROLINA,South,2022,14,0,0,0,0,0,0,0,0,0.99338608057027,-0.1148220141316,no
8035,SOUTH CAROLINA,South,2022,15,0,0,0,0,0,0,0,0,0.972398902739873,-0.233324610682822,no
8036,SOUTH CAROLINA,South,2022,16,0,0,0,0,0,0,0,0,0.937328153604613,-0.348447890595089,no
8037,SOUTH CAROLINA,South,2022,17,0,0,0,0,0,0,0,0,0.888681774293145,-0.458524485757508,no
8038,SOUTH CAROLINA,South,2022,18,0,0,0,0,0,0,0,0,0.827164326225506,-0.561960120844802,no
8039,SOUTH CAROLINA,South,2022,19,0,0,0,0,0,0,0,0,0.75366678671966,-0.657256703728203,no
8040,SOUTH CAROLINA,South,2022,20,0,0,0,0,0,0,0,0,0.66925364467563,-0.743034022833669,no
8041,SOUTH CAROLINA,South,2022,21,0,0,0,0,0,0,0,0,0.575147483234652,-0.818049737197468,no
8042,SOUTH CAROLINA,South,2022,22,0,0,0,0,0,0,0,0,0.472711272707723,-0.881217369696629,no
8043,SOUTH CAROLINA,South,2022,23,0,0,0,0,0,0,0,0,0.363428630230867,-0.93162204285242,no
8044,SOUTH CAROLINA,South,2022,24,0,0,0,0,0,0,0,0,0.248882332052978,-0.968533729300055,no
8045,SOUTH CAROLINA,South,2022,25,0,0,0,0,0,0,0,0,0.130731389669801,-0.991417825013754,no
8046,SOUTH CAROLINA,South,2022,26,0,0,0,0,0,0,0,0,0.0106870218179092,-0.999942892151679,no
8047,SOUTH CAROLINA,South,2022,27,0,0,0,0,0,0,0,0,-0.109512129665869,-0.99398545937858,no
8048,SOUTH CAROLINA,South,2022,28,0,0,0,0,0,0,0,0,-0.228125181162749,-0.973631810141525,no
8049,SOUTH CAROLINA,South,2022,29,0,0,0,0,0,0,0,0,-0.343434221058743,-0.939176732998521,no
8050,SOUTH CAROLINA,South,2022,30,0,0,0,0,0,0,0,0,-0.453769190820369,-0.891119252099419,no
8051,SOUTH CAROLINA,South,2022,31,0,0,0,0,0,0,0,0,-0.557532072998533,-0.830155399655967,no
8052,SOUTH CAROLINA,South,2022,32,0,0,0,0,0,0,0,0,-0.653220035837834,-0.757168135079666,no
8053,SOUTH CAROLINA,South,2022,33,0,0,0,0,0,0,0,0,-0.739447199280337,-0.673214556791863,no
8054,SOUTH CAROLINA,South,2022,34,0,0,0,0,0,0,0,0,-0.814964707119669,-0.579510591921625,no
8055,SOUTH CAROLINA,South,2022,35,0,0,0,0,0,0,0,0,-0.878678814593855,-0.477413385635487,no
8056,SOUTH CAROLINA,South,2022,36,0,0,0,0,0,0,0,0,-0.929666729448389,-0.368401645160191,no
8057,SOUTH CAROLINA,South,2022,37,0,0,0,0,0,0,0,0,-0.96718997703823,-0.254054223182352,no
8058,SOUTH CAROLINA,South,2022,38,0,0,0,0,0,0,0,0,-0.990705095897581,-0.136027250808674,no
8059,SOUTH CAROLINA,South,2022,39,0,0,0,0,0,0,0,0,-0.999871508870024,-0.0160301512775393,no
8060,SOUTH CAROLINA,South,2022,40,0,0,0,0,0,0,0,0,-0.994556455798857,0.104199118176771,no
8061,SOUTH CAROLINA,South,2022,41,0,0,0,0,0,0,0,0,-0.97483691633585,0.222919237727053,no
8062,SOUTH CAROLINA,South,2022,42,0,0,0,0,0,0,0,0,-0.940998495019784,0.338410745057692,no
8063,SOUTH CAROLINA,South,2022,43,0,0,0,0,0,0,0,0,-0.893531284772509,0.449000938899674,no
8064,SOUTH CAROLINA,South,2022,44,0,0,0,0,0,0,0,0,-0.833122768722891,0.553088105310089,no
8065,SOUTH CAROLINA,South,2022,45,0,0,0,0,0,0,0,0,-0.760647863163829,0.649164715818952,no
8066,SOUTH CAROLINA,South,2022,46,0,0,0,0,0,0,0,0,-0.677156245853474,0.735839261457031,no
8067,SOUTH CAROLINA,South,2022,47,0,0,0,0,0,0,0,0,-0.583857153188981,0.811856406435312,no
8068,SOUTH CAROLINA,South,2022,48,0,0,0,0,0,0,0,0,-0.48210186644033,0.876115169583743,no
8069,SOUTH CAROLINA,South,2022,49,0,0,0,0,0,0,0,0,-0.373364140701786,0.927684870221573,no
8070,SOUTH CAROLINA,South,2022,50,0,0,0,0,0,0,0,0,-0.25921886001492,0.965818607510005,no
8071,SOUTH CAROLINA,South,2022,51,0,0,0,0,0,0,0,0,-0.141319227808016,0.989964078061293,no
8072,SOUTH CAROLINA,South,2022,52,0,0,0,0,0,0,0,0,-0.0213728230101764,0.999771575129327,no
8073,SOUTH CAROLINA,South,2023,1,0,0,0,0,0,0,0,0,0.120128619954843,0.992758336488667,no
8074,SOUTH CAROLINA,South,2023,2,0,0,0,0,0,0,0,0,0.238517377822098,0.97113822933549,no
8075,SOUTH CAROLINA,South,2023,3,0,0,0,0,0,0,0,0,0.353451610505767,0.935452809622634,no
8076,SOUTH CAROLINA,South,2023,4,0,0,0,0,0,0,0,0,0.463266687927793,0.886218920953741,no
8077,SOUTH CAROLINA,South,2023,5,0,0,0,0,0,0,0,0,0.566372122409852,0.824149633839001,no
8078,SOUTH CAROLINA,South,2023,6,0,0,0,0,0,0,0,0,0.661274604226529,0.750143918061759,no
8079,SOUTH CAROLINA,South,2023,7,0,0,0,0,0,0,0,0,0.746599629698408,0.665273622605165,no
8080,SOUTH CAROLINA,South,2023,8,0,0,0,0,0,0,0,0,0.821111408578364,0.570767951712827,no
8081,SOUTH CAROLINA,South,2023,9,0,0,0,0,0,0,0,0,0.883730762405837,0.467995661921774,no
8082,SOUTH CAROLINA,South,2023,10,0,0,0,0,0,0,0,0,0.933550754601395,0.358445237913918,no
8083,SOUTH CAROLINA,South,2023,11,0,0,0,0,0,0,0,0,0.969849825925805,0.243703334305638,no
8084,SOUTH CAROLINA,South,2023,12,0,0,0,0,0,0,0,0,0.992102245058455,0.125431795610095,no
8085,SOUTH CAROLINA,South,2023,13,0,0,0,0,0,0,0,0,0.999985722936002,0.00534358719969101,no
8086,SOUTH CAROLINA,South,2023,14,0,0,0,0,0,0,0,0,0.99338608057027,-0.1148220141316,no
8087,SOUTH CAROLINA,South,2023,15,0,0,0,0,0,0,0,0,0.972398902739873,-0.233324610682822,no
8088,SOUTH CAROLINA,South,2023,16,0,0,0,0,0,0,0,0,0.937328153604613,-0.348447890595089,no
8089,SOUTH CAROLINA,South,2023,17,0,0,0,0,0,0,0,0,0.888681774293145,-0.458524485757508,no
8090,SOUTH CAROLINA,South,2023,18,0,0,0,0,0,0,0,0,0.827164326225506,-0.561960120844802,no
8091,SOUTH CAROLINA,South,2023,19,0,0,0,0,0,0,0,0,0.75366678671966,-0.657256703728203,no
8092,SOUTH CAROLINA,South,2023,20,0,0,0,0,0,0,0,0,0.66925364467563,-0.743034022833669,no
8093,SOUTH CAROLINA,South,2023,21,0,0,0,0,0,0,0,0,0.575147483234652,-0.818049737197468,no
8094,SOUTH CAROLINA,South,2023,22,0,0,0,0,0,0,0,0,0.472711272707723,-0.881217369696629,no
8095,SOUTH CAROLINA,South,2023,23,0,0,0,0,0,0,0,0,0.363428630230867,-0.93162204285242,no
8096,SOUTH CAROLINA,South,2023,24,0,0,0,0,0,0,0,0,0.248882332052978,-0.968533729300055,no
8097,SOUTH CAROLINA,South,2023,25,0,0,0,0,0,0,0,0,0.130731389669801,-0.991417825013754,no
8098,SOUTH CAROLINA,South,2023,26,0,0,0,0,0,0,0,0,0.0106870218179092,-0.999942892151679,no
8099,SOUTH CAROLINA,South,2023,27,0,0,0,0,0,0,0,0,-0.109512129665869,-0.99398545937858,no
8100,SOUTH CAROLINA,South,2023,28,0,0,0,0,0,0,0,0,-0.228125181162749,-0.973631810141525,no
8101,SOUTH CAROLINA,South,2023,29,0,0,0,0,0,0,0,0,-0.343434221058743,-0.939176732998521,no
8102,SOUTH CAROLINA,South,2023,30,0,0,0,0,0,0,0,0,-0.453769190820369,-0.891119252099419,no
8103,SOUTH CAROLINA,South,2023,31,0,0,0,0,0,0,0,0,-0.557532072998533,-0.830155399655967,no
8104,SOUTH CAROLINA,South,2023,32,0,0,0,0,0,0,0,0,-0.653220035837834,-0.757168135079666,no
8105,SOUTH CAROLINA,South,2023,33,0,0,0,0,0,0,0,0,-0.739447199280337,-0.673214556791863,no
8106,SOUTH CAROLINA,South,2023,34,0,0,0,0,0,0,0,0,-0.814964707119669,-0.579510591921625,no
8107,SOUTH CAROLINA,South,2023,35,0,0,0,0,0,0,0,0,-0.878678814593855,-0.477413385635487,no
8108,SOUTH CAROLINA,South,2023,36,0,0,0,0,0,0,0,0,-0.929666729448389,-0.368401645160191,no
8109,SOUTH CAROLINA,South,2023,37,0,0,0,0,0,0,0,0,-0.96718997703823,-0.254054223182352,no
8110,SOUTH CAROLINA,South,2023,38,0,0,0,0,0,0,0,0,-0.990705095897581,-0.136027250808674,no
8111,SOUTH CAROLINA,South,2023,39,0,0,0,0,0,0,0,0,-0.999871508870024,-0.0160301512775393,no
8112,SOUTH CAROLINA,South,2023,40,0,0,0,0,0,0,0,0,-0.994556455798857,0.104199118176771,no
8113,SOUTH CAROLINA,South,2023,41,0,0,0,0,0,0,0,0,-0.97483691633585,0.222919237727053,no
8114,SOUTH CAROLINA,South,2023,42,0,0,0,0,0,0,0,0,-0.940998495019784,0.338410745057692,no
8115,SOUTH CAROLINA,South,2023,43,0,0,0,0,0,0,0,0,-0.893531284772509,0.449000938899674,no
8116,SOUTH CAROLINA,South,2023,44,0,0,0,0,0,0,0,0,-0.833122768722891,0.553088105310089,no
8117,SOUTH CAROLINA,South,2023,45,0,0,0,0,0,0,0,0,-0.760647863163829,0.649164715818952,no
8118,SOUTH CAROLINA,South,2023,46,0,0,0,0,0,0,0,0,-0.677156245853474,0.735839261457031,no
8119,SOUTH CAROLINA,South,2023,47,0,0,0,0,0,0,0,0,-0.583857153188981,0.811856406435312,no
8120,SOUTH CAROLINA,South,2023,48,0,0,0,0,0,0,0,0,-0.48210186644033,0.876115169583743,no
8121,SOUTH CAROLINA,South,2023,49,0,0,0,0,0,0,0,0,-0.373364140701786,0.927684870221573,no
8122,SOUTH CAROLINA,South,2023,50,0,0,0,0,0,0,0,0,-0.25921886001492,0.965818607510005,no
8123,SOUTH CAROLINA,South,2023,51,0,0,0,0,0,0,0,0,-0.141319227808016,0.989964078061293,no
8124,SOUTH CAROLINA,South,2023,52,0,0,0,0,0,0,0,0,-0.0213728230101764,0.999771575129327,no
8125,SOUTH CAROLINA,South,2024,1,0,0,0,0,0,0,0,0,0.120128619954843,0.992758336488667,no
8126,SOUTH CAROLINA,South,2024,2,0,0,0,0,0,0,0,0,0.238517377822098,0.97113822933549,no
8127,SOUTH CAROLINA,South,2024,3,0,0,0,0,0,0,0,0,0.353451610505767,0.935452809622634,no
8128,SOUTH CAROLINA,South,2024,4,0,0,0,0,0,0,0,0,0.463266687927793,0.886218920953741,no
8129,SOUTH CAROLINA,South,2024,5,0,0,0,0,0,0,0,0,0.566372122409852,0.824149633839001,no
8130,SOUTH CAROLINA,South,2024,6,0,0,0,0,0,0,0,0,0.661274604226529,0.750143918061759,no
8131,SOUTH CAROLINA,South,2024,7,0,0,0,0,0,0,0,0,0.746599629698408,0.665273622605165,no
8132,SOUTH CAROLINA,South,2024,8,0,0,0,0,0,0,0,0,0.821111408578364,0.570767951712827,no
8133,SOUTH CAROLINA,South,2024,9,0,0,0,0,0,0,0,0,0.883730762405837,0.467995661921774,no
8134,SOUTH CAROLINA,South,2024,10,0,0,0,0,0,0,0,0,0.933550754601395,0.358445237913918,no
8135,SOUTH CAROLINA,South,2024,11,0,0,0,0,0,0,0,0,0.969849825925805,0.243703334305638,no
8136,SOUTH CAROLINA,South,2024,12,0,0,0,0,0,0,0,0,0.992102245058455,0.125431795610095,no
8137,SOUTH CAROLINA,South,2024,13,0,0,0,0,0,0,0,0,0.999985722936002,0.00534358719969101,no
8138,SOUTH CAROLINA,South,2024,14,0,0,0,0,0,0,0,0,0.99338608057027,-0.1148220141316,no
8139,SOUTH CAROLINA,South,2024,15,0,0,0,0,0,0,0,0,0.972398902739873,-0.233324610682822,no
8140,SOUTH CAROLINA,South,2024,16,0,0,0,0,0,0,0,0,0.937328153604613,-0.348447890595089,no
8141,SOUTH CAROLINA,South,2024,17,0,0,0,0,0,0,0,0,0.888681774293145,-0.458524485757508,no
8142,SOUTH CAROLINA,South,2024,18,0,0,0,0,0,0,0,0,0.827164326225506,-0.561960120844802,no
8143,SOUTH CAROLINA,South,2024,19,0,0,0,0,0,0,0,0,0.75366678671966,-0.657256703728203,no
8144,SOUTH CAROLINA,South,2024,20,0,0,0,0,0,0,0,0,0.66925364467563,-0.743034022833669,no
8145,SOUTH CAROLINA,South,2024,21,0,0,0,0,0,0,0,0,0.575147483234652,-0.818049737197468,no
8146,SOUTH CAROLINA,South,2024,22,0,0,0,0,0,0,0,0,0.472711272707723,-0.881217369696629,no
8147,SOUTH CAROLINA,South,2024,23,0,0,0,0,0,0,0,0,0.363428630230867,-0.93162204285242,no
8148,SOUTH CAROLINA,South,2024,24,0,0,0,0,0,0,0,0,0.248882332052978,-0.968533729300055,no
8149,SOUTH CAROLINA,South,2024,25,0,0,0,0,0,0,0,0,0.130731389669801,-0.991417825013754,no
8150,SOUTH CAROLINA,South,2024,26,0,0,0,0,0,0,0,0,0.0106870218179092,-0.999942892151679,no
8151,SOUTH CAROLINA,South,2024,27,0,0,0,0,0,0,0,0,-0.109512129665869,-0.99398545937858,no
8152,SOUTH CAROLINA,South,2024,28,0,0,0,0,0,0,0,0,-0.228125181162749,-0.973631810141525,no
8153,SOUTH CAROLINA,South,2024,29,0,0,0,0,0,0,0,0,-0.343434221058743,-0.939176732998521,no
8154,SOUTH CAROLINA,South,2024,30,0,0,0,0,0,0,0,0,-0.453769190820369,-0.891119252099419,no
8155,SOUTH CAROLINA,South,2024,31,0,0,0,0,0,0,0,0,-0.557532072998533,-0.830155399655967,no
8156,SOUTH CAROLINA,South,2024,32,0,0,0,0,0,0,0,0,-0.653220035837834,-0.757168135079666,no
8157,SOUTH CAROLINA,South,2024,33,0,0,0,0,0,0,0,0,-0.739447199280337,-0.673214556791863,no
8158,SOUTH CAROLINA,South,2024,34,0,0,0,0,0,0,0,0,-0.814964707119669,-0.579510591921625,no
8159,SOUTH CAROLINA,South,2024,35,0,0,0,0,0,0,0,0,-0.878678814593855,-0.477413385635487,no
8160,SOUTH CAROLINA,South,2024,36,0,0,0,0,0,0,0,0,-0.929666729448389,-0.368401645160191,no
8161,SOUTH CAROLINA,South,2024,37,0,0,0,0,0,0,0,0,-0.96718997703823,-0.254054223182352,no
8162,SOUTH CAROLINA,South,2024,38,0,0,0,0,0,0,0,0,-0.990705095897581,-0.136027250808674,no
8163,SOUTH CAROLINA,South,2024,39,0,0,0,0,0,0,0,0,-0.999871508870024,-0.0160301512775393,no
8164,SOUTH CAROLINA,South,2024,40,0,0,0,0,0,0,0,0,-0.994556455798857,0.104199118176771,no
8165,SOUTH CAROLINA,South,2024,41,0,0,0,0,0,0,0,0,-0.97483691633585,0.222919237727053,no
8166,SOUTH CAROLINA,South,2024,42,0,0,0,0,0,0,0,0,-0.940998495019784,0.338410745057692,no
8167,SOUTH CAROLINA,South,2024,43,0,0,0,0,0,0,0,0,-0.893531284772509,0.449000938899674,no
8168,SOUTH CAROLINA,South,2024,44,0,0,0,0,0,0,0,0,-0.833122768722891,0.553088105310089,no
8169,SOUTH CAROLINA,South,2024,45,0,0,0,0,0,0,0,0,-0.760647863163829,0.649164715818952,no
8170,SOUTH CAROLINA,South,2024,46,0,0,0,0,0,0,0,0,-0.677156245853474,0.735839261457031,no
8171,SOUTH CAROLINA,South,2024,47,0,0,0,0,0,0,0,0,-0.583857153188981,0.811856406435312,no
8172,SOUTH CAROLINA,South,2024,48,0,0,0,0,0,0,0,0,-0.48210186644033,0.876115169583743,no
8173,SOUTH CAROLINA,South,2024,49,0,0,0,0,0,0,0,0,-0.373364140701786,0.927684870221573,no
8174,SOUTH CAROLINA,South,2024,50,0,0,0,0,0,0,0,0,-0.25921886001492,0.965818607510005,no
8175,SOUTH CAROLINA,South,2024,51,0,0,0,0,0,0,0,0,-0.141319227808016,0.989964078061293,no
8176,SOUTH CAROLINA,South,2024,52,0,0,0,0,0,0,0,0,-0.0213728230101764,0.999771575129327,no
8177,SOUTH CAROLINA,South,2025,1,0,0,0,0,0,0,0,0,0.120128619954843,0.992758336488667,no
8178,SOUTH CAROLINA,South,2025,2,0,0,0,0,0,0,0,0,0.238517377822098,0.97113822933549,no
8179,SOUTH CAROLINA,South,2025,3,0,0,0,0,0,0,0,0,0.353451610505767,0.935452809622634,no
8180,SOUTH CAROLINA,South,2025,4,0,0,0,0,0,0,0,0,0.463266687927793,0.886218920953741,no
8181,SOUTH CAROLINA,South,2025,5,0,0,0,0,0,0,0,0,0.566372122409852,0.824149633839001,no
8182,SOUTH CAROLINA,South,2025,6,0,0,0,0,0,0,0,0,0.661274604226529,0.750143918061759,no
8183,SOUTH CAROLINA,South,2025,7,0,0,0,0,0,0,0,0,0.746599629698408,0.665273622605165,no
8184,SOUTH CAROLINA,South,2025,8,0,0,0,0,0,0,0,0,0.821111408578364,0.570767951712827,no
8185,SOUTH CAROLINA,South,2025,9,0,0,0,0,0,0,0,0,0.883730762405837,0.467995661921774,no
8186,SOUTH CAROLINA,South,2025,10,0,0,0,0,0,0,0,0,0.933550754601395,0.358445237913918,no
8187,SOUTH CAROLINA,South,2025,11,0,0,0,0,0,0,0,0,0.969849825925805,0.243703334305638,no
8188,SOUTH CAROLINA,South,2025,12,0,0,0,0,0,0,0,0,0.992102245058455,0.125431795610095,no
8189,SOUTH CAROLINA,South,2025,13,0,0,0,0,0,0,0,0,0.999985722936002,0.00534358719969101,no
8190,SOUTH CAROLINA,South,2025,14,0,0,0,0,0,0,0,0,0.99338608057027,-0.1148220141316,no
8191,SOUTH CAROLINA,South,2025,15,0,0,0,0,0,0,0,0,0.972398902739873,-0.233324610682822,no
8192,SOUTH CAROLINA,South,2025,16,0,0,0,0,0,0,0,0,0.937328153604613,-0.348447890595089,no
8193,SOUTH CAROLINA,South,2025,17,0,0,0,0,0,0,0,0,0.888681774293145,-0.458524485757508,no
8194,SOUTH CAROLINA,South,2025,18,0,0,0,0,0,0,0,0,0.827164326225506,-0.561960120844802,no
8195,SOUTH CAROLINA,South,2025,19,0,0,0,0,0,0,0,0,0.75366678671966,-0.657256703728203,no
8196,SOUTH CAROLINA,South,2025,20,0,0,0,0,0,0,0,0,0.66925364467563,-0.743034022833669,no
8197,SOUTH CAROLINA,South,2025,21,0,0,0,0,0,0,0,0,0.575147483234652,-0.818049737197468,no
8198,SOUTH CAROLINA,South,2025,22,0,0,0,0,0,0,0,0,0.472711272707723,-0.881217369696629,no
8199,SOUTH CAROLINA,South,2025,23,0,0,0,0,0,0,0,0,0.363428630230867,-0.93162204285242,no
8200,SOUTH CAROLINA,South,2025,24,0,0,0,0,0,0,0,0,0.248882332052978,-0.968533729300055,no
8201,SOUTH CAROLINA,South,2025,25,0,0,0,0,0,0,0,0,0.130731389669801,-0.991417825013754,no
8202,SOUTH CAROLINA,South,2025,26,0,0,0,0,0,0,0,0,0.0106870218179092,-0.999942892151679,no
8203,SOUTH CAROLINA,South,2025,27,0,0,0,0,0,0,0,0,-0.109512129665869,-0.99398545937858,no
8204,SOUTH CAROLINA,South,2025,28,0,0,0,0,0,0,0,0,-0.228125181162749,-0.973631810141525,no
8205,SOUTH CAROLINA,South,2025,29,0,0,0,0,0,0,0,0,-0.343434221058743,-0.939176732998521,no
8206,SOUTH CAROLINA,South,2025,30,0,0,0,0,0,0,0,0,-0.453769190820369,-0.891119252099419,no
8207,SOUTH CAROLINA,South,2025,31,0,0,0,0,0,0,0,0,-0.557532072998533,-0.830155399655967,no
8208,SOUTH CAROLINA,South,2025,32,0,0,0,0,0,0,0,0,-0.653220035837834,-0.757168135079666,no
8209,SOUTH CAROLINA,South,2025,33,0,0,0,0,0,0,0,0,-0.739447199280337,-0.673214556791863,no
8210,SOUTH CAROLINA,South,2025,34,0,0,0,0,0,0,0,0,-0.814964707119669,-0.579510591921625,no
8211,SOUTH CAROLINA,South,2025,35,0,0,0,0,0,0,0,0,-0.878678814593855,-0.477413385635487,no
8212,SOUTH CAROLINA,South,2025,36,0,0,0,0,0,0,0,0,-0.929666729448389,-0.368401645160191,no
8213,SOUTH CAROLINA,South,2025,37,0,0,0,0,0,0,0,0,-0.96718997703823,-0.254054223182352,no
8214,SOUTH CAROLINA,South,2025,38,0,0,0,0,0,0,0,0,-0.990705095897581,-0.136027250808674,no
8215,SOUTH CAROLINA,South,2025,39,0,0,0,0,0,0,0,0,-0.999871508870024,-0.0160301512775393,no
8216,SOUTH CAROLINA,South,2025,40,0,0,0,0,0,0,0,0,-0.994556455798857,0.104199118176771,no
8217,SOUTH CAROLINA,South,2025,41,0,0,0,0,0,0,0,0,-0.97483691633585,0.222919237727053,no
8218,SOUTH CAROLINA,South,2025,42,0,0,0,0,0,0,0,0,-0.940998495019784,0.338410745057692,no
8219,SOUTH CAROLINA,South,2025,43,0,0,0,0,0,0,0,0,-0.893531284772509,0.449000938899674,no
8220,SOUTH CAROLINA,South,2025,44,0,0,0,0,0,0,0,0,-0.833122768722891,0.553088105310089,no
8221,SOUTH CAROLINA,South,2025,45,0,0,0,0,0,0,0,0,-0.760647863163829,0.649164715818952,no
8222,SOUTH CAROLINA,South,2025,46,0,0,0,0,0,0,0,0,-0.677156245853474,0.735839261457031,no
8223,SOUTH CAROLINA,South,2025,47,0,0,0,0,0,0,0,0,-0.583857153188981,0.811856406435312,no
8224,SOUTH CAROLINA,South,2025,48,0,0,0,0,0,0,0,0,-0.48210186644033,0.876115169583743,no
8225,SOUTH CAROLINA,South,2025,49,0,0,0,0,0,0,0,0,-0.373364140701786,0.927684870221573,no
8226,SOUTH CAROLINA,South,2025,50,0,0,0,0,0,0,0,0,-0.25921886001492,0.965818607510005,no
8227,SOUTH CAROLINA,South,2025,51,0,0,0,0,0,0,0,0,-0.141319227808016,0.989964078061293,no
8228,SOUTH CAROLINA,South,2025,52,0,0,0,0,0,0,0,0,-0.0213728230101764,0.999771575129327,no
8229,SOUTH CAROLINA,South,2025,53,0,0,0,0,0,0,0,0,0.0988831313727152,0.995099053526797,no
8230,SOUTH DAKOTA,North Central,2022,9,0,0,0,0,0,0,0,0,0.883730762405837,0.467995661921774,no
8231,SOUTH DAKOTA,North Central,2022,10,0,0,0,0,0,0,0,0,0.933550754601395,0.358445237913918,no
8232,SOUTH DAKOTA,North Central,2022,11,0,0,0,0,0,0,0,0,0.969849825925805,0.243703334305638,no
8233,SOUTH DAKOTA,North Central,2022,12,0,0,0,0,0,0,0,0,0.992102245058455,0.125431795610095,no
8234,SOUTH DAKOTA,North Central,2022,13,0,0,0,0,0,0,0,0,0.999985722936002,0.00534358719969101,no
8235,SOUTH DAKOTA,North Central,2022,14,0,0,0,0,0,0,0,0,0.99338608057027,-0.1148220141316,no
8236,SOUTH DAKOTA,North Central,2022,15,0,0,0,0,0,0,0,0,0.972398902739873,-0.233324610682822,no
8237,SOUTH DAKOTA,North Central,2022,16,0,0,0,0,0,0,0,0,0.937328153604613,-0.348447890595089,no
8238,SOUTH DAKOTA,North Central,2022,17,0,0,0,0,0,0,0,0,0.888681774293145,-0.458524485757508,no
8239,SOUTH DAKOTA,North Central,2022,18,0,0,0,0,0,0,0,0,0.827164326225506,-0.561960120844802,no
8240,SOUTH DAKOTA,North Central,2022,19,0,0,0,0,0,0,0,0,0.75366678671966,-0.657256703728203,no
8241,SOUTH DAKOTA,North Central,2022,20,0,0,0,0,0,0,0,0,0.66925364467563,-0.743034022833669,no
8242,SOUTH DAKOTA,North Central,2022,21,0,0,0,0,0,0,0,0,0.575147483234652,-0.818049737197468,no
8243,SOUTH DAKOTA,North Central,2022,22,0,0,0,0,0,0,0,0,0.472711272707723,-0.881217369696629,no
8244,SOUTH DAKOTA,North Central,2022,23,0,0,0,0,0,0,0,0,0.363428630230867,-0.93162204285242,no
8245,SOUTH DAKOTA,North Central,2022,24,0,0,0,0,0,0,0,0,0.248882332052978,-0.968533729300055,no
8246,SOUTH DAKOTA,North Central,2022,25,0,0,0,0,0,0,0,0,0.130731389669801,-0.991417825013754,no
8247,SOUTH DAKOTA,North Central,2022,26,0,0,0,0,0,0,0,0,0.0106870218179092,-0.999942892151679,no
8248,SOUTH DAKOTA,North Central,2022,27,0,0,0,0,0,0,0,0,-0.109512129665869,-0.99398545937858,no
8249,SOUTH DAKOTA,North Central,2022,28,0,0,0,0,0,0,0,0,-0.228125181162749,-0.973631810141525,no
8250,SOUTH DAKOTA,North Central,2022,29,0,0,0,0,0,0,0,0,-0.343434221058743,-0.939176732998521,no
8251,SOUTH DAKOTA,North Central,2022,30,0,0,0,0,0,0,0,0,-0.453769190820369,-0.891119252099419,no
8252,SOUTH DAKOTA,North Central,2022,31,0,0,0,0,0,0,0,0,-0.557532072998533,-0.830155399655967,no
8253,SOUTH DAKOTA,North Central,2022,32,0,0,0,0,0,0,0,1,-0.653220035837834,-0.757168135079666,yes
8254,SOUTH DAKOTA,North Central,2022,33,0,0,0,0,0,0,0,1,-0.739447199280337,-0.673214556791863,yes
8255,SOUTH DAKOTA,North Central,2022,34,0,0,0,0,0,0,0,1,-0.814964707119669,-0.579510591921625,yes
8256,SOUTH DAKOTA,North Central,2022,35,0,0,0,0,0,0,0,1,-0.878678814593855,-0.477413385635487,yes
8257,SOUTH DAKOTA,North Central,2022,36,1,0,0,0,0,0,0,0,-0.929666729448389,-0.368401645160191,no
8258,SOUTH DAKOTA,North Central,2022,37,0,1,0,0,1,1,1,0,-0.96718997703823,-0.254054223182352,no
8259,SOUTH DAKOTA,North Central,2022,38,0,0,1,0,1,1,1,0,-0.990705095897581,-0.136027250808674,no
8260,SOUTH DAKOTA,North Central,2022,39,0,0,0,0,1,1,1,0,-0.999871508870024,-0.0160301512775393,no
8261,SOUTH DAKOTA,North Central,2022,40,0,0,0,1,1,1,1,0,-0.994556455798857,0.104199118176771,no
8262,SOUTH DAKOTA,North Central,2022,41,0,0,0,0,0,1,1,0,-0.97483691633585,0.222919237727053,no
8263,SOUTH DAKOTA,North Central,2022,42,0,0,0,0,0,1,1,0,-0.940998495019784,0.338410745057692,no
8264,SOUTH DAKOTA,North Central,2022,43,0,0,0,0,0,1,1,0,-0.893531284772509,0.449000938899674,no
8265,SOUTH DAKOTA,North Central,2022,44,0,0,0,0,0,1,1,0,-0.833122768722891,0.553088105310089,no
8266,SOUTH DAKOTA,North Central,2022,45,0,0,0,0,0,0,0,0,-0.760647863163829,0.649164715818952,no
8267,SOUTH DAKOTA,North Central,2022,46,0,0,0,0,0,0,0,0,-0.677156245853474,0.735839261457031,no
8268,SOUTH DAKOTA,North Central,2022,47,0,0,0,0,0,0,0,0,-0.583857153188981,0.811856406435312,no
8269,SOUTH DAKOTA,North Central,2022,48,0,0,0,0,0,0,0,0,-0.48210186644033,0.876115169583743,no
8270,SOUTH DAKOTA,North Central,2022,49,0,0,0,0,0,0,0,0,-0.373364140701786,0.927684870221573,no
8271,SOUTH DAKOTA,North Central,2022,50,0,0,0,0,0,0,0,0,-0.25921886001492,0.965818607510005,no
8272,SOUTH DAKOTA,North Central,2022,51,0,0,0,0,0,0,0,0,-0.141319227808016,0.989964078061293,no
8273,SOUTH DAKOTA,North Central,2022,52,0,0,0,0,0,0,0,0,-0.0213728230101764,0.999771575129327,no
8274,SOUTH DAKOTA,North Central,2023,1,0,0,0,0,0,0,0,0,0.120128619954843,0.992758336488667,no
8275,SOUTH DAKOTA,North Central,2023,2,0,0,0,0,0,0,0,0,0.238517377822098,0.97113822933549,no
8276,SOUTH DAKOTA,North Central,2023,3,0,0,0,0,0,0,0,0,0.353451610505767,0.935452809622634,no
8277,SOUTH DAKOTA,North Central,2023,4,0,0,0,0,0,0,0,0,0.463266687927793,0.886218920953741,no
8278,SOUTH DAKOTA,North Central,2023,5,0,0,0,0,0,0,0,0,0.566372122409852,0.824149633839001,no
8279,SOUTH DAKOTA,North Central,2023,6,0,0,0,0,0,0,0,0,0.661274604226529,0.750143918061759,no
8280,SOUTH DAKOTA,North Central,2023,7,0,0,0,0,0,0,0,0,0.746599629698408,0.665273622605165,no
8281,SOUTH DAKOTA,North Central,2023,8,0,0,0,0,0,0,0,0,0.821111408578364,0.570767951712827,no
8282,SOUTH DAKOTA,North Central,2023,9,0,0,0,0,0,0,0,0,0.883730762405837,0.467995661921774,no
8283,SOUTH DAKOTA,North Central,2023,10,0,0,0,0,0,0,0,0,0.933550754601395,0.358445237913918,no
8284,SOUTH DAKOTA,North Central,2023,11,0,0,0,0,0,0,0,0,0.969849825925805,0.243703334305638,no
8285,SOUTH DAKOTA,North Central,2023,12,0,0,0,0,0,0,0,0,0.992102245058455,0.125431795610095,no
8286,SOUTH DAKOTA,North Central,2023,13,0,0,0,0,0,0,0,0,0.999985722936002,0.00534358719969101,no
8287,SOUTH DAKOTA,North Central,2023,14,0,0,0,0,0,0,0,0,0.99338608057027,-0.1148220141316,no
8288,SOUTH DAKOTA,North Central,2023,15,0,0,0,0,0,0,0,0,0.972398902739873,-0.233324610682822,no
8289,SOUTH DAKOTA,North Central,2023,16,0,0,0,0,0,0,0,0,0.937328153604613,-0.348447890595089,no
8290,SOUTH DAKOTA,North Central,2023,17,0,0,0,0,0,0,0,0,0.888681774293145,-0.458524485757508,no
8291,SOUTH DAKOTA,North Central,2023,18,0,0,0,0,0,0,0,0,0.827164326225506,-0.561960120844802,no
8292,SOUTH DAKOTA,North Central,2023,19,0,0,0,0,0,0,0,0,0.75366678671966,-0.657256703728203,no
8293,SOUTH DAKOTA,North Central,2023,20,0,0,0,0,0,0,0,0,0.66925364467563,-0.743034022833669,no
8294,SOUTH DAKOTA,North Central,2023,21,0,0,0,0,0,0,0,0,0.575147483234652,-0.818049737197468,no
8295,SOUTH DAKOTA,North Central,2023,22,0,0,0,0,0,0,0,0,0.472711272707723,-0.881217369696629,no
8296,SOUTH DAKOTA,North Central,2023,23,0,0,0,0,0,0,0,0,0.363428630230867,-0.93162204285242,no
8297,SOUTH DAKOTA,North Central,2023,24,0,0,0,0,0,0,0,0,0.248882332052978,-0.968533729300055,no
8298,SOUTH DAKOTA,North Central,2023,25,0,0,0,0,0,0,0,0,0.130731389669801,-0.991417825013754,no
8299,SOUTH DAKOTA,North Central,2023,26,0,0,0,0,0,0,0,0,0.0106870218179092,-0.999942892151679,no
8300,SOUTH DAKOTA,North Central,2023,27,0,0,0,0,0,0,0,0,-0.109512129665869,-0.99398545937858,no
8301,SOUTH DAKOTA,North Central,2023,28,0,0,0,0,0,0,0,0,-0.228125181162749,-0.973631810141525,no
8302,SOUTH DAKOTA,North Central,2023,29,0,0,0,0,0,0,0,0,-0.343434221058743,-0.939176732998521,no
8303,SOUTH DAKOTA,North Central,2023,30,0,0,0,0,0,0,0,0,-0.453769190820369,-0.891119252099419,no
8304,SOUTH DAKOTA,North Central,2023,31,0,0,0,0,0,0,0,0,-0.557532072998533,-0.830155399655967,no
8305,SOUTH DAKOTA,North Central,2023,32,0,0,0,0,0,0,0,0,-0.653220035837834,-0.757168135079666,no
8306,SOUTH DAKOTA,North Central,2023,33,0,0,0,0,0,0,0,0,-0.739447199280337,-0.673214556791863,no
8307,SOUTH DAKOTA,North Central,2023,34,0,0,0,0,0,0,0,0,-0.814964707119669,-0.579510591921625,no
8308,SOUTH DAKOTA,North Central,2023,35,0,0,0,0,0,0,0,0,-0.878678814593855,-0.477413385635487,no
8309,SOUTH DAKOTA,North Central,2023,36,0,0,0,0,0,0,0,0,-0.929666729448389,-0.368401645160191,no
8310,SOUTH DAKOTA,North Central,2023,37,0,0,0,0,0,0,0,0,-0.96718997703823,-0.254054223182352,no
8311,SOUTH DAKOTA,North Central,2023,38,0,0,0,0,0,0,0,0,-0.990705095897581,-0.136027250808674,no
8312,SOUTH DAKOTA,North Central,2023,39,0,0,0,0,0,0,0,0,-0.999871508870024,-0.0160301512775393,no
8313,SOUTH DAKOTA,North Central,2023,40,0,0,0,0,0,0,0,0,-0.994556455798857,0.104199118176771,no
8314,SOUTH DAKOTA,North Central,2023,41,0,0,0,0,0,0,0,0,-0.97483691633585,0.222919237727053,no
8315,SOUTH DAKOTA,North Central,2023,42,0,0,0,0,0,0,0,0,-0.940998495019784,0.338410745057692,no
8316,SOUTH DAKOTA,North Central,2023,43,0,0,0,0,0,0,0,0,-0.893531284772509,0.449000938899674,no
8317,SOUTH DAKOTA,North Central,2023,44,0,0,0,0,0,0,0,0,-0.833122768722891,0.553088105310089,no
8318,SOUTH DAKOTA,North Central,2023,45,0,0,0,0,0,0,0,0,-0.760647863163829,0.649164715818952,no
8319,SOUTH DAKOTA,North Central,2023,46,0,0,0,0,0,0,0,0,-0.677156245853474,0.735839261457031,no
8320,SOUTH DAKOTA,North Central,2023,47,0,0,0,0,0,0,0,0,-0.583857153188981,0.811856406435312,no
8321,SOUTH DAKOTA,North Central,2023,48,0,0,0,0,0,0,0,0,-0.48210186644033,0.876115169583743,no
8322,SOUTH DAKOTA,North Central,2023,49,0,0,0,0,0,0,0,0,-0.373364140701786,0.927684870221573,no
8323,SOUTH DAKOTA,North Central,2023,50,0,0,0,0,0,0,0,0,-0.25921886001492,0.965818607510005,no
8324,SOUTH DAKOTA,North Central,2023,51,0,0,0,0,0,0,0,0,-0.141319227808016,0.989964078061293,no
8325,SOUTH DAKOTA,North Central,2023,52,0,0,0,0,0,0,0,0,-0.0213728230101764,0.999771575129327,no
8326,SOUTH DAKOTA,North Central,2024,1,0,0,0,0,0,0,0,0,0.120128619954843,0.992758336488667,no
8327,SOUTH DAKOTA,North Central,2024,2,0,0,0,0,0,0,0,0,0.238517377822098,0.97113822933549,no
8328,SOUTH DAKOTA,North Central,2024,3,0,0,0,0,0,0,0,0,0.353451610505767,0.935452809622634,no
8329,SOUTH DAKOTA,North Central,2024,4,0,0,0,0,0,0,0,0,0.463266687927793,0.886218920953741,no
8330,SOUTH DAKOTA,North Central,2024,5,0,0,0,0,0,0,0,0,0.566372122409852,0.824149633839001,no
8331,SOUTH DAKOTA,North Central,2024,6,0,0,0,0,0,0,0,0,0.661274604226529,0.750143918061759,no
8332,SOUTH DAKOTA,North Central,2024,7,0,0,0,0,0,0,0,0,0.746599629698408,0.665273622605165,no
8333,SOUTH DAKOTA,North Central,2024,8,0,0,0,0,0,0,0,0,0.821111408578364,0.570767951712827,no
8334,SOUTH DAKOTA,North Central,2024,9,0,0,0,0,0,0,0,0,0.883730762405837,0.467995661921774,no
8335,SOUTH DAKOTA,North Central,2024,10,0,0,0,0,0,0,0,0,0.933550754601395,0.358445237913918,no
8336,SOUTH DAKOTA,North Central,2024,11,0,0,0,0,0,0,0,0,0.969849825925805,0.243703334305638,no
8337,SOUTH DAKOTA,North Central,2024,12,0,0,0,0,0,0,0,0,0.992102245058455,0.125431795610095,no
8338,SOUTH DAKOTA,North Central,2024,13,0,0,0,0,0,0,0,0,0.999985722936002,0.00534358719969101,no
8339,SOUTH DAKOTA,North Central,2024,14,0,0,0,0,0,0,0,0,0.99338608057027,-0.1148220141316,no
8340,SOUTH DAKOTA,North Central,2024,15,0,0,0,0,0,0,0,0,0.972398902739873,-0.233324610682822,no
8341,SOUTH DAKOTA,North Central,2024,16,0,0,0,0,0,0,0,0,0.937328153604613,-0.348447890595089,no
8342,SOUTH DAKOTA,North Central,2024,17,0,0,0,0,0,0,0,0,0.888681774293145,-0.458524485757508,no
8343,SOUTH DAKOTA,North Central,2024,18,0,0,0,0,0,0,0,0,0.827164326225506,-0.561960120844802,no
8344,SOUTH DAKOTA,North Central,2024,19,0,0,0,0,0,0,0,0,0.75366678671966,-0.657256703728203,no
8345,SOUTH DAKOTA,North Central,2024,20,0,0,0,0,0,0,0,0,0.66925364467563,-0.743034022833669,no
8346,SOUTH DAKOTA,North Central,2024,21,0,0,0,0,0,0,0,0,0.575147483234652,-0.818049737197468,no
8347,SOUTH DAKOTA,North Central,2024,22,0,0,0,0,0,0,0,0,0.472711272707723,-0.881217369696629,no
8348,SOUTH DAKOTA,North Central,2024,23,0,0,0,0,0,0,0,0,0.363428630230867,-0.93162204285242,no
8349,SOUTH DAKOTA,North Central,2024,24,0,0,0,0,0,0,0,0,0.248882332052978,-0.968533729300055,no
8350,SOUTH DAKOTA,North Central,2024,25,0,0,0,0,0,0,0,0,0.130731389669801,-0.991417825013754,no
8351,SOUTH DAKOTA,North Central,2024,26,0,0,0,0,0,0,0,0,0.0106870218179092,-0.999942892151679,no
8352,SOUTH DAKOTA,North Central,2024,27,0,0,0,0,0,0,0,0,-0.109512129665869,-0.99398545937858,no
8353,SOUTH DAKOTA,North Central,2024,28,0,0,0,0,0,0,0,0,-0.228125181162749,-0.973631810141525,no
8354,SOUTH DAKOTA,North Central,2024,29,0,0,0,0,0,0,0,0,-0.343434221058743,-0.939176732998521,no
8355,SOUTH DAKOTA,North Central,2024,30,0,0,0,0,0,0,0,0,-0.453769190820369,-0.891119252099419,no
8356,SOUTH DAKOTA,North Central,2024,31,0,0,0,0,0,0,0,0,-0.557532072998533,-0.830155399655967,no
8357,SOUTH DAKOTA,North Central,2024,32,0,0,0,0,0,0,0,0,-0.653220035837834,-0.757168135079666,no
8358,SOUTH DAKOTA,North Central,2024,33,0,0,0,0,0,0,0,0,-0.739447199280337,-0.673214556791863,no
8359,SOUTH DAKOTA,North Central,2024,34,0,0,0,0,0,0,0,0,-0.814964707119669,-0.579510591921625,no
8360,SOUTH DAKOTA,North Central,2024,35,0,0,0,0,0,0,0,1,-0.878678814593855,-0.477413385635487,yes
8361,SOUTH DAKOTA,North Central,2024,36,0,0,0,0,0,0,0,1,-0.929666729448389,-0.368401645160191,yes
8362,SOUTH DAKOTA,North Central,2024,37,0,0,0,0,0,0,0,1,-0.96718997703823,-0.254054223182352,yes
8363,SOUTH DAKOTA,North Central,2024,38,0,0,0,0,0,0,0,1,-0.990705095897581,-0.136027250808674,yes
8364,SOUTH DAKOTA,North Central,2024,39,1,0,0,0,0,0,0,0,-0.999871508870024,-0.0160301512775393,no
8365,SOUTH DAKOTA,North Central,2024,40,0,1,0,0,1,1,1,0,-0.994556455798857,0.104199118176771,no
8366,SOUTH DAKOTA,North Central,2024,41,0,0,1,0,1,1,1,0,-0.97483691633585,0.222919237727053,no
8367,SOUTH DAKOTA,North Central,2024,42,0,0,0,0,1,1,1,0,-0.940998495019784,0.338410745057692,no
8368,SOUTH DAKOTA,North Central,2024,43,0,0,0,1,1,1,1,0,-0.893531284772509,0.449000938899674,no
8369,SOUTH DAKOTA,North Central,2024,44,0,0,0,0,0,1,1,0,-0.833122768722891,0.553088105310089,no
8370,SOUTH DAKOTA,North Central,2024,45,0,0,0,0,0,1,1,0,-0.760647863163829,0.649164715818952,no
8371,SOUTH DAKOTA,North Central,2024,46,0,0,0,0,0,1,1,0,-0.677156245853474,0.735839261457031,no
8372,SOUTH DAKOTA,North Central,2024,47,0,0,0,0,0,1,1,0,-0.583857153188981,0.811856406435312,no
8373,SOUTH DAKOTA,North Central,2024,48,0,0,0,0,0,0,0,0,-0.48210186644033,0.876115169583743,no
8374,SOUTH DAKOTA,North Central,2024,49,0,0,0,0,0,0,0,0,-0.373364140701786,0.927684870221573,no
8375,SOUTH DAKOTA,North Central,2024,50,0,0,0,0,0,0,0,0,-0.25921886001492,0.965818607510005,no
8376,SOUTH DAKOTA,North Central,2024,51,0,0,0,0,0,0,0,0,-0.141319227808016,0.989964078061293,no
8377,SOUTH DAKOTA,North Central,2024,52,0,0,0,0,0,0,0,0,-0.0213728230101764,0.999771575129327,no
8378,SOUTH DAKOTA,North Central,2025,1,0,0,0,0,0,0,0,0,0.120128619954843,0.992758336488667,no
8379,SOUTH DAKOTA,North Central,2025,2,0,0,0,0,0,0,0,0,0.238517377822098,0.97113822933549,no
8380,SOUTH DAKOTA,North Central,2025,3,0,0,0,0,0,0,0,0,0.353451610505767,0.935452809622634,no
8381,SOUTH DAKOTA,North Central,2025,4,0,0,0,0,0,0,0,0,0.463266687927793,0.886218920953741,no
8382,SOUTH DAKOTA,North Central,2025,5,0,0,0,0,0,0,0,0,0.566372122409852,0.824149633839001,no
8383,SOUTH DAKOTA,North Central,2025,6,0,0,0,0,0,0,0,0,0.661274604226529,0.750143918061759,no
8384,SOUTH DAKOTA,North Central,2025,7,0,0,0,0,0,0,0,0,0.746599629698408,0.665273622605165,no
8385,SOUTH DAKOTA,North Central,2025,8,0,0,0,0,0,0,0,0,0.821111408578364,0.570767951712827,no
8386,SOUTH DAKOTA,North Central,2025,9,0,0,0,0,0,0,0,0,0.883730762405837,0.467995661921774,no
8387,SOUTH DAKOTA,North Central,2025,10,0,0,0,0,0,0,0,0,0.933550754601395,0.358445237913918,no
8388,SOUTH DAKOTA,North Central,2025,11,0,0,0,0,0,0,0,0,0.969849825925805,0.243703334305638,no
8389,SOUTH DAKOTA,North Central,2025,12,0,0,0,0,0,0,0,0,0.992102245058455,0.125431795610095,no
8390,SOUTH DAKOTA,North Central,2025,13,0,0,0,0,0,0,0,0,0.999985722936002,0.00534358719969101,no
8391,SOUTH DAKOTA,North Central,2025,14,0,0,0,0,0,0,0,0,0.99338608057027,-0.1148220141316,no
8392,SOUTH DAKOTA,North Central,2025,15,0,0,0,0,0,0,0,0,0.972398902739873,-0.233324610682822,no
8393,SOUTH DAKOTA,North Central,2025,16,0,0,0,0,0,0,0,0,0.937328153604613,-0.348447890595089,no
8394,SOUTH DAKOTA,North Central,2025,17,0,0,0,0,0,0,0,0,0.888681774293145,-0.458524485757508,no
8395,SOUTH DAKOTA,North Central,2025,18,0,0,0,0,0,0,0,0,0.827164326225506,-0.561960120844802,no
8396,SOUTH DAKOTA,North Central,2025,19,0,0,0,0,0,0,0,0,0.75366678671966,-0.657256703728203,no
8397,SOUTH DAKOTA,North Central,2025,20,0,0,0,0,0,0,0,0,0.66925364467563,-0.743034022833669,no
8398,SOUTH DAKOTA,North Central,2025,21,0,0,0,0,0,0,0,0,0.575147483234652,-0.818049737197468,no
8399,SOUTH DAKOTA,North Central,2025,22,0,0,0,0,0,0,0,0,0.472711272707723,-0.881217369696629,no
8400,SOUTH DAKOTA,North Central,2025,23,0,0,0,0,0,0,0,0,0.363428630230867,-0.93162204285242,no
8401,SOUTH DAKOTA,North Central,2025,24,0,0,0,0,0,0,0,0,0.248882332052978,-0.968533729300055,no
8402,SOUTH DAKOTA,North Central,2025,25,0,0,0,0,0,0,0,0,0.130731389669801,-0.991417825013754,no
8403,SOUTH DAKOTA,North Central,2025,26,0,0,0,0,0,0,0,0,0.0106870218179092,-0.999942892151679,no
8404,SOUTH DAKOTA,North Central,2025,27,0,0,0,0,0,0,0,0,-0.109512129665869,-0.99398545937858,no
8405,SOUTH DAKOTA,North Central,2025,28,0,0,0,0,0,0,0,0,-0.228125181162749,-0.973631810141525,no
8406,SOUTH DAKOTA,North Central,2025,29,0,0,0,0,0,0,0,0,-0.343434221058743,-0.939176732998521,no
8407,SOUTH DAKOTA,North Central,2025,30,0,0,0,0,0,0,0,0,-0.453769190820369,-0.891119252099419,no
8408,SOUTH DAKOTA,North Central,2025,31,0,0,0,0,0,0,0,0,-0.557532072998533,-0.830155399655967,no
8409,SOUTH DAKOTA,North Central,2025,32,0,0,0,0,0,0,0,0,-0.653220035837834,-0.757168135079666,no
8410,SOUTH DAKOTA,North Central,2025,33,0,0,0,0,0,0,0,0,-0.739447199280337,-0.673214556791863,no
8411,SOUTH DAKOTA,North Central,2025,34,0,0,0,0,0,0,0,0,-0.814964707119669,-0.579510591921625,no
8412,SOUTH DAKOTA,North Central,2025,35,0,0,0,0,0,0,0,0,-0.878678814593855,-0.477413385635487,no
8413,SOUTH DAKOTA,North Central,2025,36,0,0,0,0,0,0,0,0,-0.929666729448389,-0.368401645160191,no
8414,SOUTH DAKOTA,North Central,2025,37,0,0,0,0,0,0,0,0,-0.96718997703823,-0.254054223182352,no
8415,SOUTH DAKOTA,North Central,2025,38,0,0,0,0,0,0,0,0,-0.990705095897581,-0.136027250808674,no
8416,SOUTH DAKOTA,North Central,2025,39,0,0,0,0,0,0,0,0,-0.999871508870024,-0.0160301512775393,no
8417,SOUTH DAKOTA,North Central,2025,40,0,0,0,0,0,0,0,0,-0.994556455798857,0.104199118176771,no
8418,SOUTH DAKOTA,North Central,2025,41,0,0,0,0,0,0,0,0,-0.97483691633585,0.222919237727053,no
8419,SOUTH DAKOTA,North Central,2025,42,0,0,0,0,0,0,0,0,-0.940998495019784,0.338410745057692,no
8420,SOUTH DAKOTA,North Central,2025,43,0,0,0,0,0,0,0,0,-0.893531284772509,0.449000938899674,no
8421,SOUTH DAKOTA,North Central,2025,44,0,0,0,0,0,0,0,0,-0.833122768722891,0.553088105310089,no
8422,SOUTH DAKOTA,North Central,2025,45,0,0,0,0,0,0,0,0,-0.760647863163829,0.649164715818952,no
8423,SOUTH DAKOTA,North Central,2025,46,0,0,0,0,0,0,0,0,-0.677156245853474,0.735839261457031,no
8424,SOUTH DAKOTA,North Central,2025,47,0,0,0,0,0,0,0,0,-0.583857153188981,0.811856406435312,no
8425,SOUTH DAKOTA,North Central,2025,48,0,0,0,0,0,0,0,0,-0.48210186644033,0.876115169583743,no
8426,SOUTH DAKOTA,North Central,2025,49,0,0,0,0,0,0,0,0,-0.373364140701786,0.927684870221573,no
8427,SOUTH DAKOTA,North Central,2025,50,0,0,0,0,0,0,0,0,-0.25921886001492,0.965818607510005,no
8428,SOUTH DAKOTA,North Central,2025,51,0,0,0,0,0,0,0,0,-0.141319227808016,0.989964078061293,no
8429,SOUTH DAKOTA,North Central,2025,52,0,0,0,0,0,0,0,0,-0.0213728230101764,0.999771575129327,no
8430,SOUTH DAKOTA,North Central,2025,53,0,0,0,0,0,0,0,0,0.0988831313727152,0.995099053526797,no
8431,TENNESSEE,South,2022,9,0,0,0,0,0,0,0,0,0.883730762405837,0.467995661921774,no
8432,TENNESSEE,South,2022,10,0,0,0,0,0,0,0,0,0.933550754601395,0.358445237913918,no
8433,TENNESSEE,South,2022,11,0,0,0,0,0,0,0,0,0.969849825925805,0.243703334305638,no
8434,TENNESSEE,South,2022,12,0,0,0,0,0,0,0,0,0.992102245058455,0.125431795610095,no
8435,TENNESSEE,South,2022,13,0,0,0,0,0,0,0,0,0.999985722936002,0.00534358719969101,no
8436,TENNESSEE,South,2022,14,0,0,0,0,0,0,0,0,0.99338608057027,-0.1148220141316,no
8437,TENNESSEE,South,2022,15,0,0,0,0,0,0,0,0,0.972398902739873,-0.233324610682822,no
8438,TENNESSEE,South,2022,16,0,0,0,0,0,0,0,0,0.937328153604613,-0.348447890595089,no
8439,TENNESSEE,South,2022,17,0,0,0,0,0,0,0,0,0.888681774293145,-0.458524485757508,no
8440,TENNESSEE,South,2022,18,0,0,0,0,0,0,0,0,0.827164326225506,-0.561960120844802,no
8441,TENNESSEE,South,2022,19,0,0,0,0,0,0,0,0,0.75366678671966,-0.657256703728203,no
8442,TENNESSEE,South,2022,20,0,0,0,0,0,0,0,0,0.66925364467563,-0.743034022833669,no
8443,TENNESSEE,South,2022,21,0,0,0,0,0,0,0,0,0.575147483234652,-0.818049737197468,no
8444,TENNESSEE,South,2022,22,0,0,0,0,0,0,0,0,0.472711272707723,-0.881217369696629,no
8445,TENNESSEE,South,2022,23,0,0,0,0,0,0,0,0,0.363428630230867,-0.93162204285242,no
8446,TENNESSEE,South,2022,24,0,0,0,0,0,0,0,0,0.248882332052978,-0.968533729300055,no
8447,TENNESSEE,South,2022,25,0,0,0,0,0,0,0,0,0.130731389669801,-0.991417825013754,no
8448,TENNESSEE,South,2022,26,0,0,0,0,0,0,0,0,0.0106870218179092,-0.999942892151679,no
8449,TENNESSEE,South,2022,27,0,0,0,0,0,0,0,0,-0.109512129665869,-0.99398545937858,no
8450,TENNESSEE,South,2022,28,0,0,0,0,0,0,0,0,-0.228125181162749,-0.973631810141525,no
8451,TENNESSEE,South,2022,29,0,0,0,0,0,0,0,0,-0.343434221058743,-0.939176732998521,no
8452,TENNESSEE,South,2022,30,0,0,0,0,0,0,0,0,-0.453769190820369,-0.891119252099419,no
8453,TENNESSEE,South,2022,31,0,0,0,0,0,0,0,0,-0.557532072998533,-0.830155399655967,no
8454,TENNESSEE,South,2022,32,0,0,0,0,0,0,0,0,-0.653220035837834,-0.757168135079666,no
8455,TENNESSEE,South,2022,33,0,0,0,0,0,0,0,1,-0.739447199280337,-0.673214556791863,yes
8456,TENNESSEE,South,2022,34,0,0,0,0,0,0,0,1,-0.814964707119669,-0.579510591921625,yes
8457,TENNESSEE,South,2022,35,0,0,0,0,0,0,0,1,-0.878678814593855,-0.477413385635487,yes
8458,TENNESSEE,South,2022,36,0,0,0,0,0,0,0,1,-0.929666729448389,-0.368401645160191,yes
8459,TENNESSEE,South,2022,37,1,0,0,0,0,0,0,0,-0.96718997703823,-0.254054223182352,no
8460,TENNESSEE,South,2022,38,0,1,0,0,1,1,1,0,-0.990705095897581,-0.136027250808674,no
8461,TENNESSEE,South,2022,39,0,0,1,0,1,1,1,0,-0.999871508870024,-0.0160301512775393,no
8462,TENNESSEE,South,2022,40,0,0,0,0,1,1,1,0,-0.994556455798857,0.104199118176771,no
8463,TENNESSEE,South,2022,41,0,0,0,1,1,1,1,0,-0.97483691633585,0.222919237727053,no
8464,TENNESSEE,South,2022,42,0,0,0,0,0,1,1,0,-0.940998495019784,0.338410745057692,no
8465,TENNESSEE,South,2022,43,0,0,0,0,0,1,1,0,-0.893531284772509,0.449000938899674,no
8466,TENNESSEE,South,2022,44,0,0,0,0,0,1,1,0,-0.833122768722891,0.553088105310089,no
8467,TENNESSEE,South,2022,45,0,0,0,0,0,1,1,0,-0.760647863163829,0.649164715818952,no
8468,TENNESSEE,South,2022,46,0,0,0,0,0,0,0,0,-0.677156245853474,0.735839261457031,no
8469,TENNESSEE,South,2022,47,0,0,0,0,0,0,0,0,-0.583857153188981,0.811856406435312,no
8470,TENNESSEE,South,2022,48,0,0,0,0,0,0,0,0,-0.48210186644033,0.876115169583743,no
8471,TENNESSEE,South,2022,49,0,0,0,0,0,0,0,0,-0.373364140701786,0.927684870221573,no
8472,TENNESSEE,South,2022,50,0,0,0,0,0,0,0,0,-0.25921886001492,0.965818607510005,no
8473,TENNESSEE,South,2022,51,0,0,0,0,0,0,0,0,-0.141319227808016,0.989964078061293,no
8474,TENNESSEE,South,2022,52,0,0,0,0,0,0,0,0,-0.0213728230101764,0.999771575129327,no
8475,TENNESSEE,South,2023,1,0,0,0,0,0,0,0,0,0.120128619954843,0.992758336488667,no
8476,TENNESSEE,South,2023,2,0,0,0,0,0,0,0,0,0.238517377822098,0.97113822933549,no
8477,TENNESSEE,South,2023,3,0,0,0,0,0,0,0,0,0.353451610505767,0.935452809622634,no
8478,TENNESSEE,South,2023,4,0,0,0,0,0,0,0,0,0.463266687927793,0.886218920953741,no
8479,TENNESSEE,South,2023,5,0,0,0,0,0,0,0,0,0.566372122409852,0.824149633839001,no
8480,TENNESSEE,South,2023,6,0,0,0,0,0,0,0,0,0.661274604226529,0.750143918061759,no
8481,TENNESSEE,South,2023,7,0,0,0,0,0,0,0,0,0.746599629698408,0.665273622605165,no
8482,TENNESSEE,South,2023,8,0,0,0,0,0,0,0,0,0.821111408578364,0.570767951712827,no
8483,TENNESSEE,South,2023,9,0,0,0,0,0,0,0,0,0.883730762405837,0.467995661921774,no
8484,TENNESSEE,South,2023,10,0,0,0,0,0,0,0,0,0.933550754601395,0.358445237913918,no
8485,TENNESSEE,South,2023,11,0,0,0,0,0,0,0,0,0.969849825925805,0.243703334305638,no
8486,TENNESSEE,South,2023,12,0,0,0,0,0,0,0,0,0.992102245058455,0.125431795610095,no
8487,TENNESSEE,South,2023,13,0,0,0,0,0,0,0,0,0.999985722936002,0.00534358719969101,no
8488,TENNESSEE,South,2023,14,0,0,0,0,0,0,0,0,0.99338608057027,-0.1148220141316,no
8489,TENNESSEE,South,2023,15,0,0,0,0,0,0,0,0,0.972398902739873,-0.233324610682822,no
8490,TENNESSEE,South,2023,16,0,0,0,0,0,0,0,0,0.937328153604613,-0.348447890595089,no
8491,TENNESSEE,South,2023,17,0,0,0,0,0,0,0,0,0.888681774293145,-0.458524485757508,no
8492,TENNESSEE,South,2023,18,0,0,0,0,0,0,0,0,0.827164326225506,-0.561960120844802,no
8493,TENNESSEE,South,2023,19,0,0,0,0,0,0,0,0,0.75366678671966,-0.657256703728203,no
8494,TENNESSEE,South,2023,20,0,0,0,0,0,0,0,0,0.66925364467563,-0.743034022833669,no
8495,TENNESSEE,South,2023,21,0,0,0,0,0,0,0,0,0.575147483234652,-0.818049737197468,no
8496,TENNESSEE,South,2023,22,0,0,0,0,0,0,0,0,0.472711272707723,-0.881217369696629,no
8497,TENNESSEE,South,2023,23,0,0,0,0,0,0,0,0,0.363428630230867,-0.93162204285242,no
8498,TENNESSEE,South,2023,24,0,0,0,0,0,0,0,0,0.248882332052978,-0.968533729300055,no
8499,TENNESSEE,South,2023,25,0,0,0,0,0,0,0,0,0.130731389669801,-0.991417825013754,no
8500,TENNESSEE,South,2023,26,0,0,0,0,0,0,0,0,0.0106870218179092,-0.999942892151679,no
8501,TENNESSEE,South,2023,27,0,0,0,0,0,0,0,1,-0.109512129665869,-0.99398545937858,yes
8502,TENNESSEE,South,2023,28,0,0,0,0,0,0,0,1,-0.228125181162749,-0.973631810141525,yes
8503,TENNESSEE,South,2023,29,0,0,0,0,0,0,0,1,-0.343434221058743,-0.939176732998521,yes
8504,TENNESSEE,South,2023,30,0,0,0,0,0,0,0,1,-0.453769190820369,-0.891119252099419,yes
8505,TENNESSEE,South,2023,31,1,0,0,0,0,0,0,0,-0.557532072998533,-0.830155399655967,no
8506,TENNESSEE,South,2023,32,0,1,0,0,1,1,1,1,-0.653220035837834,-0.757168135079666,yes
8507,TENNESSEE,South,2023,33,0,0,1,0,1,1,1,1,-0.739447199280337,-0.673214556791863,yes
8508,TENNESSEE,South,2023,34,0,0,0,0,1,1,1,1,-0.814964707119669,-0.579510591921625,yes
8509,TENNESSEE,South,2023,35,0,0,0,1,1,1,1,2,-0.878678814593855,-0.477413385635487,yes
8510,TENNESSEE,South,2023,36,1,0,0,0,0,1,1,2,-0.929666729448389,-0.368401645160191,yes
8511,TENNESSEE,South,2023,37,0,1,0,0,1,2,2,3,-0.96718997703823,-0.254054223182352,yes
8512,TENNESSEE,South,2023,38,0,0,1,0,1,2,2,3,-0.990705095897581,-0.136027250808674,yes
8513,TENNESSEE,South,2023,39,1,0,0,0,1,2,2,2,-0.999871508870024,-0.0160301512775393,yes
8514,TENNESSEE,South,2023,40,1,1,0,1,2,2,2,2,-0.994556455798857,0.104199118176771,yes
8515,TENNESSEE,South,2023,41,1,1,1,0,2,3,3,1,-0.97483691633585,0.222919237727053,yes
8516,TENNESSEE,South,2023,42,0,1,1,0,3,4,4,1,-0.940998495019784,0.338410745057692,yes
8517,TENNESSEE,South,2023,43,0,0,1,1,3,4,4,1,-0.893531284772509,0.449000938899674,yes
8518,TENNESSEE,South,2023,44,1,0,0,1,2,4,4,0,-0.833122768722891,0.553088105310089,no
8519,TENNESSEE,South,2023,45,0,1,0,1,2,4,4,0,-0.760647863163829,0.649164715818952,no
8520,TENNESSEE,South,2023,46,0,0,1,0,1,4,4,0,-0.677156245853474,0.735839261457031,no
8521,TENNESSEE,South,2023,47,0,0,0,0,1,4,4,0,-0.583857153188981,0.811856406435312,no
8522,TENNESSEE,South,2023,48,0,0,0,1,1,3,3,0,-0.48210186644033,0.876115169583743,no
8523,TENNESSEE,South,2023,49,0,0,0,0,0,2,2,0,-0.373364140701786,0.927684870221573,no
8524,TENNESSEE,South,2023,50,0,0,0,0,0,1,1,0,-0.25921886001492,0.965818607510005,no
8525,TENNESSEE,South,2023,51,0,0,0,0,0,1,1,0,-0.141319227808016,0.989964078061293,no
8526,TENNESSEE,South,2023,52,0,0,0,0,0,1,1,0,-0.0213728230101764,0.999771575129327,no
8527,TENNESSEE,South,2024,1,0,0,0,0,0,0,0,0,0.120128619954843,0.992758336488667,no
8528,TENNESSEE,South,2024,2,0,0,0,0,0,0,0,0,0.238517377822098,0.97113822933549,no
8529,TENNESSEE,South,2024,3,0,0,0,0,0,0,0,0,0.353451610505767,0.935452809622634,no
8530,TENNESSEE,South,2024,4,0,0,0,0,0,0,0,0,0.463266687927793,0.886218920953741,no
8531,TENNESSEE,South,2024,5,0,0,0,0,0,0,0,0,0.566372122409852,0.824149633839001,no
8532,TENNESSEE,South,2024,6,0,0,0,0,0,0,0,0,0.661274604226529,0.750143918061759,no
8533,TENNESSEE,South,2024,7,0,0,0,0,0,0,0,0,0.746599629698408,0.665273622605165,no
8534,TENNESSEE,South,2024,8,0,0,0,0,0,0,0,0,0.821111408578364,0.570767951712827,no
8535,TENNESSEE,South,2024,9,0,0,0,0,0,0,0,0,0.883730762405837,0.467995661921774,no
8536,TENNESSEE,South,2024,10,0,0,0,0,0,0,0,0,0.933550754601395,0.358445237913918,no
8537,TENNESSEE,South,2024,11,0,0,0,0,0,0,0,0,0.969849825925805,0.243703334305638,no
8538,TENNESSEE,South,2024,12,0,0,0,0,0,0,0,0,0.992102245058455,0.125431795610095,no
8539,TENNESSEE,South,2024,13,0,0,0,0,0,0,0,0,0.999985722936002,0.00534358719969101,no
8540,TENNESSEE,South,2024,14,0,0,0,0,0,0,0,0,0.99338608057027,-0.1148220141316,no
8541,TENNESSEE,South,2024,15,0,0,0,0,0,0,0,0,0.972398902739873,-0.233324610682822,no
8542,TENNESSEE,South,2024,16,0,0,0,0,0,0,0,0,0.937328153604613,-0.348447890595089,no
8543,TENNESSEE,South,2024,17,0,0,0,0,0,0,0,0,0.888681774293145,-0.458524485757508,no
8544,TENNESSEE,South,2024,18,0,0,0,0,0,0,0,0,0.827164326225506,-0.561960120844802,no
8545,TENNESSEE,South,2024,19,0,0,0,0,0,0,0,0,0.75366678671966,-0.657256703728203,no
8546,TENNESSEE,South,2024,20,0,0,0,0,0,0,0,0,0.66925364467563,-0.743034022833669,no
8547,TENNESSEE,South,2024,21,0,0,0,0,0,0,0,0,0.575147483234652,-0.818049737197468,no
8548,TENNESSEE,South,2024,22,0,0,0,0,0,0,0,0,0.472711272707723,-0.881217369696629,no
8549,TENNESSEE,South,2024,23,0,0,0,0,0,0,0,0,0.363428630230867,-0.93162204285242,no
8550,TENNESSEE,South,2024,24,0,0,0,0,0,0,0,0,0.248882332052978,-0.968533729300055,no
8551,TENNESSEE,South,2024,25,0,0,0,0,0,0,0,0,0.130731389669801,-0.991417825013754,no
8552,TENNESSEE,South,2024,26,0,0,0,0,0,0,0,0,0.0106870218179092,-0.999942892151679,no
8553,TENNESSEE,South,2024,27,0,0,0,0,0,0,0,0,-0.109512129665869,-0.99398545937858,no
8554,TENNESSEE,South,2024,28,0,0,0,0,0,0,0,0,-0.228125181162749,-0.973631810141525,no
8555,TENNESSEE,South,2024,29,0,0,0,0,0,0,0,0,-0.343434221058743,-0.939176732998521,no
8556,TENNESSEE,South,2024,30,0,0,0,0,0,0,0,1,-0.453769190820369,-0.891119252099419,yes
8557,TENNESSEE,South,2024,31,0,0,0,0,0,0,0,1,-0.557532072998533,-0.830155399655967,yes
8558,TENNESSEE,South,2024,32,0,0,0,0,0,0,0,1,-0.653220035837834,-0.757168135079666,yes
8559,TENNESSEE,South,2024,33,0,0,0,0,0,0,0,2,-0.739447199280337,-0.673214556791863,yes
8560,TENNESSEE,South,2024,34,1,0,0,0,0,0,0,1,-0.814964707119669,-0.579510591921625,yes
8561,TENNESSEE,South,2024,35,0,1,0,0,1,1,1,1,-0.878678814593855,-0.477413385635487,yes
8562,TENNESSEE,South,2024,36,0,0,1,0,1,1,1,1,-0.929666729448389,-0.368401645160191,yes
8563,TENNESSEE,South,2024,37,1,0,0,0,1,1,1,0,-0.96718997703823,-0.254054223182352,no
8564,TENNESSEE,South,2024,38,0,1,0,1,2,2,2,0,-0.990705095897581,-0.136027250808674,no
8565,TENNESSEE,South,2024,39,0,0,1,0,1,2,2,0,-0.999871508870024,-0.0160301512775393,no
8566,TENNESSEE,South,2024,40,0,0,0,0,1,2,2,0,-0.994556455798857,0.104199118176771,no
8567,TENNESSEE,South,2024,41,0,0,0,1,1,2,2,0,-0.97483691633585,0.222919237727053,no
8568,TENNESSEE,South,2024,42,0,0,0,0,0,2,2,0,-0.940998495019784,0.338410745057692,no
8569,TENNESSEE,South,2024,43,0,0,0,0,0,1,1,0,-0.893531284772509,0.449000938899674,no
8570,TENNESSEE,South,2024,44,0,0,0,0,0,1,1,0,-0.833122768722891,0.553088105310089,no
8571,TENNESSEE,South,2024,45,0,0,0,0,0,1,1,0,-0.760647863163829,0.649164715818952,no
8572,TENNESSEE,South,2024,46,0,0,0,0,0,0,0,0,-0.677156245853474,0.735839261457031,no
8573,TENNESSEE,South,2024,47,0,0,0,0,0,0,0,0,-0.583857153188981,0.811856406435312,no
8574,TENNESSEE,South,2024,48,0,0,0,0,0,0,0,0,-0.48210186644033,0.876115169583743,no
8575,TENNESSEE,South,2024,49,0,0,0,0,0,0,0,0,-0.373364140701786,0.927684870221573,no
8576,TENNESSEE,South,2024,50,0,0,0,0,0,0,0,0,-0.25921886001492,0.965818607510005,no
8577,TENNESSEE,South,2024,51,0,0,0,0,0,0,0,0,-0.141319227808016,0.989964078061293,no
8578,TENNESSEE,South,2024,52,0,0,0,0,0,0,0,0,-0.0213728230101764,0.999771575129327,no
8579,TENNESSEE,South,2025,1,0,0,0,0,0,0,0,0,0.120128619954843,0.992758336488667,no
8580,TENNESSEE,South,2025,2,0,0,0,0,0,0,0,0,0.238517377822098,0.97113822933549,no
8581,TENNESSEE,South,2025,3,0,0,0,0,0,0,0,0,0.353451610505767,0.935452809622634,no
8582,TENNESSEE,South,2025,4,0,0,0,0,0,0,0,0,0.463266687927793,0.886218920953741,no
8583,TENNESSEE,South,2025,5,0,0,0,0,0,0,0,0,0.566372122409852,0.824149633839001,no
8584,TENNESSEE,South,2025,6,0,0,0,0,0,0,0,0,0.661274604226529,0.750143918061759,no
8585,TENNESSEE,South,2025,7,0,0,0,0,0,0,0,0,0.746599629698408,0.665273622605165,no
8586,TENNESSEE,South,2025,8,0,0,0,0,0,0,0,0,0.821111408578364,0.570767951712827,no
8587,TENNESSEE,South,2025,9,0,0,0,0,0,0,0,0,0.883730762405837,0.467995661921774,no
8588,TENNESSEE,South,2025,10,0,0,0,0,0,0,0,0,0.933550754601395,0.358445237913918,no
8589,TENNESSEE,South,2025,11,0,0,0,0,0,0,0,0,0.969849825925805,0.243703334305638,no
8590,TENNESSEE,South,2025,12,0,0,0,0,0,0,0,0,0.992102245058455,0.125431795610095,no
8591,TENNESSEE,South,2025,13,0,0,0,0,0,0,0,0,0.999985722936002,0.00534358719969101,no
8592,TENNESSEE,South,2025,14,0,0,0,0,0,0,0,0,0.99338608057027,-0.1148220141316,no
8593,TENNESSEE,South,2025,15,0,0,0,0,0,0,0,0,0.972398902739873,-0.233324610682822,no
8594,TENNESSEE,South,2025,16,0,0,0,0,0,0,0,0,0.937328153604613,-0.348447890595089,no
8595,TENNESSEE,South,2025,17,0,0,0,0,0,0,0,0,0.888681774293145,-0.458524485757508,no
8596,TENNESSEE,South,2025,18,0,0,0,0,0,0,0,0,0.827164326225506,-0.561960120844802,no
8597,TENNESSEE,South,2025,19,0,0,0,0,0,0,0,0,0.75366678671966,-0.657256703728203,no
8598,TENNESSEE,South,2025,20,0,0,0,0,0,0,0,0,0.66925364467563,-0.743034022833669,no
8599,TENNESSEE,South,2025,21,0,0,0,0,0,0,0,0,0.575147483234652,-0.818049737197468,no
8600,TENNESSEE,South,2025,22,0,0,0,0,0,0,0,0,0.472711272707723,-0.881217369696629,no
8601,TENNESSEE,South,2025,23,0,0,0,0,0,0,0,0,0.363428630230867,-0.93162204285242,no
8602,TENNESSEE,South,2025,24,0,0,0,0,0,0,0,0,0.248882332052978,-0.968533729300055,no
8603,TENNESSEE,South,2025,25,0,0,0,0,0,0,0,0,0.130731389669801,-0.991417825013754,no
8604,TENNESSEE,South,2025,26,0,0,0,0,0,0,0,0,0.0106870218179092,-0.999942892151679,no
8605,TENNESSEE,South,2025,27,0,0,0,0,0,0,0,0,-0.109512129665869,-0.99398545937858,no
8606,TENNESSEE,South,2025,28,0,0,0,0,0,0,0,0,-0.228125181162749,-0.973631810141525,no
8607,TENNESSEE,South,2025,29,0,0,0,0,0,0,0,0,-0.343434221058743,-0.939176732998521,no
8608,TENNESSEE,South,2025,30,0,0,0,0,0,0,0,0,-0.453769190820369,-0.891119252099419,no
8609,TENNESSEE,South,2025,31,0,0,0,0,0,0,0,0,-0.557532072998533,-0.830155399655967,no
8610,TENNESSEE,South,2025,32,0,0,0,0,0,0,0,0,-0.653220035837834,-0.757168135079666,no
8611,TENNESSEE,South,2025,33,0,0,0,0,0,0,0,0,-0.739447199280337,-0.673214556791863,no
8612,TENNESSEE,South,2025,34,0,0,0,0,0,0,0,1,-0.814964707119669,-0.579510591921625,yes
8613,TENNESSEE,South,2025,35,0,0,0,0,0,0,0,1,-0.878678814593855,-0.477413385635487,yes
8614,TENNESSEE,South,2025,36,0,0,0,0,0,0,0,1,-0.929666729448389,-0.368401645160191,yes
8615,TENNESSEE,South,2025,37,0,0,0,0,0,0,0,2,-0.96718997703823,-0.254054223182352,yes
8616,TENNESSEE,South,2025,38,1,0,0,0,0,0,0,1,-0.990705095897581,-0.136027250808674,yes
8617,TENNESSEE,South,2025,39,0,1,0,0,1,1,1,1,-0.999871508870024,-0.0160301512775393,yes
8618,TENNESSEE,South,2025,40,0,0,1,0,1,1,1,1,-0.994556455798857,0.104199118176771,yes
8619,TENNESSEE,South,2025,41,1,0,0,0,1,1,1,0,-0.97483691633585,0.222919237727053,no
8620,TENNESSEE,South,2025,42,0,1,0,1,2,2,2,0,-0.940998495019784,0.338410745057692,no
8621,TENNESSEE,South,2025,43,0,0,1,0,1,2,2,0,-0.893531284772509,0.449000938899674,no
8622,TENNESSEE,South,2025,44,0,0,0,0,1,2,2,0,-0.833122768722891,0.553088105310089,no
8623,TENNESSEE,South,2025,45,0,0,0,1,1,2,2,0,-0.760647863163829,0.649164715818952,no
8624,TENNESSEE,South,2025,46,0,0,0,0,0,2,2,0,-0.677156245853474,0.735839261457031,no
8625,TENNESSEE,South,2025,47,0,0,0,0,0,1,1,0,-0.583857153188981,0.811856406435312,no
8626,TENNESSEE,South,2025,48,0,0,0,0,0,1,1,0,-0.48210186644033,0.876115169583743,no
8627,TENNESSEE,South,2025,49,0,0,0,0,0,1,1,0,-0.373364140701786,0.927684870221573,no
8628,TENNESSEE,South,2025,50,0,0,0,0,0,0,0,0,-0.25921886001492,0.965818607510005,no
8629,TENNESSEE,South,2025,51,0,0,0,0,0,0,0,0,-0.141319227808016,0.989964078061293,no
8630,TENNESSEE,South,2025,52,0,0,0,0,0,0,0,0,-0.0213728230101764,0.999771575129327,no
8631,TENNESSEE,South,2025,53,0,0,0,0,0,0,0,0,0.0988831313727152,0.995099053526797,no
8632,TEXAS,South,2022,9,0,0,0,0,0,0,0,0,0.883730762405837,0.467995661921774,no
8633,TEXAS,South,2022,10,0,0,0,0,0,0,0,0,0.933550754601395,0.358445237913918,no
8634,TEXAS,South,2022,11,0,0,0,0,0,0,0,0,0.969849825925805,0.243703334305638,no
8635,TEXAS,South,2022,12,0,0,0,0,0,0,0,0,0.992102245058455,0.125431795610095,no
8636,TEXAS,South,2022,13,0,0,0,0,0,0,0,0,0.999985722936002,0.00534358719969101,no
8637,TEXAS,South,2022,14,0,0,0,0,0,0,0,0,0.99338608057027,-0.1148220141316,no
8638,TEXAS,South,2022,15,0,0,0,0,0,0,0,0,0.972398902739873,-0.233324610682822,no
8639,TEXAS,South,2022,16,0,0,0,0,0,0,0,0,0.937328153604613,-0.348447890595089,no
8640,TEXAS,South,2022,17,0,0,0,0,0,0,0,0,0.888681774293145,-0.458524485757508,no
8641,TEXAS,South,2022,18,0,0,0,0,0,0,0,0,0.827164326225506,-0.561960120844802,no
8642,TEXAS,South,2022,19,0,0,0,0,0,0,0,0,0.75366678671966,-0.657256703728203,no
8643,TEXAS,South,2022,20,0,0,0,0,0,0,0,0,0.66925364467563,-0.743034022833669,no
8644,TEXAS,South,2022,21,0,0,0,0,0,0,0,0,0.575147483234652,-0.818049737197468,no
8645,TEXAS,South,2022,22,0,0,0,0,0,0,0,0,0.472711272707723,-0.881217369696629,no
8646,TEXAS,South,2022,23,0,0,0,0,0,0,0,0,0.363428630230867,-0.93162204285242,no
8647,TEXAS,South,2022,24,0,0,0,0,0,0,0,0,0.248882332052978,-0.968533729300055,no
8648,TEXAS,South,2022,25,0,0,0,0,0,0,0,0,0.130731389669801,-0.991417825013754,no
8649,TEXAS,South,2022,26,0,0,0,0,0,0,0,1,0.0106870218179092,-0.999942892151679,yes
8650,TEXAS,South,2022,27,0,0,0,0,0,0,0,3,-0.109512129665869,-0.99398545937858,yes
8651,TEXAS,South,2022,28,0,0,0,0,0,0,0,3,-0.228125181162749,-0.973631810141525,yes
8652,TEXAS,South,2022,29,0,0,0,0,0,0,0,3,-0.343434221058743,-0.939176732998521,yes
8653,TEXAS,South,2022,30,1,0,0,0,0,0,0,3,-0.453769190820369,-0.891119252099419,yes
8654,TEXAS,South,2022,31,2,1,0,0,1,1,1,1,-0.557532072998533,-0.830155399655967,yes
8655,TEXAS,South,2022,32,0,2,1,0,3,3,2,2,-0.653220035837834,-0.757168135079666,yes
8656,TEXAS,South,2022,33,0,0,2,0,3,3,2,2,-0.739447199280337,-0.673214556791863,yes
8657,TEXAS,South,2022,34,1,0,0,1,3,3,2,1,-0.814964707119669,-0.579510591921625,yes
8658,TEXAS,South,2022,35,0,1,0,2,3,4,3,2,-0.878678814593855,-0.477413385635487,yes
8659,TEXAS,South,2022,36,1,0,1,0,1,4,3,1,-0.929666729448389,-0.368401645160191,yes
8660,TEXAS,South,2022,37,0,1,0,0,2,5,4,2,-0.96718997703823,-0.254054223182352,yes
8661,TEXAS,South,2022,38,0,0,1,1,2,5,4,2,-0.990705095897581,-0.136027250808674,yes
8662,TEXAS,South,2022,39,1,0,0,0,1,4,3,1,-0.999871508870024,-0.0160301512775393,yes
8663,TEXAS,South,2022,40,0,1,0,1,2,3,3,1,-0.994556455798857,0.104199118176771,yes
8664,TEXAS,South,2022,41,1,0,1,0,1,3,3,0,-0.97483691633585,0.222919237727053,no
8665,TEXAS,South,2022,42,0,1,0,0,2,4,4,0,-0.940998495019784,0.338410745057692,no
8666,TEXAS,South,2022,43,0,0,1,1,2,3,3,0,-0.893531284772509,0.449000938899674,no
8667,TEXAS,South,2022,44,0,0,0,0,1,3,3,0,-0.833122768722891,0.553088105310089,no
8668,TEXAS,South,2022,45,0,0,0,1,1,2,2,0,-0.760647863163829,0.649164715818952,no
8669,TEXAS,South,2022,46,0,0,0,0,0,2,2,0,-0.677156245853474,0.735839261457031,no
8670,TEXAS,South,2022,47,0,0,0,0,0,2,2,0,-0.583857153188981,0.811856406435312,no
8671,TEXAS,South,2022,48,0,0,0,0,0,1,1,0,-0.48210186644033,0.876115169583743,no
8672,TEXAS,South,2022,49,0,0,0,0,0,1,1,0,-0.373364140701786,0.927684870221573,no
8673,TEXAS,South,2022,50,0,0,0,0,0,0,0,0,-0.25921886001492,0.965818607510005,no
8674,TEXAS,South,2022,51,0,0,0,0,0,0,0,0,-0.141319227808016,0.989964078061293,no
8675,TEXAS,South,2022,52,0,0,0,0,0,0,0,0,-0.0213728230101764,0.999771575129327,no
8676,TEXAS,South,2023,1,0,0,0,0,0,0,0,0,0.120128619954843,0.992758336488667,no
8677,TEXAS,South,2023,2,0,0,0,0,0,0,0,0,0.238517377822098,0.97113822933549,no
8678,TEXAS,South,2023,3,0,0,0,0,0,0,0,0,0.353451610505767,0.935452809622634,no
8679,TEXAS,South,2023,4,0,0,0,0,0,0,0,0,0.463266687927793,0.886218920953741,no
8680,TEXAS,South,2023,5,0,0,0,0,0,0,0,0,0.566372122409852,0.824149633839001,no
8681,TEXAS,South,2023,6,0,0,0,0,0,0,0,0,0.661274604226529,0.750143918061759,no
8682,TEXAS,South,2023,7,0,0,0,0,0,0,0,0,0.746599629698408,0.665273622605165,no
8683,TEXAS,South,2023,8,0,0,0,0,0,0,0,0,0.821111408578364,0.570767951712827,no
8684,TEXAS,South,2023,9,0,0,0,0,0,0,0,0,0.883730762405837,0.467995661921774,no
8685,TEXAS,South,2023,10,0,0,0,0,0,0,0,0,0.933550754601395,0.358445237913918,no
8686,TEXAS,South,2023,11,0,0,0,0,0,0,0,0,0.969849825925805,0.243703334305638,no
8687,TEXAS,South,2023,12,0,0,0,0,0,0,0,0,0.992102245058455,0.125431795610095,no
8688,TEXAS,South,2023,13,0,0,0,0,0,0,0,0,0.999985722936002,0.00534358719969101,no
8689,TEXAS,South,2023,14,0,0,0,0,0,0,0,0,0.99338608057027,-0.1148220141316,no
8690,TEXAS,South,2023,15,0,0,0,0,0,0,0,0,0.972398902739873,-0.233324610682822,no
8691,TEXAS,South,2023,16,0,0,0,0,0,0,0,0,0.937328153604613,-0.348447890595089,no
8692,TEXAS,South,2023,17,0,0,0,0,0,0,0,0,0.888681774293145,-0.458524485757508,no
8693,TEXAS,South,2023,18,0,0,0,0,0,0,0,0,0.827164326225506,-0.561960120844802,no
8694,TEXAS,South,2023,19,0,0,0,0,0,0,0,0,0.75366678671966,-0.657256703728203,no
8695,TEXAS,South,2023,20,0,0,0,0,0,0,0,0,0.66925364467563,-0.743034022833669,no
8696,TEXAS,South,2023,21,0,0,0,0,0,0,0,0,0.575147483234652,-0.818049737197468,no
8697,TEXAS,South,2023,22,0,0,0,0,0,0,0,0,0.472711272707723,-0.881217369696629,no
8698,TEXAS,South,2023,23,0,0,0,0,0,0,0,0,0.363428630230867,-0.93162204285242,no
8699,TEXAS,South,2023,24,0,0,0,0,0,0,0,2,0.248882332052978,-0.968533729300055,yes
8700,TEXAS,South,2023,25,0,0,0,0,0,0,0,4,0.130731389669801,-0.991417825013754,yes
8701,TEXAS,South,2023,26,0,0,0,0,0,0,0,5,0.0106870218179092,-0.999942892151679,yes
8702,TEXAS,South,2023,27,0,0,0,0,0,0,0,6,-0.109512129665869,-0.99398545937858,yes
8703,TEXAS,South,2023,28,2,0,0,0,0,0,0,5,-0.228125181162749,-0.973631810141525,yes
8704,TEXAS,South,2023,29,2,2,0,0,2,2,1,3,-0.343434221058743,-0.939176732998521,yes
8705,TEXAS,South,2023,30,1,2,2,0,4,4,2,2,-0.453769190820369,-0.891119252099419,yes
8706,TEXAS,South,2023,31,1,1,2,0,5,5,3,1,-0.557532072998533,-0.830155399655967,yes
8707,TEXAS,South,2023,32,1,1,1,2,6,6,4,0,-0.653220035837834,-0.757168135079666,no
8708,TEXAS,South,2023,33,0,1,1,2,5,7,5,0,-0.739447199280337,-0.673214556791863,no
8709,TEXAS,South,2023,34,0,0,1,1,3,7,5,0,-0.814964707119669,-0.579510591921625,no
8710,TEXAS,South,2023,35,0,0,0,1,2,7,5,0,-0.878678814593855,-0.477413385635487,no
8711,TEXAS,South,2023,36,0,0,0,1,1,7,5,0,-0.929666729448389,-0.368401645160191,no
8712,TEXAS,South,2023,37,0,0,0,0,0,5,4,0,-0.96718997703823,-0.254054223182352,no
8713,TEXAS,South,2023,38,0,0,0,0,0,3,3,0,-0.990705095897581,-0.136027250808674,no
8714,TEXAS,South,2023,39,0,0,0,0,0,2,2,0,-0.999871508870024,-0.0160301512775393,no
8715,TEXAS,South,2023,40,0,0,0,0,0,1,1,0,-0.994556455798857,0.104199118176771,no
8716,TEXAS,South,2023,41,0,0,0,0,0,0,0,0,-0.97483691633585,0.222919237727053,no
8717,TEXAS,South,2023,42,0,0,0,0,0,0,0,0,-0.940998495019784,0.338410745057692,no
8718,TEXAS,South,2023,43,0,0,0,0,0,0,0,0,-0.893531284772509,0.449000938899674,no
8719,TEXAS,South,2023,44,0,0,0,0,0,0,0,0,-0.833122768722891,0.553088105310089,no
8720,TEXAS,South,2023,45,0,0,0,0,0,0,0,0,-0.760647863163829,0.649164715818952,no
8721,TEXAS,South,2023,46,0,0,0,0,0,0,0,0,-0.677156245853474,0.735839261457031,no
8722,TEXAS,South,2023,47,0,0,0,0,0,0,0,0,-0.583857153188981,0.811856406435312,no
8723,TEXAS,South,2023,48,0,0,0,0,0,0,0,0,-0.48210186644033,0.876115169583743,no
8724,TEXAS,South,2023,49,0,0,0,0,0,0,0,0,-0.373364140701786,0.927684870221573,no
8725,TEXAS,South,2023,50,0,0,0,0,0,0,0,0,-0.25921886001492,0.965818607510005,no
8726,TEXAS,South,2023,51,0,0,0,0,0,0,0,0,-0.141319227808016,0.989964078061293,no
8727,TEXAS,South,2023,52,0,0,0,0,0,0,0,0,-0.0213728230101764,0.999771575129327,no
8728,TEXAS,South,2024,1,0,0,0,0,0,0,0,0,0.120128619954843,0.992758336488667,no
8729,TEXAS,South,2024,2,0,0,0,0,0,0,0,0,0.238517377822098,0.97113822933549,no
8730,TEXAS,South,2024,3,0,0,0,0,0,0,0,0,0.353451610505767,0.935452809622634,no
8731,TEXAS,South,2024,4,0,0,0,0,0,0,0,0,0.463266687927793,0.886218920953741,no
8732,TEXAS,South,2024,5,0,0,0,0,0,0,0,0,0.566372122409852,0.824149633839001,no
8733,TEXAS,South,2024,6,0,0,0,0,0,0,0,0,0.661274604226529,0.750143918061759,no
8734,TEXAS,South,2024,7,0,0,0,0,0,0,0,0,0.746599629698408,0.665273622605165,no
8735,TEXAS,South,2024,8,0,0,0,0,0,0,0,0,0.821111408578364,0.570767951712827,no
8736,TEXAS,South,2024,9,0,0,0,0,0,0,0,0,0.883730762405837,0.467995661921774,no
8737,TEXAS,South,2024,10,0,0,0,0,0,0,0,0,0.933550754601395,0.358445237913918,no
8738,TEXAS,South,2024,11,0,0,0,0,0,0,0,0,0.969849825925805,0.243703334305638,no
8739,TEXAS,South,2024,12,0,0,0,0,0,0,0,0,0.992102245058455,0.125431795610095,no
8740,TEXAS,South,2024,13,0,0,0,0,0,0,0,0,0.999985722936002,0.00534358719969101,no
8741,TEXAS,South,2024,14,0,0,0,0,0,0,0,0,0.99338608057027,-0.1148220141316,no
8742,TEXAS,South,2024,15,0,0,0,0,0,0,0,0,0.972398902739873,-0.233324610682822,no
8743,TEXAS,South,2024,16,0,0,0,0,0,0,0,0,0.937328153604613,-0.348447890595089,no
8744,TEXAS,South,2024,17,0,0,0,0,0,0,0,0,0.888681774293145,-0.458524485757508,no
8745,TEXAS,South,2024,18,0,0,0,0,0,0,0,0,0.827164326225506,-0.561960120844802,no
8746,TEXAS,South,2024,19,0,0,0,0,0,0,0,0,0.75366678671966,-0.657256703728203,no
8747,TEXAS,South,2024,20,0,0,0,0,0,0,0,0,0.66925364467563,-0.743034022833669,no
8748,TEXAS,South,2024,21,0,0,0,0,0,0,0,0,0.575147483234652,-0.818049737197468,no
8749,TEXAS,South,2024,22,0,0,0,0,0,0,0,0,0.472711272707723,-0.881217369696629,no
8750,TEXAS,South,2024,23,0,0,0,0,0,0,0,0,0.363428630230867,-0.93162204285242,no
8751,TEXAS,South,2024,24,0,0,0,0,0,0,0,0,0.248882332052978,-0.968533729300055,no
8752,TEXAS,South,2024,25,0,0,0,0,0,0,0,0,0.130731389669801,-0.991417825013754,no
8753,TEXAS,South,2024,26,0,0,0,0,0,0,0,0,0.0106870218179092,-0.999942892151679,no
8754,TEXAS,South,2024,27,0,0,0,0,0,0,0,0,-0.109512129665869,-0.99398545937858,no
8755,TEXAS,South,2024,28,0,0,0,0,0,0,0,0,-0.228125181162749,-0.973631810141525,no
8756,TEXAS,South,2024,29,0,0,0,0,0,0,0,0,-0.343434221058743,-0.939176732998521,no
8757,TEXAS,South,2024,30,0,0,0,0,0,0,0,0,-0.453769190820369,-0.891119252099419,no
8758,TEXAS,South,2024,31,0,0,0,0,0,0,0,0,-0.557532072998533,-0.830155399655967,no
8759,TEXAS,South,2024,32,0,0,0,0,0,0,0,0,-0.653220035837834,-0.757168135079666,no
8760,TEXAS,South,2024,33,0,0,0,0,0,0,0,1,-0.739447199280337,-0.673214556791863,yes
8761,TEXAS,South,2024,34,0,0,0,0,0,0,0,1,-0.814964707119669,-0.579510591921625,yes
8762,TEXAS,South,2024,35,0,0,0,0,0,0,0,1,-0.878678814593855,-0.477413385635487,yes
8763,TEXAS,South,2024,36,0,0,0,0,0,0,0,1,-0.929666729448389,-0.368401645160191,yes
8764,TEXAS,South,2024,37,1,0,0,0,0,0,0,0,-0.96718997703823,-0.254054223182352,no
8765,TEXAS,South,2024,38,0,1,0,0,1,1,1,0,-0.990705095897581,-0.136027250808674,no
8766,TEXAS,South,2024,39,0,0,1,0,1,1,1,0,-0.999871508870024,-0.0160301512775393,no
8767,TEXAS,South,2024,40,0,0,0,0,1,1,1,0,-0.994556455798857,0.104199118176771,no
8768,TEXAS,South,2024,41,0,0,0,1,1,1,1,0,-0.97483691633585,0.222919237727053,no
8769,TEXAS,South,2024,42,0,0,0,0,0,1,1,0,-0.940998495019784,0.338410745057692,no
8770,TEXAS,South,2024,43,0,0,0,0,0,1,1,0,-0.893531284772509,0.449000938899674,no
8771,TEXAS,South,2024,44,0,0,0,0,0,1,1,0,-0.833122768722891,0.553088105310089,no
8772,TEXAS,South,2024,45,0,0,0,0,0,1,1,0,-0.760647863163829,0.649164715818952,no
8773,TEXAS,South,2024,46,0,0,0,0,0,0,0,0,-0.677156245853474,0.735839261457031,no
8774,TEXAS,South,2024,47,0,0,0,0,0,0,0,0,-0.583857153188981,0.811856406435312,no
8775,TEXAS,South,2024,48,0,0,0,0,0,0,0,0,-0.48210186644033,0.876115169583743,no
8776,TEXAS,South,2024,49,0,0,0,0,0,0,0,0,-0.373364140701786,0.927684870221573,no
8777,TEXAS,South,2024,50,0,0,0,0,0,0,0,0,-0.25921886001492,0.965818607510005,no
8778,TEXAS,South,2024,51,0,0,0,0,0,0,0,0,-0.141319227808016,0.989964078061293,no
8779,TEXAS,South,2024,52,0,0,0,0,0,0,0,0,-0.0213728230101764,0.999771575129327,no
8780,TEXAS,South,2025,1,0,0,0,0,0,0,0,0,0.120128619954843,0.992758336488667,no
8781,TEXAS,South,2025,2,0,0,0,0,0,0,0,0,0.238517377822098,0.97113822933549,no
8782,TEXAS,South,2025,3,0,0,0,0,0,0,0,0,0.353451610505767,0.935452809622634,no
8783,TEXAS,South,2025,4,0,0,0,0,0,0,0,0,0.463266687927793,0.886218920953741,no
8784,TEXAS,South,2025,5,0,0,0,0,0,0,0,0,0.566372122409852,0.824149633839001,no
8785,TEXAS,South,2025,6,0,0,0,0,0,0,0,0,0.661274604226529,0.750143918061759,no
8786,TEXAS,South,2025,7,0,0,0,0,0,0,0,0,0.746599629698408,0.665273622605165,no
8787,TEXAS,South,2025,8,0,0,0,0,0,0,0,0,0.821111408578364,0.570767951712827,no
8788,TEXAS,South,2025,9,0,0,0,0,0,0,0,0,0.883730762405837,0.467995661921774,no
8789,TEXAS,South,2025,10,0,0,0,0,0,0,0,0,0.933550754601395,0.358445237913918,no
8790,TEXAS,South,2025,11,0,0,0,0,0,0,0,0,0.969849825925805,0.243703334305638,no
8791,TEXAS,South,2025,12,0,0,0,0,0,0,0,0,0.992102245058455,0.125431795610095,no
8792,TEXAS,South,2025,13,0,0,0,0,0,0,0,0,0.999985722936002,0.00534358719969101,no
8793,TEXAS,South,2025,14,0,0,0,0,0,0,0,0,0.99338608057027,-0.1148220141316,no
8794,TEXAS,South,2025,15,0,0,0,0,0,0,0,0,0.972398902739873,-0.233324610682822,no
8795,TEXAS,South,2025,16,0,0,0,0,0,0,0,0,0.937328153604613,-0.348447890595089,no
8796,TEXAS,South,2025,17,0,0,0,0,0,0,0,0,0.888681774293145,-0.458524485757508,no
8797,TEXAS,South,2025,18,0,0,0,0,0,0,0,0,0.827164326225506,-0.561960120844802,no
8798,TEXAS,South,2025,19,0,0,0,0,0,0,0,0,0.75366678671966,-0.657256703728203,no
8799,TEXAS,South,2025,20,0,0,0,0,0,0,0,0,0.66925364467563,-0.743034022833669,no
8800,TEXAS,South,2025,21,0,0,0,0,0,0,0,0,0.575147483234652,-0.818049737197468,no
8801,TEXAS,South,2025,22,0,0,0,0,0,0,0,0,0.472711272707723,-0.881217369696629,no
8802,TEXAS,South,2025,23,0,0,0,0,0,0,0,0,0.363428630230867,-0.93162204285242,no
8803,TEXAS,South,2025,24,0,0,0,0,0,0,0,3,0.248882332052978,-0.968533729300055,yes
8804,TEXAS,South,2025,25,0,0,0,0,0,0,0,5,0.130731389669801,-0.991417825013754,yes
8805,TEXAS,South,2025,26,0,0,0,0,0,0,0,6,0.0106870218179092,-0.999942892151679,yes
8806,TEXAS,South,2025,27,0,0,0,0,0,0,0,8,-0.109512129665869,-0.99398545937858,yes
8807,TEXAS,South,2025,28,3,0,0,0,0,0,0,9,-0.228125181162749,-0.973631810141525,yes
8808,TEXAS,South,2025,29,2,3,0,0,3,3,1,7,-0.343434221058743,-0.939176732998521,yes
8809,TEXAS,South,2025,30,1,2,3,0,5,5,2,8,-0.453769190820369,-0.891119252099419,yes
8810,TEXAS,South,2025,31,2,1,2,0,6,6,3,7,-0.557532072998533,-0.830155399655967,yes
8811,TEXAS,South,2025,32,4,2,1,3,8,8,4,3,-0.653220035837834,-0.757168135079666,yes
8812,TEXAS,South,2025,33,0,4,2,2,9,12,5,4,-0.739447199280337,-0.673214556791863,yes
8813,TEXAS,South,2025,34,2,0,4,1,7,12,5,2,-0.814964707119669,-0.579510591921625,yes
8814,TEXAS,South,2025,35,1,2,0,2,8,14,6,1,-0.878678814593855,-0.477413385635487,yes
8815,TEXAS,South,2025,36,0,1,2,4,7,15,7,1,-0.929666729448389,-0.368401645160191,yes
8816,TEXAS,South,2025,37,1,0,1,0,3,12,6,0,-0.96718997703823,-0.254054223182352,no
8817,TEXAS,South,2025,38,0,1,0,2,4,11,6,0,-0.990705095897581,-0.136027250808674,no
8818,TEXAS,South,2025,39,0,0,1,1,2,10,5,0,-0.999871508870024,-0.0160301512775393,no
8819,TEXAS,South,2025,40,0,0,0,0,1,8,4,0,-0.994556455798857,0.104199118176771,no
8820,TEXAS,South,2025,41,0,0,0,1,1,4,3,0,-0.97483691633585,0.222919237727053,no
8821,TEXAS,South,2025,42,0,0,0,0,0,4,3,0,-0.940998495019784,0.338410745057692,no
8822,TEXAS,South,2025,43,0,0,0,0,0,2,2,0,-0.893531284772509,0.449000938899674,no
8823,TEXAS,South,2025,44,0,0,0,0,0,1,1,0,-0.833122768722891,0.553088105310089,no
8824,TEXAS,South,2025,45,0,0,0,0,0,1,1,0,-0.760647863163829,0.649164715818952,no
8825,TEXAS,South,2025,46,0,0,0,0,0,0,0,0,-0.677156245853474,0.735839261457031,no
8826,TEXAS,South,2025,47,0,0,0,0,0,0,0,0,-0.583857153188981,0.811856406435312,no
8827,TEXAS,South,2025,48,0,0,0,0,0,0,0,0,-0.48210186644033,0.876115169583743,no
8828,TEXAS,South,2025,49,0,0,0,0,0,0,0,0,-0.373364140701786,0.927684870221573,no
8829,TEXAS,South,2025,50,0,0,0,0,0,0,0,0,-0.25921886001492,0.965818607510005,no
8830,TEXAS,South,2025,51,0,0,0,0,0,0,0,0,-0.141319227808016,0.989964078061293,no
8831,TEXAS,South,2025,52,0,0,0,0,0,0,0,0,-0.0213728230101764,0.999771575129327,no
8832,TEXAS,South,2025,53,0,0,0,0,0,0,0,0,0.0988831313727152,0.995099053526797,no
8833,UTAH,West,2022,9,0,0,0,0,0,0,0,0,0.883730762405837,0.467995661921774,no
8834,UTAH,West,2022,10,0,0,0,0,0,0,0,0,0.933550754601395,0.358445237913918,no
8835,UTAH,West,2022,11,0,0,0,0,0,0,0,0,0.969849825925805,0.243703334305638,no
8836,UTAH,West,2022,12,0,0,0,0,0,0,0,0,0.992102245058455,0.125431795610095,no
8837,UTAH,West,2022,13,0,0,0,0,0,0,0,0,0.999985722936002,0.00534358719969101,no
8838,UTAH,West,2022,14,0,0,0,0,0,0,0,0,0.99338608057027,-0.1148220141316,no
8839,UTAH,West,2022,15,0,0,0,0,0,0,0,0,0.972398902739873,-0.233324610682822,no
8840,UTAH,West,2022,16,0,0,0,0,0,0,0,0,0.937328153604613,-0.348447890595089,no
8841,UTAH,West,2022,17,0,0,0,0,0,0,0,0,0.888681774293145,-0.458524485757508,no
8842,UTAH,West,2022,18,0,0,0,0,0,0,0,0,0.827164326225506,-0.561960120844802,no
8843,UTAH,West,2022,19,0,0,0,0,0,0,0,0,0.75366678671966,-0.657256703728203,no
8844,UTAH,West,2022,20,0,0,0,0,0,0,0,0,0.66925364467563,-0.743034022833669,no
8845,UTAH,West,2022,21,0,0,0,0,0,0,0,0,0.575147483234652,-0.818049737197468,no
8846,UTAH,West,2022,22,0,0,0,0,0,0,0,0,0.472711272707723,-0.881217369696629,no
8847,UTAH,West,2022,23,0,0,0,0,0,0,0,0,0.363428630230867,-0.93162204285242,no
8848,UTAH,West,2022,24,0,0,0,0,0,0,0,0,0.248882332052978,-0.968533729300055,no
8849,UTAH,West,2022,25,0,0,0,0,0,0,0,0,0.130731389669801,-0.991417825013754,no
8850,UTAH,West,2022,26,0,0,0,0,0,0,0,0,0.0106870218179092,-0.999942892151679,no
8851,UTAH,West,2022,27,0,0,0,0,0,0,0,0,-0.109512129665869,-0.99398545937858,no
8852,UTAH,West,2022,28,0,0,0,0,0,0,0,0,-0.228125181162749,-0.973631810141525,no
8853,UTAH,West,2022,29,0,0,0,0,0,0,0,0,-0.343434221058743,-0.939176732998521,no
8854,UTAH,West,2022,30,0,0,0,0,0,0,0,0,-0.453769190820369,-0.891119252099419,no
8855,UTAH,West,2022,31,0,0,0,0,0,0,0,0,-0.557532072998533,-0.830155399655967,no
8856,UTAH,West,2022,32,0,0,0,0,0,0,0,0,-0.653220035837834,-0.757168135079666,no
8857,UTAH,West,2022,33,0,0,0,0,0,0,0,0,-0.739447199280337,-0.673214556791863,no
8858,UTAH,West,2022,34,0,0,0,0,0,0,0,0,-0.814964707119669,-0.579510591921625,no
8859,UTAH,West,2022,35,0,0,0,0,0,0,0,0,-0.878678814593855,-0.477413385635487,no
8860,UTAH,West,2022,36,0,0,0,0,0,0,0,0,-0.929666729448389,-0.368401645160191,no
8861,UTAH,West,2022,37,0,0,0,0,0,0,0,0,-0.96718997703823,-0.254054223182352,no
8862,UTAH,West,2022,38,0,0,0,0,0,0,0,0,-0.990705095897581,-0.136027250808674,no
8863,UTAH,West,2022,39,0,0,0,0,0,0,0,0,-0.999871508870024,-0.0160301512775393,no
8864,UTAH,West,2022,40,0,0,0,0,0,0,0,0,-0.994556455798857,0.104199118176771,no
8865,UTAH,West,2022,41,0,0,0,0,0,0,0,0,-0.97483691633585,0.222919237727053,no
8866,UTAH,West,2022,42,0,0,0,0,0,0,0,0,-0.940998495019784,0.338410745057692,no
8867,UTAH,West,2022,43,0,0,0,0,0,0,0,0,-0.893531284772509,0.449000938899674,no
8868,UTAH,West,2022,44,0,0,0,0,0,0,0,0,-0.833122768722891,0.553088105310089,no
8869,UTAH,West,2022,45,0,0,0,0,0,0,0,0,-0.760647863163829,0.649164715818952,no
8870,UTAH,West,2022,46,0,0,0,0,0,0,0,0,-0.677156245853474,0.735839261457031,no
8871,UTAH,West,2022,47,0,0,0,0,0,0,0,0,-0.583857153188981,0.811856406435312,no
8872,UTAH,West,2022,48,0,0,0,0,0,0,0,0,-0.48210186644033,0.876115169583743,no
8873,UTAH,West,2022,49,0,0,0,0,0,0,0,0,-0.373364140701786,0.927684870221573,no
8874,UTAH,West,2022,50,0,0,0,0,0,0,0,0,-0.25921886001492,0.965818607510005,no
8875,UTAH,West,2022,51,0,0,0,0,0,0,0,0,-0.141319227808016,0.989964078061293,no
8876,UTAH,West,2022,52,0,0,0,0,0,0,0,0,-0.0213728230101764,0.999771575129327,no
8877,UTAH,West,2023,1,0,0,0,0,0,0,0,0,0.120128619954843,0.992758336488667,no
8878,UTAH,West,2023,2,0,0,0,0,0,0,0,0,0.238517377822098,0.97113822933549,no
8879,UTAH,West,2023,3,0,0,0,0,0,0,0,0,0.353451610505767,0.935452809622634,no
8880,UTAH,West,2023,4,0,0,0,0,0,0,0,0,0.463266687927793,0.886218920953741,no
8881,UTAH,West,2023,5,0,0,0,0,0,0,0,0,0.566372122409852,0.824149633839001,no
8882,UTAH,West,2023,6,0,0,0,0,0,0,0,0,0.661274604226529,0.750143918061759,no
8883,UTAH,West,2023,7,0,0,0,0,0,0,0,0,0.746599629698408,0.665273622605165,no
8884,UTAH,West,2023,8,0,0,0,0,0,0,0,0,0.821111408578364,0.570767951712827,no
8885,UTAH,West,2023,9,0,0,0,0,0,0,0,0,0.883730762405837,0.467995661921774,no
8886,UTAH,West,2023,10,0,0,0,0,0,0,0,0,0.933550754601395,0.358445237913918,no
8887,UTAH,West,2023,11,0,0,0,0,0,0,0,0,0.969849825925805,0.243703334305638,no
8888,UTAH,West,2023,12,0,0,0,0,0,0,0,0,0.992102245058455,0.125431795610095,no
8889,UTAH,West,2023,13,0,0,0,0,0,0,0,0,0.999985722936002,0.00534358719969101,no
8890,UTAH,West,2023,14,0,0,0,0,0,0,0,0,0.99338608057027,-0.1148220141316,no
8891,UTAH,West,2023,15,0,0,0,0,0,0,0,0,0.972398902739873,-0.233324610682822,no
8892,UTAH,West,2023,16,0,0,0,0,0,0,0,0,0.937328153604613,-0.348447890595089,no
8893,UTAH,West,2023,17,0,0,0,0,0,0,0,0,0.888681774293145,-0.458524485757508,no
8894,UTAH,West,2023,18,0,0,0,0,0,0,0,0,0.827164326225506,-0.561960120844802,no
8895,UTAH,West,2023,19,0,0,0,0,0,0,0,0,0.75366678671966,-0.657256703728203,no
8896,UTAH,West,2023,20,0,0,0,0,0,0,0,0,0.66925364467563,-0.743034022833669,no
8897,UTAH,West,2023,21,0,0,0,0,0,0,0,0,0.575147483234652,-0.818049737197468,no
8898,UTAH,West,2023,22,0,0,0,0,0,0,0,0,0.472711272707723,-0.881217369696629,no
8899,UTAH,West,2023,23,0,0,0,0,0,0,0,0,0.363428630230867,-0.93162204285242,no
8900,UTAH,West,2023,24,0,0,0,0,0,0,0,0,0.248882332052978,-0.968533729300055,no
8901,UTAH,West,2023,25,0,0,0,0,0,0,0,0,0.130731389669801,-0.991417825013754,no
8902,UTAH,West,2023,26,0,0,0,0,0,0,0,0,0.0106870218179092,-0.999942892151679,no
8903,UTAH,West,2023,27,0,0,0,0,0,0,0,0,-0.109512129665869,-0.99398545937858,no
8904,UTAH,West,2023,28,0,0,0,0,0,0,0,0,-0.228125181162749,-0.973631810141525,no
8905,UTAH,West,2023,29,0,0,0,0,0,0,0,0,-0.343434221058743,-0.939176732998521,no
8906,UTAH,West,2023,30,0,0,0,0,0,0,0,0,-0.453769190820369,-0.891119252099419,no
8907,UTAH,West,2023,31,0,0,0,0,0,0,0,0,-0.557532072998533,-0.830155399655967,no
8908,UTAH,West,2023,32,0,0,0,0,0,0,0,0,-0.653220035837834,-0.757168135079666,no
8909,UTAH,West,2023,33,0,0,0,0,0,0,0,0,-0.739447199280337,-0.673214556791863,no
8910,UTAH,West,2023,34,0,0,0,0,0,0,0,0,-0.814964707119669,-0.579510591921625,no
8911,UTAH,West,2023,35,0,0,0,0,0,0,0,0,-0.878678814593855,-0.477413385635487,no
8912,UTAH,West,2023,36,0,0,0,0,0,0,0,0,-0.929666729448389,-0.368401645160191,no
8913,UTAH,West,2023,37,0,0,0,0,0,0,0,0,-0.96718997703823,-0.254054223182352,no
8914,UTAH,West,2023,38,0,0,0,0,0,0,0,0,-0.990705095897581,-0.136027250808674,no
8915,UTAH,West,2023,39,0,0,0,0,0,0,0,0,-0.999871508870024,-0.0160301512775393,no
8916,UTAH,West,2023,40,0,0,0,0,0,0,0,0,-0.994556455798857,0.104199118176771,no
8917,UTAH,West,2023,41,0,0,0,0,0,0,0,0,-0.97483691633585,0.222919237727053,no
8918,UTAH,West,2023,42,0,0,0,0,0,0,0,0,-0.940998495019784,0.338410745057692,no
8919,UTAH,West,2023,43,0,0,0,0,0,0,0,0,-0.893531284772509,0.449000938899674,no
8920,UTAH,West,2023,44,0,0,0,0,0,0,0,0,-0.833122768722891,0.553088105310089,no
8921,UTAH,West,2023,45,0,0,0,0,0,0,0,0,-0.760647863163829,0.649164715818952,no
8922,UTAH,West,2023,46,0,0,0,0,0,0,0,0,-0.677156245853474,0.735839261457031,no
8923,UTAH,West,2023,47,0,0,0,0,0,0,0,0,-0.583857153188981,0.811856406435312,no
8924,UTAH,West,2023,48,0,0,0,0,0,0,0,0,-0.48210186644033,0.876115169583743,no
8925,UTAH,West,2023,49,0,0,0,0,0,0,0,0,-0.373364140701786,0.927684870221573,no
8926,UTAH,West,2023,50,0,0,0,0,0,0,0,0,-0.25921886001492,0.965818607510005,no
8927,UTAH,West,2023,51,0,0,0,0,0,0,0,0,-0.141319227808016,0.989964078061293,no
8928,UTAH,West,2023,52,0,0,0,0,0,0,0,0,-0.0213728230101764,0.999771575129327,no
8929,UTAH,West,2024,1,0,0,0,0,0,0,0,0,0.120128619954843,0.992758336488667,no
8930,UTAH,West,2024,2,0,0,0,0,0,0,0,0,0.238517377822098,0.97113822933549,no
8931,UTAH,West,2024,3,0,0,0,0,0,0,0,0,0.353451610505767,0.935452809622634,no
8932,UTAH,West,2024,4,0,0,0,0,0,0,0,0,0.463266687927793,0.886218920953741,no
8933,UTAH,West,2024,5,0,0,0,0,0,0,0,0,0.566372122409852,0.824149633839001,no
8934,UTAH,West,2024,6,0,0,0,0,0,0,0,0,0.661274604226529,0.750143918061759,no
8935,UTAH,West,2024,7,0,0,0,0,0,0,0,0,0.746599629698408,0.665273622605165,no
8936,UTAH,West,2024,8,0,0,0,0,0,0,0,0,0.821111408578364,0.570767951712827,no
8937,UTAH,West,2024,9,0,0,0,0,0,0,0,0,0.883730762405837,0.467995661921774,no
8938,UTAH,West,2024,10,0,0,0,0,0,0,0,0,0.933550754601395,0.358445237913918,no
8939,UTAH,West,2024,11,0,0,0,0,0,0,0,0,0.969849825925805,0.243703334305638,no
8940,UTAH,West,2024,12,0,0,0,0,0,0,0,0,0.992102245058455,0.125431795610095,no
8941,UTAH,West,2024,13,0,0,0,0,0,0,0,0,0.999985722936002,0.00534358719969101,no
8942,UTAH,West,2024,14,0,0,0,0,0,0,0,0,0.99338608057027,-0.1148220141316,no
8943,UTAH,West,2024,15,0,0,0,0,0,0,0,0,0.972398902739873,-0.233324610682822,no
8944,UTAH,West,2024,16,0,0,0,0,0,0,0,0,0.937328153604613,-0.348447890595089,no
8945,UTAH,West,2024,17,0,0,0,0,0,0,0,0,0.888681774293145,-0.458524485757508,no
8946,UTAH,West,2024,18,0,0,0,0,0,0,0,0,0.827164326225506,-0.561960120844802,no
8947,UTAH,West,2024,19,0,0,0,0,0,0,0,0,0.75366678671966,-0.657256703728203,no
8948,UTAH,West,2024,20,0,0,0,0,0,0,0,0,0.66925364467563,-0.743034022833669,no
8949,UTAH,West,2024,21,0,0,0,0,0,0,0,0,0.575147483234652,-0.818049737197468,no
8950,UTAH,West,2024,22,0,0,0,0,0,0,0,0,0.472711272707723,-0.881217369696629,no
8951,UTAH,West,2024,23,0,0,0,0,0,0,0,0,0.363428630230867,-0.93162204285242,no
8952,UTAH,West,2024,24,0,0,0,0,0,0,0,0,0.248882332052978,-0.968533729300055,no
8953,UTAH,West,2024,25,0,0,0,0,0,0,0,0,0.130731389669801,-0.991417825013754,no
8954,UTAH,West,2024,26,0,0,0,0,0,0,0,0,0.0106870218179092,-0.999942892151679,no
8955,UTAH,West,2024,27,0,0,0,0,0,0,0,0,-0.109512129665869,-0.99398545937858,no
8956,UTAH,West,2024,28,0,0,0,0,0,0,0,0,-0.228125181162749,-0.973631810141525,no
8957,UTAH,West,2024,29,0,0,0,0,0,0,0,0,-0.343434221058743,-0.939176732998521,no
8958,UTAH,West,2024,30,0,0,0,0,0,0,0,0,-0.453769190820369,-0.891119252099419,no
8959,UTAH,West,2024,31,0,0,0,0,0,0,0,1,-0.557532072998533,-0.830155399655967,yes
8960,UTAH,West,2024,32,0,0,0,0,0,0,0,1,-0.653220035837834,-0.757168135079666,yes
8961,UTAH,West,2024,33,0,0,0,0,0,0,0,1,-0.739447199280337,-0.673214556791863,yes
8962,UTAH,West,2024,34,0,0,0,0,0,0,0,1,-0.814964707119669,-0.579510591921625,yes
8963,UTAH,West,2024,35,1,0,0,0,0,0,0,0,-0.878678814593855,-0.477413385635487,no
8964,UTAH,West,2024,36,0,1,0,0,1,1,1,0,-0.929666729448389,-0.368401645160191,no
8965,UTAH,West,2024,37,0,0,1,0,1,1,1,0,-0.96718997703823,-0.254054223182352,no
8966,UTAH,West,2024,38,0,0,0,0,1,1,1,0,-0.990705095897581,-0.136027250808674,no
8967,UTAH,West,2024,39,0,0,0,1,1,1,1,0,-0.999871508870024,-0.0160301512775393,no
8968,UTAH,West,2024,40,0,0,0,0,0,1,1,0,-0.994556455798857,0.104199118176771,no
8969,UTAH,West,2024,41,0,0,0,0,0,1,1,0,-0.97483691633585,0.222919237727053,no
8970,UTAH,West,2024,42,0,0,0,0,0,1,1,0,-0.940998495019784,0.338410745057692,no
8971,UTAH,West,2024,43,0,0,0,0,0,1,1,0,-0.893531284772509,0.449000938899674,no
8972,UTAH,West,2024,44,0,0,0,0,0,0,0,0,-0.833122768722891,0.553088105310089,no
8973,UTAH,West,2024,45,0,0,0,0,0,0,0,0,-0.760647863163829,0.649164715818952,no
8974,UTAH,West,2024,46,0,0,0,0,0,0,0,0,-0.677156245853474,0.735839261457031,no
8975,UTAH,West,2024,47,0,0,0,0,0,0,0,0,-0.583857153188981,0.811856406435312,no
8976,UTAH,West,2024,48,0,0,0,0,0,0,0,0,-0.48210186644033,0.876115169583743,no
8977,UTAH,West,2024,49,0,0,0,0,0,0,0,0,-0.373364140701786,0.927684870221573,no
8978,UTAH,West,2024,50,0,0,0,0,0,0,0,0,-0.25921886001492,0.965818607510005,no
8979,UTAH,West,2024,51,0,0,0,0,0,0,0,0,-0.141319227808016,0.989964078061293,no
8980,UTAH,West,2024,52,0,0,0,0,0,0,0,0,-0.0213728230101764,0.999771575129327,no
8981,UTAH,West,2025,1,0,0,0,0,0,0,0,0,0.120128619954843,0.992758336488667,no
8982,UTAH,West,2025,2,0,0,0,0,0,0,0,0,0.238517377822098,0.97113822933549,no
8983,UTAH,West,2025,3,0,0,0,0,0,0,0,0,0.353451610505767,0.935452809622634,no
8984,UTAH,West,2025,4,0,0,0,0,0,0,0,0,0.463266687927793,0.886218920953741,no
8985,UTAH,West,2025,5,0,0,0,0,0,0,0,0,0.566372122409852,0.824149633839001,no
8986,UTAH,West,2025,6,0,0,0,0,0,0,0,0,0.661274604226529,0.750143918061759,no
8987,UTAH,West,2025,7,0,0,0,0,0,0,0,0,0.746599629698408,0.665273622605165,no
8988,UTAH,West,2025,8,0,0,0,0,0,0,0,0,0.821111408578364,0.570767951712827,no
8989,UTAH,West,2025,9,0,0,0,0,0,0,0,0,0.883730762405837,0.467995661921774,no
8990,UTAH,West,2025,10,0,0,0,0,0,0,0,0,0.933550754601395,0.358445237913918,no
8991,UTAH,West,2025,11,0,0,0,0,0,0,0,0,0.969849825925805,0.243703334305638,no
8992,UTAH,West,2025,12,0,0,0,0,0,0,0,0,0.992102245058455,0.125431795610095,no
8993,UTAH,West,2025,13,0,0,0,0,0,0,0,0,0.999985722936002,0.00534358719969101,no
8994,UTAH,West,2025,14,0,0,0,0,0,0,0,0,0.99338608057027,-0.1148220141316,no
8995,UTAH,West,2025,15,0,0,0,0,0,0,0,0,0.972398902739873,-0.233324610682822,no
8996,UTAH,West,2025,16,0,0,0,0,0,0,0,0,0.937328153604613,-0.348447890595089,no
8997,UTAH,West,2025,17,0,0,0,0,0,0,0,0,0.888681774293145,-0.458524485757508,no
8998,UTAH,West,2025,18,0,0,0,0,0,0,0,0,0.827164326225506,-0.561960120844802,no
8999,UTAH,West,2025,19,0,0,0,0,0,0,0,0,0.75366678671966,-0.657256703728203,no
9000,UTAH,West,2025,20,0,0,0,0,0,0,0,0,0.66925364467563,-0.743034022833669,no
9001,UTAH,West,2025,21,0,0,0,0,0,0,0,0,0.575147483234652,-0.818049737197468,no
9002,UTAH,West,2025,22,0,0,0,0,0,0,0,0,0.472711272707723,-0.881217369696629,no
9003,UTAH,West,2025,23,0,0,0,0,0,0,0,0,0.363428630230867,-0.93162204285242,no
9004,UTAH,West,2025,24,0,0,0,0,0,0,0,0,0.248882332052978,-0.968533729300055,no
9005,UTAH,West,2025,25,0,0,0,0,0,0,0,0,0.130731389669801,-0.991417825013754,no
9006,UTAH,West,2025,26,0,0,0,0,0,0,0,0,0.0106870218179092,-0.999942892151679,no
9007,UTAH,West,2025,27,0,0,0,0,0,0,0,0,-0.109512129665869,-0.99398545937858,no
9008,UTAH,West,2025,28,0,0,0,0,0,0,0,0,-0.228125181162749,-0.973631810141525,no
9009,UTAH,West,2025,29,0,0,0,0,0,0,0,0,-0.343434221058743,-0.939176732998521,no
9010,UTAH,West,2025,30,0,0,0,0,0,0,0,0,-0.453769190820369,-0.891119252099419,no
9011,UTAH,West,2025,31,0,0,0,0,0,0,0,0,-0.557532072998533,-0.830155399655967,no
9012,UTAH,West,2025,32,0,0,0,0,0,0,0,0,-0.653220035837834,-0.757168135079666,no
9013,UTAH,West,2025,33,0,0,0,0,0,0,0,0,-0.739447199280337,-0.673214556791863,no
9014,UTAH,West,2025,34,0,0,0,0,0,0,0,0,-0.814964707119669,-0.579510591921625,no
9015,UTAH,West,2025,35,0,0,0,0,0,0,0,0,-0.878678814593855,-0.477413385635487,no
9016,UTAH,West,2025,36,0,0,0,0,0,0,0,0,-0.929666729448389,-0.368401645160191,no
9017,UTAH,West,2025,37,0,0,0,0,0,0,0,0,-0.96718997703823,-0.254054223182352,no
9018,UTAH,West,2025,38,0,0,0,0,0,0,0,0,-0.990705095897581,-0.136027250808674,no
9019,UTAH,West,2025,39,0,0,0,0,0,0,0,0,-0.999871508870024,-0.0160301512775393,no
9020,UTAH,West,2025,40,0,0,0,0,0,0,0,0,-0.994556455798857,0.104199118176771,no
9021,UTAH,West,2025,41,0,0,0,0,0,0,0,0,-0.97483691633585,0.222919237727053,no
9022,UTAH,West,2025,42,0,0,0,0,0,0,0,0,-0.940998495019784,0.338410745057692,no
9023,UTAH,West,2025,43,0,0,0,0,0,0,0,0,-0.893531284772509,0.449000938899674,no
9024,UTAH,West,2025,44,0,0,0,0,0,0,0,0,-0.833122768722891,0.553088105310089,no
9025,UTAH,West,2025,45,0,0,0,0,0,0,0,0,-0.760647863163829,0.649164715818952,no
9026,UTAH,West,2025,46,0,0,0,0,0,0,0,0,-0.677156245853474,0.735839261457031,no
9027,UTAH,West,2025,47,0,0,0,0,0,0,0,0,-0.583857153188981,0.811856406435312,no
9028,UTAH,West,2025,48,0,0,0,0,0,0,0,0,-0.48210186644033,0.876115169583743,no
9029,UTAH,West,2025,49,0,0,0,0,0,0,0,0,-0.373364140701786,0.927684870221573,no
9030,UTAH,West,2025,50,0,0,0,0,0,0,0,0,-0.25921886001492,0.965818607510005,no
9031,UTAH,West,2025,51,0,0,0,0,0,0,0,0,-0.141319227808016,0.989964078061293,no
9032,UTAH,West,2025,52,0,0,0,0,0,0,0,0,-0.0213728230101764,0.999771575129327,no
9033,UTAH,West,2025,53,0,0,0,0,0,0,0,0,0.0988831313727152,0.995099053526797,no
9034,VERMONT,Northeast,2022,9,0,0,0,0,0,0,0,0,0.883730762405837,0.467995661921774,no
9035,VERMONT,Northeast,2022,10,0,0,0,0,0,0,0,0,0.933550754601395,0.358445237913918,no
9036,VERMONT,Northeast,2022,11,0,0,0,0,0,0,0,0,0.969849825925805,0.243703334305638,no
9037,VERMONT,Northeast,2022,12,0,0,0,0,0,0,0,0,0.992102245058455,0.125431795610095,no
9038,VERMONT,Northeast,2022,13,0,0,0,0,0,0,0,0,0.999985722936002,0.00534358719969101,no
9039,VERMONT,Northeast,2022,14,0,0,0,0,0,0,0,0,0.99338608057027,-0.1148220141316,no
9040,VERMONT,Northeast,2022,15,0,0,0,0,0,0,0,0,0.972398902739873,-0.233324610682822,no
9041,VERMONT,Northeast,2022,16,0,0,0,0,0,0,0,0,0.937328153604613,-0.348447890595089,no
9042,VERMONT,Northeast,2022,17,0,0,0,0,0,0,0,0,0.888681774293145,-0.458524485757508,no
9043,VERMONT,Northeast,2022,18,0,0,0,0,0,0,0,0,0.827164326225506,-0.561960120844802,no
9044,VERMONT,Northeast,2022,19,0,0,0,0,0,0,0,0,0.75366678671966,-0.657256703728203,no
9045,VERMONT,Northeast,2022,20,0,0,0,0,0,0,0,0,0.66925364467563,-0.743034022833669,no
9046,VERMONT,Northeast,2022,21,0,0,0,0,0,0,0,0,0.575147483234652,-0.818049737197468,no
9047,VERMONT,Northeast,2022,22,0,0,0,0,0,0,0,0,0.472711272707723,-0.881217369696629,no
9048,VERMONT,Northeast,2022,23,0,0,0,0,0,0,0,0,0.363428630230867,-0.93162204285242,no
9049,VERMONT,Northeast,2022,24,0,0,0,0,0,0,0,0,0.248882332052978,-0.968533729300055,no
9050,VERMONT,Northeast,2022,25,0,0,0,0,0,0,0,0,0.130731389669801,-0.991417825013754,no
9051,VERMONT,Northeast,2022,26,0,0,0,0,0,0,0,0,0.0106870218179092,-0.999942892151679,no
9052,VERMONT,Northeast,2022,27,0,0,0,0,0,0,0,0,-0.109512129665869,-0.99398545937858,no
9053,VERMONT,Northeast,2022,28,0,0,0,0,0,0,0,0,-0.228125181162749,-0.973631810141525,no
9054,VERMONT,Northeast,2022,29,0,0,0,0,0,0,0,0,-0.343434221058743,-0.939176732998521,no
9055,VERMONT,Northeast,2022,30,0,0,0,0,0,0,0,0,-0.453769190820369,-0.891119252099419,no
9056,VERMONT,Northeast,2022,31,0,0,0,0,0,0,0,0,-0.557532072998533,-0.830155399655967,no
9057,VERMONT,Northeast,2022,32,0,0,0,0,0,0,0,0,-0.653220035837834,-0.757168135079666,no
9058,VERMONT,Northeast,2022,33,0,0,0,0,0,0,0,0,-0.739447199280337,-0.673214556791863,no
9059,VERMONT,Northeast,2022,34,0,0,0,0,0,0,0,0,-0.814964707119669,-0.579510591921625,no
9060,VERMONT,Northeast,2022,35,0,0,0,0,0,0,0,0,-0.878678814593855,-0.477413385635487,no
9061,VERMONT,Northeast,2022,36,0,0,0,0,0,0,0,0,-0.929666729448389,-0.368401645160191,no
9062,VERMONT,Northeast,2022,37,0,0,0,0,0,0,0,0,-0.96718997703823,-0.254054223182352,no
9063,VERMONT,Northeast,2022,38,0,0,0,0,0,0,0,0,-0.990705095897581,-0.136027250808674,no
9064,VERMONT,Northeast,2022,39,0,0,0,0,0,0,0,0,-0.999871508870024,-0.0160301512775393,no
9065,VERMONT,Northeast,2022,40,0,0,0,0,0,0,0,0,-0.994556455798857,0.104199118176771,no
9066,VERMONT,Northeast,2022,41,0,0,0,0,0,0,0,0,-0.97483691633585,0.222919237727053,no
9067,VERMONT,Northeast,2022,42,0,0,0,0,0,0,0,0,-0.940998495019784,0.338410745057692,no
9068,VERMONT,Northeast,2022,43,0,0,0,0,0,0,0,0,-0.893531284772509,0.449000938899674,no
9069,VERMONT,Northeast,2022,44,0,0,0,0,0,0,0,0,-0.833122768722891,0.553088105310089,no
9070,VERMONT,Northeast,2022,45,0,0,0,0,0,0,0,0,-0.760647863163829,0.649164715818952,no
9071,VERMONT,Northeast,2022,46,0,0,0,0,0,0,0,0,-0.677156245853474,0.735839261457031,no
9072,VERMONT,Northeast,2022,47,0,0,0,0,0,0,0,0,-0.583857153188981,0.811856406435312,no
9073,VERMONT,Northeast,2022,48,0,0,0,0,0,0,0,0,-0.48210186644033,0.876115169583743,no
9074,VERMONT,Northeast,2022,49,0,0,0,0,0,0,0,0,-0.373364140701786,0.927684870221573,no
9075,VERMONT,Northeast,2022,50,0,0,0,0,0,0,0,0,-0.25921886001492,0.965818607510005,no
9076,VERMONT,Northeast,2022,51,0,0,0,0,0,0,0,0,-0.141319227808016,0.989964078061293,no
9077,VERMONT,Northeast,2022,52,0,0,0,0,0,0,0,0,-0.0213728230101764,0.999771575129327,no
9078,VERMONT,Northeast,2023,1,0,0,0,0,0,0,0,0,0.120128619954843,0.992758336488667,no
9079,VERMONT,Northeast,2023,2,0,0,0,0,0,0,0,0,0.238517377822098,0.97113822933549,no
9080,VERMONT,Northeast,2023,3,0,0,0,0,0,0,0,0,0.353451610505767,0.935452809622634,no
9081,VERMONT,Northeast,2023,4,0,0,0,0,0,0,0,0,0.463266687927793,0.886218920953741,no
9082,VERMONT,Northeast,2023,5,0,0,0,0,0,0,0,0,0.566372122409852,0.824149633839001,no
9083,VERMONT,Northeast,2023,6,0,0,0,0,0,0,0,0,0.661274604226529,0.750143918061759,no
9084,VERMONT,Northeast,2023,7,0,0,0,0,0,0,0,0,0.746599629698408,0.665273622605165,no
9085,VERMONT,Northeast,2023,8,0,0,0,0,0,0,0,0,0.821111408578364,0.570767951712827,no
9086,VERMONT,Northeast,2023,9,0,0,0,0,0,0,0,0,0.883730762405837,0.467995661921774,no
9087,VERMONT,Northeast,2023,10,0,0,0,0,0,0,0,0,0.933550754601395,0.358445237913918,no
9088,VERMONT,Northeast,2023,11,0,0,0,0,0,0,0,0,0.969849825925805,0.243703334305638,no
9089,VERMONT,Northeast,2023,12,0,0,0,0,0,0,0,0,0.992102245058455,0.125431795610095,no
9090,VERMONT,Northeast,2023,13,0,0,0,0,0,0,0,0,0.999985722936002,0.00534358719969101,no
9091,VERMONT,Northeast,2023,14,0,0,0,0,0,0,0,0,0.99338608057027,-0.1148220141316,no
9092,VERMONT,Northeast,2023,15,0,0,0,0,0,0,0,0,0.972398902739873,-0.233324610682822,no
9093,VERMONT,Northeast,2023,16,0,0,0,0,0,0,0,0,0.937328153604613,-0.348447890595089,no
9094,VERMONT,Northeast,2023,17,0,0,0,0,0,0,0,0,0.888681774293145,-0.458524485757508,no
9095,VERMONT,Northeast,2023,18,0,0,0,0,0,0,0,0,0.827164326225506,-0.561960120844802,no
9096,VERMONT,Northeast,2023,19,0,0,0,0,0,0,0,0,0.75366678671966,-0.657256703728203,no
9097,VERMONT,Northeast,2023,20,0,0,0,0,0,0,0,0,0.66925364467563,-0.743034022833669,no
9098,VERMONT,Northeast,2023,21,0,0,0,0,0,0,0,0,0.575147483234652,-0.818049737197468,no
9099,VERMONT,Northeast,2023,22,0,0,0,0,0,0,0,0,0.472711272707723,-0.881217369696629,no
9100,VERMONT,Northeast,2023,23,0,0,0,0,0,0,0,0,0.363428630230867,-0.93162204285242,no
9101,VERMONT,Northeast,2023,24,0,0,0,0,0,0,0,0,0.248882332052978,-0.968533729300055,no
9102,VERMONT,Northeast,2023,25,0,0,0,0,0,0,0,0,0.130731389669801,-0.991417825013754,no
9103,VERMONT,Northeast,2023,26,0,0,0,0,0,0,0,0,0.0106870218179092,-0.999942892151679,no
9104,VERMONT,Northeast,2023,27,0,0,0,0,0,0,0,0,-0.109512129665869,-0.99398545937858,no
9105,VERMONT,Northeast,2023,28,0,0,0,0,0,0,0,0,-0.228125181162749,-0.973631810141525,no
9106,VERMONT,Northeast,2023,29,0,0,0,0,0,0,0,0,-0.343434221058743,-0.939176732998521,no
9107,VERMONT,Northeast,2023,30,0,0,0,0,0,0,0,0,-0.453769190820369,-0.891119252099419,no
9108,VERMONT,Northeast,2023,31,0,0,0,0,0,0,0,0,-0.557532072998533,-0.830155399655967,no
9109,VERMONT,Northeast,2023,32,0,0,0,0,0,0,0,0,-0.653220035837834,-0.757168135079666,no
9110,VERMONT,Northeast,2023,33,0,0,0,0,0,0,0,0,-0.739447199280337,-0.673214556791863,no
9111,VERMONT,Northeast,2023,34,0,0,0,0,0,0,0,0,-0.814964707119669,-0.579510591921625,no
9112,VERMONT,Northeast,2023,35,0,0,0,0,0,0,0,0,-0.878678814593855,-0.477413385635487,no
9113,VERMONT,Northeast,2023,36,0,0,0,0,0,0,0,0,-0.929666729448389,-0.368401645160191,no
9114,VERMONT,Northeast,2023,37,0,0,0,0,0,0,0,0,-0.96718997703823,-0.254054223182352,no
9115,VERMONT,Northeast,2023,38,0,0,0,0,0,0,0,0,-0.990705095897581,-0.136027250808674,no
9116,VERMONT,Northeast,2023,39,0,0,0,0,0,0,0,0,-0.999871508870024,-0.0160301512775393,no
9117,VERMONT,Northeast,2023,40,0,0,0,0,0,0,0,0,-0.994556455798857,0.104199118176771,no
9118,VERMONT,Northeast,2023,41,0,0,0,0,0,0,0,0,-0.97483691633585,0.222919237727053,no
9119,VERMONT,Northeast,2023,42,0,0,0,0,0,0,0,0,-0.940998495019784,0.338410745057692,no
9120,VERMONT,Northeast,2023,43,0,0,0,0,0,0,0,0,-0.893531284772509,0.449000938899674,no
9121,VERMONT,Northeast,2023,44,0,0,0,0,0,0,0,0,-0.833122768722891,0.553088105310089,no
9122,VERMONT,Northeast,2023,45,0,0,0,0,0,0,0,0,-0.760647863163829,0.649164715818952,no
9123,VERMONT,Northeast,2023,46,0,0,0,0,0,0,0,0,-0.677156245853474,0.735839261457031,no
9124,VERMONT,Northeast,2023,47,0,0,0,0,0,0,0,0,-0.583857153188981,0.811856406435312,no
9125,VERMONT,Northeast,2023,48,0,0,0,0,0,0,0,0,-0.48210186644033,0.876115169583743,no
9126,VERMONT,Northeast,2023,49,0,0,0,0,0,0,0,0,-0.373364140701786,0.927684870221573,no
9127,VERMONT,Northeast,2023,50,0,0,0,0,0,0,0,0,-0.25921886001492,0.965818607510005,no
9128,VERMONT,Northeast,2023,51,0,0,0,0,0,0,0,0,-0.141319227808016,0.989964078061293,no
9129,VERMONT,Northeast,2023,52,0,0,0,0,0,0,0,0,-0.0213728230101764,0.999771575129327,no
9130,VERMONT,Northeast,2024,1,0,0,0,0,0,0,0,0,0.120128619954843,0.992758336488667,no
9131,VERMONT,Northeast,2024,2,0,0,0,0,0,0,0,0,0.238517377822098,0.97113822933549,no
9132,VERMONT,Northeast,2024,3,0,0,0,0,0,0,0,0,0.353451610505767,0.935452809622634,no
9133,VERMONT,Northeast,2024,4,0,0,0,0,0,0,0,0,0.463266687927793,0.886218920953741,no
9134,VERMONT,Northeast,2024,5,0,0,0,0,0,0,0,0,0.566372122409852,0.824149633839001,no
9135,VERMONT,Northeast,2024,6,0,0,0,0,0,0,0,0,0.661274604226529,0.750143918061759,no
9136,VERMONT,Northeast,2024,7,0,0,0,0,0,0,0,0,0.746599629698408,0.665273622605165,no
9137,VERMONT,Northeast,2024,8,0,0,0,0,0,0,0,0,0.821111408578364,0.570767951712827,no
9138,VERMONT,Northeast,2024,9,0,0,0,0,0,0,0,0,0.883730762405837,0.467995661921774,no
9139,VERMONT,Northeast,2024,10,0,0,0,0,0,0,0,0,0.933550754601395,0.358445237913918,no
9140,VERMONT,Northeast,2024,11,0,0,0,0,0,0,0,0,0.969849825925805,0.243703334305638,no
9141,VERMONT,Northeast,2024,12,0,0,0,0,0,0,0,0,0.992102245058455,0.125431795610095,no
9142,VERMONT,Northeast,2024,13,0,0,0,0,0,0,0,0,0.999985722936002,0.00534358719969101,no
9143,VERMONT,Northeast,2024,14,0,0,0,0,0,0,0,0,0.99338608057027,-0.1148220141316,no
9144,VERMONT,Northeast,2024,15,0,0,0,0,0,0,0,0,0.972398902739873,-0.233324610682822,no
9145,VERMONT,Northeast,2024,16,0,0,0,0,0,0,0,0,0.937328153604613,-0.348447890595089,no
9146,VERMONT,Northeast,2024,17,0,0,0,0,0,0,0,0,0.888681774293145,-0.458524485757508,no
9147,VERMONT,Northeast,2024,18,0,0,0,0,0,0,0,0,0.827164326225506,-0.561960120844802,no
9148,VERMONT,Northeast,2024,19,0,0,0,0,0,0,0,0,0.75366678671966,-0.657256703728203,no
9149,VERMONT,Northeast,2024,20,0,0,0,0,0,0,0,0,0.66925364467563,-0.743034022833669,no
9150,VERMONT,Northeast,2024,21,0,0,0,0,0,0,0,0,0.575147483234652,-0.818049737197468,no
9151,VERMONT,Northeast,2024,22,0,0,0,0,0,0,0,0,0.472711272707723,-0.881217369696629,no
9152,VERMONT,Northeast,2024,23,0,0,0,0,0,0,0,0,0.363428630230867,-0.93162204285242,no
9153,VERMONT,Northeast,2024,24,0,0,0,0,0,0,0,0,0.248882332052978,-0.968533729300055,no
9154,VERMONT,Northeast,2024,25,0,0,0,0,0,0,0,0,0.130731389669801,-0.991417825013754,no
9155,VERMONT,Northeast,2024,26,0,0,0,0,0,0,0,0,0.0106870218179092,-0.999942892151679,no
9156,VERMONT,Northeast,2024,27,0,0,0,0,0,0,0,0,-0.109512129665869,-0.99398545937858,no
9157,VERMONT,Northeast,2024,28,0,0,0,0,0,0,0,0,-0.228125181162749,-0.973631810141525,no
9158,VERMONT,Northeast,2024,29,0,0,0,0,0,0,0,0,-0.343434221058743,-0.939176732998521,no
9159,VERMONT,Northeast,2024,30,0,0,0,0,0,0,0,0,-0.453769190820369,-0.891119252099419,no
9160,VERMONT,Northeast,2024,31,0,0,0,0,0,0,0,0,-0.557532072998533,-0.830155399655967,no
9161,VERMONT,Northeast,2024,32,0,0,0,0,0,0,0,0,-0.653220035837834,-0.757168135079666,no
9162,VERMONT,Northeast,2024,33,0,0,0,0,0,0,0,0,-0.739447199280337,-0.673214556791863,no
9163,VERMONT,Northeast,2024,34,0,0,0,0,0,0,0,0,-0.814964707119669,-0.579510591921625,no
9164,VERMONT,Northeast,2024,35,0,0,0,0,0,0,0,0,-0.878678814593855,-0.477413385635487,no
9165,VERMONT,Northeast,2024,36,0,0,0,0,0,0,0,0,-0.929666729448389,-0.368401645160191,no
9166,VERMONT,Northeast,2024,37,0,0,0,0,0,0,0,0,-0.96718997703823,-0.254054223182352,no
9167,VERMONT,Northeast,2024,38,0,0,0,0,0,0,0,0,-0.990705095897581,-0.136027250808674,no
9168,VERMONT,Northeast,2024,39,0,0,0,0,0,0,0,0,-0.999871508870024,-0.0160301512775393,no
9169,VERMONT,Northeast,2024,40,0,0,0,0,0,0,0,0,-0.994556455798857,0.104199118176771,no
9170,VERMONT,Northeast,2024,41,0,0,0,0,0,0,0,0,-0.97483691633585,0.222919237727053,no
9171,VERMONT,Northeast,2024,42,0,0,0,0,0,0,0,0,-0.940998495019784,0.338410745057692,no
9172,VERMONT,Northeast,2024,43,0,0,0,0,0,0,0,0,-0.893531284772509,0.449000938899674,no
9173,VERMONT,Northeast,2024,44,0,0,0,0,0,0,0,0,-0.833122768722891,0.553088105310089,no
9174,VERMONT,Northeast,2024,45,0,0,0,0,0,0,0,0,-0.760647863163829,0.649164715818952,no
9175,VERMONT,Northeast,2024,46,0,0,0,0,0,0,0,0,-0.677156245853474,0.735839261457031,no
9176,VERMONT,Northeast,2024,47,0,0,0,0,0,0,0,0,-0.583857153188981,0.811856406435312,no
9177,VERMONT,Northeast,2024,48,0,0,0,0,0,0,0,0,-0.48210186644033,0.876115169583743,no
9178,VERMONT,Northeast,2024,49,0,0,0,0,0,0,0,0,-0.373364140701786,0.927684870221573,no
9179,VERMONT,Northeast,2024,50,0,0,0,0,0,0,0,0,-0.25921886001492,0.965818607510005,no
9180,VERMONT,Northeast,2024,51,0,0,0,0,0,0,0,0,-0.141319227808016,0.989964078061293,no
9181,VERMONT,Northeast,2024,52,0,0,0,0,0,0,0,0,-0.0213728230101764,0.999771575129327,no
9182,VERMONT,Northeast,2025,1,0,0,0,0,0,0,0,0,0.120128619954843,0.992758336488667,no
9183,VERMONT,Northeast,2025,2,0,0,0,0,0,0,0,0,0.238517377822098,0.97113822933549,no
9184,VERMONT,Northeast,2025,3,0,0,0,0,0,0,0,0,0.353451610505767,0.935452809622634,no
9185,VERMONT,Northeast,2025,4,0,0,0,0,0,0,0,0,0.463266687927793,0.886218920953741,no
9186,VERMONT,Northeast,2025,5,0,0,0,0,0,0,0,0,0.566372122409852,0.824149633839001,no
9187,VERMONT,Northeast,2025,6,0,0,0,0,0,0,0,0,0.661274604226529,0.750143918061759,no
9188,VERMONT,Northeast,2025,7,0,0,0,0,0,0,0,0,0.746599629698408,0.665273622605165,no
9189,VERMONT,Northeast,2025,8,0,0,0,0,0,0,0,0,0.821111408578364,0.570767951712827,no
9190,VERMONT,Northeast,2025,9,0,0,0,0,0,0,0,0,0.883730762405837,0.467995661921774,no
9191,VERMONT,Northeast,2025,10,0,0,0,0,0,0,0,0,0.933550754601395,0.358445237913918,no
9192,VERMONT,Northeast,2025,11,0,0,0,0,0,0,0,0,0.969849825925805,0.243703334305638,no
9193,VERMONT,Northeast,2025,12,0,0,0,0,0,0,0,0,0.992102245058455,0.125431795610095,no
9194,VERMONT,Northeast,2025,13,0,0,0,0,0,0,0,0,0.999985722936002,0.00534358719969101,no
9195,VERMONT,Northeast,2025,14,0,0,0,0,0,0,0,0,0.99338608057027,-0.1148220141316,no
9196,VERMONT,Northeast,2025,15,0,0,0,0,0,0,0,0,0.972398902739873,-0.233324610682822,no
9197,VERMONT,Northeast,2025,16,0,0,0,0,0,0,0,0,0.937328153604613,-0.348447890595089,no
9198,VERMONT,Northeast,2025,17,0,0,0,0,0,0,0,0,0.888681774293145,-0.458524485757508,no
9199,VERMONT,Northeast,2025,18,0,0,0,0,0,0,0,0,0.827164326225506,-0.561960120844802,no
9200,VERMONT,Northeast,2025,19,0,0,0,0,0,0,0,0,0.75366678671966,-0.657256703728203,no
9201,VERMONT,Northeast,2025,20,0,0,0,0,0,0,0,0,0.66925364467563,-0.743034022833669,no
9202,VERMONT,Northeast,2025,21,0,0,0,0,0,0,0,0,0.575147483234652,-0.818049737197468,no
9203,VERMONT,Northeast,2025,22,0,0,0,0,0,0,0,0,0.472711272707723,-0.881217369696629,no
9204,VERMONT,Northeast,2025,23,0,0,0,0,0,0,0,0,0.363428630230867,-0.93162204285242,no
9205,VERMONT,Northeast,2025,24,0,0,0,0,0,0,0,0,0.248882332052978,-0.968533729300055,no
9206,VERMONT,Northeast,2025,25,0,0,0,0,0,0,0,0,0.130731389669801,-0.991417825013754,no
9207,VERMONT,Northeast,2025,26,0,0,0,0,0,0,0,0,0.0106870218179092,-0.999942892151679,no
9208,VERMONT,Northeast,2025,27,0,0,0,0,0,0,0,0,-0.109512129665869,-0.99398545937858,no
9209,VERMONT,Northeast,2025,28,0,0,0,0,0,0,0,0,-0.228125181162749,-0.973631810141525,no
9210,VERMONT,Northeast,2025,29,0,0,0,0,0,0,0,0,-0.343434221058743,-0.939176732998521,no
9211,VERMONT,Northeast,2025,30,0,0,0,0,0,0,0,0,-0.453769190820369,-0.891119252099419,no
9212,VERMONT,Northeast,2025,31,0,0,0,0,0,0,0,0,-0.557532072998533,-0.830155399655967,no
9213,VERMONT,Northeast,2025,32,0,0,0,0,0,0,0,0,-0.653220035837834,-0.757168135079666,no
9214,VERMONT,Northeast,2025,33,0,0,0,0,0,0,0,0,-0.739447199280337,-0.673214556791863,no
9215,VERMONT,Northeast,2025,34,0,0,0,0,0,0,0,0,-0.814964707119669,-0.579510591921625,no
9216,VERMONT,Northeast,2025,35,0,0,0,0,0,0,0,0,-0.878678814593855,-0.477413385635487,no
9217,VERMONT,Northeast,2025,36,0,0,0,0,0,0,0,0,-0.929666729448389,-0.368401645160191,no
9218,VERMONT,Northeast,2025,37,0,0,0,0,0,0,0,0,-0.96718997703823,-0.254054223182352,no
9219,VERMONT,Northeast,2025,38,0,0,0,0,0,0,0,0,-0.990705095897581,-0.136027250808674,no
9220,VERMONT,Northeast,2025,39,0,0,0,0,0,0,0,0,-0.999871508870024,-0.0160301512775393,no
9221,VERMONT,Northeast,2025,40,0,0,0,0,0,0,0,0,-0.994556455798857,0.104199118176771,no
9222,VERMONT,Northeast,2025,41,0,0,0,0,0,0,0,0,-0.97483691633585,0.222919237727053,no
9223,VERMONT,Northeast,2025,42,0,0,0,0,0,0,0,0,-0.940998495019784,0.338410745057692,no
9224,VERMONT,Northeast,2025,43,0,0,0,0,0,0,0,0,-0.893531284772509,0.449000938899674,no
9225,VERMONT,Northeast,2025,44,0,0,0,0,0,0,0,0,-0.833122768722891,0.553088105310089,no
9226,VERMONT,Northeast,2025,45,0,0,0,0,0,0,0,0,-0.760647863163829,0.649164715818952,no
9227,VERMONT,Northeast,2025,46,0,0,0,0,0,0,0,0,-0.677156245853474,0.735839261457031,no
9228,VERMONT,Northeast,2025,47,0,0,0,0,0,0,0,0,-0.583857153188981,0.811856406435312,no
9229,VERMONT,Northeast,2025,48,0,0,0,0,0,0,0,0,-0.48210186644033,0.876115169583743,no
9230,VERMONT,Northeast,2025,49,0,0,0,0,0,0,0,0,-0.373364140701786,0.927684870221573,no
9231,VERMONT,Northeast,2025,50,0,0,0,0,0,0,0,0,-0.25921886001492,0.965818607510005,no
9232,VERMONT,Northeast,2025,51,0,0,0,0,0,0,0,0,-0.141319227808016,0.989964078061293,no
9233,VERMONT,Northeast,2025,52,0,0,0,0,0,0,0,0,-0.0213728230101764,0.999771575129327,no
9234,VERMONT,Northeast,2025,53,0,0,0,0,0,0,0,0,0.0988831313727152,0.995099053526797,no
9235,VIRGINIA,South,2022,9,0,0,0,0,0,0,0,0,0.883730762405837,0.467995661921774,no
9236,VIRGINIA,South,2022,10,0,0,0,0,0,0,0,0,0.933550754601395,0.358445237913918,no
9237,VIRGINIA,South,2022,11,0,0,0,0,0,0,0,0,0.969849825925805,0.243703334305638,no
9238,VIRGINIA,South,2022,12,0,0,0,0,0,0,0,0,0.992102245058455,0.125431795610095,no
9239,VIRGINIA,South,2022,13,0,0,0,0,0,0,0,0,0.999985722936002,0.00534358719969101,no
9240,VIRGINIA,South,2022,14,0,0,0,0,0,0,0,0,0.99338608057027,-0.1148220141316,no
9241,VIRGINIA,South,2022,15,0,0,0,0,0,0,0,0,0.972398902739873,-0.233324610682822,no
9242,VIRGINIA,South,2022,16,0,0,0,0,0,0,0,0,0.937328153604613,-0.348447890595089,no
9243,VIRGINIA,South,2022,17,0,0,0,0,0,0,0,0,0.888681774293145,-0.458524485757508,no
9244,VIRGINIA,South,2022,18,0,0,0,0,0,0,0,0,0.827164326225506,-0.561960120844802,no
9245,VIRGINIA,South,2022,19,0,0,0,0,0,0,0,0,0.75366678671966,-0.657256703728203,no
9246,VIRGINIA,South,2022,20,0,0,0,0,0,0,0,0,0.66925364467563,-0.743034022833669,no
9247,VIRGINIA,South,2022,21,0,0,0,0,0,0,0,0,0.575147483234652,-0.818049737197468,no
9248,VIRGINIA,South,2022,22,0,0,0,0,0,0,0,0,0.472711272707723,-0.881217369696629,no
9249,VIRGINIA,South,2022,23,0,0,0,0,0,0,0,0,0.363428630230867,-0.93162204285242,no
9250,VIRGINIA,South,2022,24,0,0,0,0,0,0,0,0,0.248882332052978,-0.968533729300055,no
9251,VIRGINIA,South,2022,25,0,0,0,0,0,0,0,0,0.130731389669801,-0.991417825013754,no
9252,VIRGINIA,South,2022,26,0,0,0,0,0,0,0,0,0.0106870218179092,-0.999942892151679,no
9253,VIRGINIA,South,2022,27,0,0,0,0,0,0,0,0,-0.109512129665869,-0.99398545937858,no
9254,VIRGINIA,South,2022,28,0,0,0,0,0,0,0,0,-0.228125181162749,-0.973631810141525,no
9255,VIRGINIA,South,2022,29,0,0,0,0,0,0,0,0,-0.343434221058743,-0.939176732998521,no
9256,VIRGINIA,South,2022,30,0,0,0,0,0,0,0,1,-0.453769190820369,-0.891119252099419,yes
9257,VIRGINIA,South,2022,31,0,0,0,0,0,0,0,1,-0.557532072998533,-0.830155399655967,yes
9258,VIRGINIA,South,2022,32,0,0,0,0,0,0,0,2,-0.653220035837834,-0.757168135079666,yes
9259,VIRGINIA,South,2022,33,0,0,0,0,0,0,0,2,-0.739447199280337,-0.673214556791863,yes
9260,VIRGINIA,South,2022,34,1,0,0,0,0,0,0,1,-0.814964707119669,-0.579510591921625,yes
9261,VIRGINIA,South,2022,35,0,1,0,0,1,1,1,1,-0.878678814593855,-0.477413385635487,yes
9262,VIRGINIA,South,2022,36,1,0,1,0,1,1,1,0,-0.929666729448389,-0.368401645160191,no
9263,VIRGINIA,South,2022,37,0,1,0,0,2,2,2,0,-0.96718997703823,-0.254054223182352,no
9264,VIRGINIA,South,2022,38,0,0,1,1,2,2,2,0,-0.990705095897581,-0.136027250808674,no
9265,VIRGINIA,South,2022,39,0,0,0,0,1,2,2,0,-0.999871508870024,-0.0160301512775393,no
9266,VIRGINIA,South,2022,40,0,0,0,1,1,2,2,0,-0.994556455798857,0.104199118176771,no
9267,VIRGINIA,South,2022,41,0,0,0,0,0,2,2,0,-0.97483691633585,0.222919237727053,no
9268,VIRGINIA,South,2022,42,0,0,0,0,0,2,2,0,-0.940998495019784,0.338410745057692,no
9269,VIRGINIA,South,2022,43,0,0,0,0,0,1,1,0,-0.893531284772509,0.449000938899674,no
9270,VIRGINIA,South,2022,44,0,0,0,0,0,1,1,0,-0.833122768722891,0.553088105310089,no
9271,VIRGINIA,South,2022,45,0,0,0,0,0,0,0,0,-0.760647863163829,0.649164715818952,no
9272,VIRGINIA,South,2022,46,0,0,0,0,0,0,0,0,-0.677156245853474,0.735839261457031,no
9273,VIRGINIA,South,2022,47,0,0,0,0,0,0,0,0,-0.583857153188981,0.811856406435312,no
9274,VIRGINIA,South,2022,48,0,0,0,0,0,0,0,0,-0.48210186644033,0.876115169583743,no
9275,VIRGINIA,South,2022,49,0,0,0,0,0,0,0,0,-0.373364140701786,0.927684870221573,no
9276,VIRGINIA,South,2022,50,0,0,0,0,0,0,0,0,-0.25921886001492,0.965818607510005,no
9277,VIRGINIA,South,2022,51,0,0,0,0,0,0,0,0,-0.141319227808016,0.989964078061293,no
9278,VIRGINIA,South,2022,52,0,0,0,0,0,0,0,0,-0.0213728230101764,0.999771575129327,no
9279,VIRGINIA,South,2023,1,0,0,0,0,0,0,0,0,0.120128619954843,0.992758336488667,no
9280,VIRGINIA,South,2023,2,0,0,0,0,0,0,0,0,0.238517377822098,0.97113822933549,no
9281,VIRGINIA,South,2023,3,0,0,0,0,0,0,0,0,0.353451610505767,0.935452809622634,no
9282,VIRGINIA,South,2023,4,0,0,0,0,0,0,0,0,0.463266687927793,0.886218920953741,no
9283,VIRGINIA,South,2023,5,0,0,0,0,0,0,0,0,0.566372122409852,0.824149633839001,no
9284,VIRGINIA,South,2023,6,0,0,0,0,0,0,0,0,0.661274604226529,0.750143918061759,no
9285,VIRGINIA,South,2023,7,0,0,0,0,0,0,0,0,0.746599629698408,0.665273622605165,no
9286,VIRGINIA,South,2023,8,0,0,0,0,0,0,0,0,0.821111408578364,0.570767951712827,no
9287,VIRGINIA,South,2023,9,0,0,0,0,0,0,0,0,0.883730762405837,0.467995661921774,no
9288,VIRGINIA,South,2023,10,0,0,0,0,0,0,0,0,0.933550754601395,0.358445237913918,no
9289,VIRGINIA,South,2023,11,0,0,0,0,0,0,0,0,0.969849825925805,0.243703334305638,no
9290,VIRGINIA,South,2023,12,0,0,0,0,0,0,0,0,0.992102245058455,0.125431795610095,no
9291,VIRGINIA,South,2023,13,0,0,0,0,0,0,0,0,0.999985722936002,0.00534358719969101,no
9292,VIRGINIA,South,2023,14,0,0,0,0,0,0,0,0,0.99338608057027,-0.1148220141316,no
9293,VIRGINIA,South,2023,15,0,0,0,0,0,0,0,0,0.972398902739873,-0.233324610682822,no
9294,VIRGINIA,South,2023,16,0,0,0,0,0,0,0,0,0.937328153604613,-0.348447890595089,no
9295,VIRGINIA,South,2023,17,0,0,0,0,0,0,0,0,0.888681774293145,-0.458524485757508,no
9296,VIRGINIA,South,2023,18,0,0,0,0,0,0,0,0,0.827164326225506,-0.561960120844802,no
9297,VIRGINIA,South,2023,19,0,0,0,0,0,0,0,0,0.75366678671966,-0.657256703728203,no
9298,VIRGINIA,South,2023,20,0,0,0,0,0,0,0,0,0.66925364467563,-0.743034022833669,no
9299,VIRGINIA,South,2023,21,0,0,0,0,0,0,0,0,0.575147483234652,-0.818049737197468,no
9300,VIRGINIA,South,2023,22,0,0,0,0,0,0,0,0,0.472711272707723,-0.881217369696629,no
9301,VIRGINIA,South,2023,23,0,0,0,0,0,0,0,0,0.363428630230867,-0.93162204285242,no
9302,VIRGINIA,South,2023,24,0,0,0,0,0,0,0,0,0.248882332052978,-0.968533729300055,no
9303,VIRGINIA,South,2023,25,0,0,0,0,0,0,0,0,0.130731389669801,-0.991417825013754,no
9304,VIRGINIA,South,2023,26,0,0,0,0,0,0,0,0,0.0106870218179092,-0.999942892151679,no
9305,VIRGINIA,South,2023,27,0,0,0,0,0,0,0,0,-0.109512129665869,-0.99398545937858,no
9306,VIRGINIA,South,2023,28,0,0,0,0,0,0,0,0,-0.228125181162749,-0.973631810141525,no
9307,VIRGINIA,South,2023,29,0,0,0,0,0,0,0,0,-0.343434221058743,-0.939176732998521,no
9308,VIRGINIA,South,2023,30,0,0,0,0,0,0,0,0,-0.453769190820369,-0.891119252099419,no
9309,VIRGINIA,South,2023,31,0,0,0,0,0,0,0,0,-0.557532072998533,-0.830155399655967,no
9310,VIRGINIA,South,2023,32,0,0,0,0,0,0,0,1,-0.653220035837834,-0.757168135079666,yes
9311,VIRGINIA,South,2023,33,0,0,0,0,0,0,0,2,-0.739447199280337,-0.673214556791863,yes
9312,VIRGINIA,South,2023,34,0,0,0,0,0,0,0,2,-0.814964707119669,-0.579510591921625,yes
9313,VIRGINIA,South,2023,35,0,0,0,0,0,0,0,4,-0.878678814593855,-0.477413385635487,yes
9314,VIRGINIA,South,2023,36,1,0,0,0,0,0,0,4,-0.929666729448389,-0.368401645160191,yes
9315,VIRGINIA,South,2023,37,1,1,0,0,1,1,1,3,-0.96718997703823,-0.254054223182352,yes
9316,VIRGINIA,South,2023,38,0,1,1,0,2,2,2,3,-0.990705095897581,-0.136027250808674,yes
9317,VIRGINIA,South,2023,39,2,0,1,0,2,2,2,2,-0.999871508870024,-0.0160301512775393,yes
9318,VIRGINIA,South,2023,40,1,2,0,1,4,4,3,1,-0.994556455798857,0.104199118176771,yes
9319,VIRGINIA,South,2023,41,0,1,2,1,4,5,4,1,-0.97483691633585,0.222919237727053,yes
9320,VIRGINIA,South,2023,42,0,0,1,0,3,5,4,1,-0.940998495019784,0.338410745057692,yes
9321,VIRGINIA,South,2023,43,1,0,0,2,3,5,4,0,-0.893531284772509,0.449000938899674,no
9322,VIRGINIA,South,2023,44,0,1,0,1,2,6,5,0,-0.833122768722891,0.553088105310089,no
9323,VIRGINIA,South,2023,45,0,0,1,0,1,5,4,0,-0.760647863163829,0.649164715818952,no
9324,VIRGINIA,South,2023,46,0,0,0,0,1,4,3,0,-0.677156245853474,0.735839261457031,no
9325,VIRGINIA,South,2023,47,0,0,0,1,1,4,3,0,-0.583857153188981,0.811856406435312,no
9326,VIRGINIA,South,2023,48,0,0,0,0,0,2,2,0,-0.48210186644033,0.876115169583743,no
9327,VIRGINIA,South,2023,49,0,0,0,0,0,1,1,0,-0.373364140701786,0.927684870221573,no
9328,VIRGINIA,South,2023,50,0,0,0,0,0,1,1,0,-0.25921886001492,0.965818607510005,no
9329,VIRGINIA,South,2023,51,0,0,0,0,0,1,1,0,-0.141319227808016,0.989964078061293,no
9330,VIRGINIA,South,2023,52,0,0,0,0,0,0,0,0,-0.0213728230101764,0.999771575129327,no
9331,VIRGINIA,South,2024,1,0,0,0,0,0,0,0,0,0.120128619954843,0.992758336488667,no
9332,VIRGINIA,South,2024,2,0,0,0,0,0,0,0,0,0.238517377822098,0.97113822933549,no
9333,VIRGINIA,South,2024,3,0,0,0,0,0,0,0,0,0.353451610505767,0.935452809622634,no
9334,VIRGINIA,South,2024,4,0,0,0,0,0,0,0,0,0.463266687927793,0.886218920953741,no
9335,VIRGINIA,South,2024,5,0,0,0,0,0,0,0,0,0.566372122409852,0.824149633839001,no
9336,VIRGINIA,South,2024,6,0,0,0,0,0,0,0,0,0.661274604226529,0.750143918061759,no
9337,VIRGINIA,South,2024,7,0,0,0,0,0,0,0,0,0.746599629698408,0.665273622605165,no
9338,VIRGINIA,South,2024,8,0,0,0,0,0,0,0,0,0.821111408578364,0.570767951712827,no
9339,VIRGINIA,South,2024,9,0,0,0,0,0,0,0,0,0.883730762405837,0.467995661921774,no
9340,VIRGINIA,South,2024,10,0,0,0,0,0,0,0,0,0.933550754601395,0.358445237913918,no
9341,VIRGINIA,South,2024,11,0,0,0,0,0,0,0,0,0.969849825925805,0.243703334305638,no
9342,VIRGINIA,South,2024,12,0,0,0,0,0,0,0,0,0.992102245058455,0.125431795610095,no
9343,VIRGINIA,South,2024,13,0,0,0,0,0,0,0,0,0.999985722936002,0.00534358719969101,no
9344,VIRGINIA,South,2024,14,0,0,0,0,0,0,0,0,0.99338608057027,-0.1148220141316,no
9345,VIRGINIA,South,2024,15,0,0,0,0,0,0,0,0,0.972398902739873,-0.233324610682822,no
9346,VIRGINIA,South,2024,16,0,0,0,0,0,0,0,0,0.937328153604613,-0.348447890595089,no
9347,VIRGINIA,South,2024,17,0,0,0,0,0,0,0,0,0.888681774293145,-0.458524485757508,no
9348,VIRGINIA,South,2024,18,0,0,0,0,0,0,0,0,0.827164326225506,-0.561960120844802,no
9349,VIRGINIA,South,2024,19,0,0,0,0,0,0,0,0,0.75366678671966,-0.657256703728203,no
9350,VIRGINIA,South,2024,20,0,0,0,0,0,0,0,0,0.66925364467563,-0.743034022833669,no
9351,VIRGINIA,South,2024,21,0,0,0,0,0,0,0,0,0.575147483234652,-0.818049737197468,no
9352,VIRGINIA,South,2024,22,0,0,0,0,0,0,0,0,0.472711272707723,-0.881217369696629,no
9353,VIRGINIA,South,2024,23,0,0,0,0,0,0,0,0,0.363428630230867,-0.93162204285242,no
9354,VIRGINIA,South,2024,24,0,0,0,0,0,0,0,0,0.248882332052978,-0.968533729300055,no
9355,VIRGINIA,South,2024,25,0,0,0,0,0,0,0,0,0.130731389669801,-0.991417825013754,no
9356,VIRGINIA,South,2024,26,0,0,0,0,0,0,0,0,0.0106870218179092,-0.999942892151679,no
9357,VIRGINIA,South,2024,27,0,0,0,0,0,0,0,0,-0.109512129665869,-0.99398545937858,no
9358,VIRGINIA,South,2024,28,0,0,0,0,0,0,0,0,-0.228125181162749,-0.973631810141525,no
9359,VIRGINIA,South,2024,29,0,0,0,0,0,0,0,0,-0.343434221058743,-0.939176732998521,no
9360,VIRGINIA,South,2024,30,0,0,0,0,0,0,0,1,-0.453769190820369,-0.891119252099419,yes
9361,VIRGINIA,South,2024,31,0,0,0,0,0,0,0,2,-0.557532072998533,-0.830155399655967,yes
9362,VIRGINIA,South,2024,32,0,0,0,0,0,0,0,5,-0.653220035837834,-0.757168135079666,yes
9363,VIRGINIA,South,2024,33,0,0,0,0,0,0,0,7,-0.739447199280337,-0.673214556791863,yes
9364,VIRGINIA,South,2024,34,1,0,0,0,0,0,0,6,-0.814964707119669,-0.579510591921625,yes
9365,VIRGINIA,South,2024,35,1,1,0,0,1,1,1,5,-0.878678814593855,-0.477413385635487,yes
9366,VIRGINIA,South,2024,36,3,1,1,0,2,2,2,2,-0.929666729448389,-0.368401645160191,yes
9367,VIRGINIA,South,2024,37,2,3,1,0,5,5,3,0,-0.96718997703823,-0.254054223182352,no
9368,VIRGINIA,South,2024,38,0,2,3,1,7,7,4,0,-0.990705095897581,-0.136027250808674,no
9369,VIRGINIA,South,2024,39,0,0,2,1,6,7,4,0,-0.999871508870024,-0.0160301512775393,no
9370,VIRGINIA,South,2024,40,0,0,0,3,5,7,4,0,-0.994556455798857,0.104199118176771,no
9371,VIRGINIA,South,2024,41,0,0,0,2,2,7,4,0,-0.97483691633585,0.222919237727053,no
9372,VIRGINIA,South,2024,42,0,0,0,0,0,7,4,0,-0.940998495019784,0.338410745057692,no
9373,VIRGINIA,South,2024,43,0,0,0,0,0,6,3,0,-0.893531284772509,0.449000938899674,no
9374,VIRGINIA,South,2024,44,0,0,0,0,0,5,2,0,-0.833122768722891,0.553088105310089,no
9375,VIRGINIA,South,2024,45,0,0,0,0,0,2,1,0,-0.760647863163829,0.649164715818952,no
9376,VIRGINIA,South,2024,46,0,0,0,0,0,0,0,0,-0.677156245853474,0.735839261457031,no
9377,VIRGINIA,South,2024,47,0,0,0,0,0,0,0,0,-0.583857153188981,0.811856406435312,no
9378,VIRGINIA,South,2024,48,0,0,0,0,0,0,0,0,-0.48210186644033,0.876115169583743,no
9379,VIRGINIA,South,2024,49,0,0,0,0,0,0,0,0,-0.373364140701786,0.927684870221573,no
9380,VIRGINIA,South,2024,50,0,0,0,0,0,0,0,0,-0.25921886001492,0.965818607510005,no
9381,VIRGINIA,South,2024,51,0,0,0,0,0,0,0,0,-0.141319227808016,0.989964078061293,no
9382,VIRGINIA,South,2024,52,0,0,0,0,0,0,0,0,-0.0213728230101764,0.999771575129327,no
9383,VIRGINIA,South,2025,1,0,0,0,0,0,0,0,0,0.120128619954843,0.992758336488667,no
9384,VIRGINIA,South,2025,2,0,0,0,0,0,0,0,0,0.238517377822098,0.97113822933549,no
9385,VIRGINIA,South,2025,3,0,0,0,0,0,0,0,0,0.353451610505767,0.935452809622634,no
9386,VIRGINIA,South,2025,4,0,0,0,0,0,0,0,0,0.463266687927793,0.886218920953741,no
9387,VIRGINIA,South,2025,5,0,0,0,0,0,0,0,0,0.566372122409852,0.824149633839001,no
9388,VIRGINIA,South,2025,6,0,0,0,0,0,0,0,0,0.661274604226529,0.750143918061759,no
9389,VIRGINIA,South,2025,7,0,0,0,0,0,0,0,0,0.746599629698408,0.665273622605165,no
9390,VIRGINIA,South,2025,8,0,0,0,0,0,0,0,0,0.821111408578364,0.570767951712827,no
9391,VIRGINIA,South,2025,9,0,0,0,0,0,0,0,0,0.883730762405837,0.467995661921774,no
9392,VIRGINIA,South,2025,10,0,0,0,0,0,0,0,0,0.933550754601395,0.358445237913918,no
9393,VIRGINIA,South,2025,11,0,0,0,0,0,0,0,0,0.969849825925805,0.243703334305638,no
9394,VIRGINIA,South,2025,12,0,0,0,0,0,0,0,0,0.992102245058455,0.125431795610095,no
9395,VIRGINIA,South,2025,13,0,0,0,0,0,0,0,0,0.999985722936002,0.00534358719969101,no
9396,VIRGINIA,South,2025,14,0,0,0,0,0,0,0,0,0.99338608057027,-0.1148220141316,no
9397,VIRGINIA,South,2025,15,0,0,0,0,0,0,0,0,0.972398902739873,-0.233324610682822,no
9398,VIRGINIA,South,2025,16,0,0,0,0,0,0,0,0,0.937328153604613,-0.348447890595089,no
9399,VIRGINIA,South,2025,17,0,0,0,0,0,0,0,0,0.888681774293145,-0.458524485757508,no
9400,VIRGINIA,South,2025,18,0,0,0,0,0,0,0,0,0.827164326225506,-0.561960120844802,no
9401,VIRGINIA,South,2025,19,0,0,0,0,0,0,0,0,0.75366678671966,-0.657256703728203,no
9402,VIRGINIA,South,2025,20,0,0,0,0,0,0,0,0,0.66925364467563,-0.743034022833669,no
9403,VIRGINIA,South,2025,21,0,0,0,0,0,0,0,1,0.575147483234652,-0.818049737197468,yes
9404,VIRGINIA,South,2025,22,0,0,0,0,0,0,0,1,0.472711272707723,-0.881217369696629,yes
9405,VIRGINIA,South,2025,23,0,0,0,0,0,0,0,1,0.363428630230867,-0.93162204285242,yes
9406,VIRGINIA,South,2025,24,0,0,0,0,0,0,0,1,0.248882332052978,-0.968533729300055,yes
9407,VIRGINIA,South,2025,25,1,0,0,0,0,0,0,0,0.130731389669801,-0.991417825013754,no
9408,VIRGINIA,South,2025,26,0,1,0,0,1,1,1,0,0.0106870218179092,-0.999942892151679,no
9409,VIRGINIA,South,2025,27,0,0,1,0,1,1,1,0,-0.109512129665869,-0.99398545937858,no
9410,VIRGINIA,South,2025,28,0,0,0,0,1,1,1,0,-0.228125181162749,-0.973631810141525,no
9411,VIRGINIA,South,2025,29,0,0,0,1,1,1,1,0,-0.343434221058743,-0.939176732998521,no
9412,VIRGINIA,South,2025,30,0,0,0,0,0,1,1,1,-0.453769190820369,-0.891119252099419,yes
9413,VIRGINIA,South,2025,31,0,0,0,0,0,1,1,1,-0.557532072998533,-0.830155399655967,yes
9414,VIRGINIA,South,2025,32,0,0,0,0,0,1,1,1,-0.653220035837834,-0.757168135079666,yes
9415,VIRGINIA,South,2025,33,0,0,0,0,0,1,1,2,-0.739447199280337,-0.673214556791863,yes
9416,VIRGINIA,South,2025,34,1,0,0,0,0,0,0,2,-0.814964707119669,-0.579510591921625,yes
9417,VIRGINIA,South,2025,35,0,1,0,0,1,1,1,3,-0.878678814593855,-0.477413385635487,yes
9418,VIRGINIA,South,2025,36,0,0,1,0,1,1,1,4,-0.929666729448389,-0.368401645160191,yes
9419,VIRGINIA,South,2025,37,1,0,0,0,1,1,1,3,-0.96718997703823,-0.254054223182352,yes
9420,VIRGINIA,South,2025,38,1,1,0,1,2,2,2,3,-0.990705095897581,-0.136027250808674,yes
9421,VIRGINIA,South,2025,39,1,1,1,0,2,3,3,3,-0.999871508870024,-0.0160301512775393,yes
9422,VIRGINIA,South,2025,40,1,1,1,0,3,4,4,2,-0.994556455798857,0.104199118176771,yes
9423,VIRGINIA,South,2025,41,0,1,1,1,4,5,5,2,-0.97483691633585,0.222919237727053,yes
9424,VIRGINIA,South,2025,42,1,0,1,1,3,5,5,1,-0.940998495019784,0.338410745057692,yes
9425,VIRGINIA,South,2025,43,1,1,0,1,3,5,5,0,-0.893531284772509,0.449000938899674,no
9426,VIRGINIA,South,2025,44,0,1,1,1,3,6,6,0,-0.833122768722891,0.553088105310089,no
9427,VIRGINIA,South,2025,45,0,0,1,0,2,6,6,0,-0.760647863163829,0.649164715818952,no
9428,VIRGINIA,South,2025,46,0,0,0,1,2,5,5,0,-0.677156245853474,0.735839261457031,no
9429,VIRGINIA,South,2025,47,0,0,0,1,1,4,4,0,-0.583857153188981,0.811856406435312,no
9430,VIRGINIA,South,2025,48,0,0,0,0,0,3,3,0,-0.48210186644033,0.876115169583743,no
9431,VIRGINIA,South,2025,49,0,0,0,0,0,2,2,0,-0.373364140701786,0.927684870221573,no
9432,VIRGINIA,South,2025,50,0,0,0,0,0,2,2,0,-0.25921886001492,0.965818607510005,no
9433,VIRGINIA,South,2025,51,0,0,0,0,0,1,1,0,-0.141319227808016,0.989964078061293,no
9434,VIRGINIA,South,2025,52,0,0,0,0,0,0,0,0,-0.0213728230101764,0.999771575129327,no
9435,VIRGINIA,South,2025,53,0,0,0,0,0,0,0,0,0.0988831313727152,0.995099053526797,no
9436,WASHINGTON,West,2022,9,0,0,0,0,0,0,0,0,0.883730762405837,0.467995661921774,no
9437,WASHINGTON,West,2022,10,0,0,0,0,0,0,0,0,0.933550754601395,0.358445237913918,no
9438,WASHINGTON,West,2022,11,0,0,0,0,0,0,0,0,0.969849825925805,0.243703334305638,no
9439,WASHINGTON,West,2022,12,0,0,0,0,0,0,0,0,0.992102245058455,0.125431795610095,no
9440,WASHINGTON,West,2022,13,0,0,0,0,0,0,0,0,0.999985722936002,0.00534358719969101,no
9441,WASHINGTON,West,2022,14,0,0,0,0,0,0,0,0,0.99338608057027,-0.1148220141316,no
9442,WASHINGTON,West,2022,15,0,0,0,0,0,0,0,0,0.972398902739873,-0.233324610682822,no
9443,WASHINGTON,West,2022,16,0,0,0,0,0,0,0,0,0.937328153604613,-0.348447890595089,no
9444,WASHINGTON,West,2022,17,0,0,0,0,0,0,0,0,0.888681774293145,-0.458524485757508,no
9445,WASHINGTON,West,2022,18,0,0,0,0,0,0,0,0,0.827164326225506,-0.561960120844802,no
9446,WASHINGTON,West,2022,19,0,0,0,0,0,0,0,0,0.75366678671966,-0.657256703728203,no
9447,WASHINGTON,West,2022,20,0,0,0,0,0,0,0,0,0.66925364467563,-0.743034022833669,no
9448,WASHINGTON,West,2022,21,0,0,0,0,0,0,0,0,0.575147483234652,-0.818049737197468,no
9449,WASHINGTON,West,2022,22,0,0,0,0,0,0,0,0,0.472711272707723,-0.881217369696629,no
9450,WASHINGTON,West,2022,23,0,0,0,0,0,0,0,0,0.363428630230867,-0.93162204285242,no
9451,WASHINGTON,West,2022,24,0,0,0,0,0,0,0,0,0.248882332052978,-0.968533729300055,no
9452,WASHINGTON,West,2022,25,0,0,0,0,0,0,0,0,0.130731389669801,-0.991417825013754,no
9453,WASHINGTON,West,2022,26,0,0,0,0,0,0,0,0,0.0106870218179092,-0.999942892151679,no
9454,WASHINGTON,West,2022,27,0,0,0,0,0,0,0,0,-0.109512129665869,-0.99398545937858,no
9455,WASHINGTON,West,2022,28,0,0,0,0,0,0,0,0,-0.228125181162749,-0.973631810141525,no
9456,WASHINGTON,West,2022,29,0,0,0,0,0,0,0,0,-0.343434221058743,-0.939176732998521,no
9457,WASHINGTON,West,2022,30,0,0,0,0,0,0,0,0,-0.453769190820369,-0.891119252099419,no
9458,WASHINGTON,West,2022,31,0,0,0,0,0,0,0,0,-0.557532072998533,-0.830155399655967,no
9459,WASHINGTON,West,2022,32,0,0,0,0,0,0,0,0,-0.653220035837834,-0.757168135079666,no
9460,WASHINGTON,West,2022,33,0,0,0,0,0,0,0,0,-0.739447199280337,-0.673214556791863,no
9461,WASHINGTON,West,2022,34,0,0,0,0,0,0,0,0,-0.814964707119669,-0.579510591921625,no
9462,WASHINGTON,West,2022,35,0,0,0,0,0,0,0,0,-0.878678814593855,-0.477413385635487,no
9463,WASHINGTON,West,2022,36,0,0,0,0,0,0,0,0,-0.929666729448389,-0.368401645160191,no
9464,WASHINGTON,West,2022,37,0,0,0,0,0,0,0,0,-0.96718997703823,-0.254054223182352,no
9465,WASHINGTON,West,2022,38,0,0,0,0,0,0,0,0,-0.990705095897581,-0.136027250808674,no
9466,WASHINGTON,West,2022,39,0,0,0,0,0,0,0,0,-0.999871508870024,-0.0160301512775393,no
9467,WASHINGTON,West,2022,40,0,0,0,0,0,0,0,0,-0.994556455798857,0.104199118176771,no
9468,WASHINGTON,West,2022,41,0,0,0,0,0,0,0,0,-0.97483691633585,0.222919237727053,no
9469,WASHINGTON,West,2022,42,0,0,0,0,0,0,0,0,-0.940998495019784,0.338410745057692,no
9470,WASHINGTON,West,2022,43,0,0,0,0,0,0,0,0,-0.893531284772509,0.449000938899674,no
9471,WASHINGTON,West,2022,44,0,0,0,0,0,0,0,0,-0.833122768722891,0.553088105310089,no
9472,WASHINGTON,West,2022,45,0,0,0,0,0,0,0,0,-0.760647863163829,0.649164715818952,no
9473,WASHINGTON,West,2022,46,0,0,0,0,0,0,0,0,-0.677156245853474,0.735839261457031,no
9474,WASHINGTON,West,2022,47,0,0,0,0,0,0,0,0,-0.583857153188981,0.811856406435312,no
9475,WASHINGTON,West,2022,48,0,0,0,0,0,0,0,0,-0.48210186644033,0.876115169583743,no
9476,WASHINGTON,West,2022,49,0,0,0,0,0,0,0,0,-0.373364140701786,0.927684870221573,no
9477,WASHINGTON,West,2022,50,0,0,0,0,0,0,0,0,-0.25921886001492,0.965818607510005,no
9478,WASHINGTON,West,2022,51,0,0,0,0,0,0,0,0,-0.141319227808016,0.989964078061293,no
9479,WASHINGTON,West,2022,52,0,0,0,0,0,0,0,0,-0.0213728230101764,0.999771575129327,no
9480,WASHINGTON,West,2023,1,0,0,0,0,0,0,0,0,0.120128619954843,0.992758336488667,no
9481,WASHINGTON,West,2023,2,0,0,0,0,0,0,0,0,0.238517377822098,0.97113822933549,no
9482,WASHINGTON,West,2023,3,0,0,0,0,0,0,0,0,0.353451610505767,0.935452809622634,no
9483,WASHINGTON,West,2023,4,0,0,0,0,0,0,0,0,0.463266687927793,0.886218920953741,no
9484,WASHINGTON,West,2023,5,0,0,0,0,0,0,0,0,0.566372122409852,0.824149633839001,no
9485,WASHINGTON,West,2023,6,0,0,0,0,0,0,0,0,0.661274604226529,0.750143918061759,no
9486,WASHINGTON,West,2023,7,0,0,0,0,0,0,0,0,0.746599629698408,0.665273622605165,no
9487,WASHINGTON,West,2023,8,0,0,0,0,0,0,0,0,0.821111408578364,0.570767951712827,no
9488,WASHINGTON,West,2023,9,0,0,0,0,0,0,0,0,0.883730762405837,0.467995661921774,no
9489,WASHINGTON,West,2023,10,0,0,0,0,0,0,0,0,0.933550754601395,0.358445237913918,no
9490,WASHINGTON,West,2023,11,0,0,0,0,0,0,0,0,0.969849825925805,0.243703334305638,no
9491,WASHINGTON,West,2023,12,0,0,0,0,0,0,0,0,0.992102245058455,0.125431795610095,no
9492,WASHINGTON,West,2023,13,0,0,0,0,0,0,0,0,0.999985722936002,0.00534358719969101,no
9493,WASHINGTON,West,2023,14,0,0,0,0,0,0,0,0,0.99338608057027,-0.1148220141316,no
9494,WASHINGTON,West,2023,15,0,0,0,0,0,0,0,0,0.972398902739873,-0.233324610682822,no
9495,WASHINGTON,West,2023,16,0,0,0,0,0,0,0,0,0.937328153604613,-0.348447890595089,no
9496,WASHINGTON,West,2023,17,0,0,0,0,0,0,0,0,0.888681774293145,-0.458524485757508,no
9497,WASHINGTON,West,2023,18,0,0,0,0,0,0,0,0,0.827164326225506,-0.561960120844802,no
9498,WASHINGTON,West,2023,19,0,0,0,0,0,0,0,0,0.75366678671966,-0.657256703728203,no
9499,WASHINGTON,West,2023,20,0,0,0,0,0,0,0,0,0.66925364467563,-0.743034022833669,no
9500,WASHINGTON,West,2023,21,0,0,0,0,0,0,0,0,0.575147483234652,-0.818049737197468,no
9501,WASHINGTON,West,2023,22,0,0,0,0,0,0,0,0,0.472711272707723,-0.881217369696629,no
9502,WASHINGTON,West,2023,23,0,0,0,0,0,0,0,0,0.363428630230867,-0.93162204285242,no
9503,WASHINGTON,West,2023,24,0,0,0,0,0,0,0,0,0.248882332052978,-0.968533729300055,no
9504,WASHINGTON,West,2023,25,0,0,0,0,0,0,0,0,0.130731389669801,-0.991417825013754,no
9505,WASHINGTON,West,2023,26,0,0,0,0,0,0,0,0,0.0106870218179092,-0.999942892151679,no
9506,WASHINGTON,West,2023,27,0,0,0,0,0,0,0,0,-0.109512129665869,-0.99398545937858,no
9507,WASHINGTON,West,2023,28,0,0,0,0,0,0,0,0,-0.228125181162749,-0.973631810141525,no
9508,WASHINGTON,West,2023,29,0,0,0,0,0,0,0,0,-0.343434221058743,-0.939176732998521,no
9509,WASHINGTON,West,2023,30,0,0,0,0,0,0,0,0,-0.453769190820369,-0.891119252099419,no
9510,WASHINGTON,West,2023,31,0,0,0,0,0,0,0,0,-0.557532072998533,-0.830155399655967,no
9511,WASHINGTON,West,2023,32,0,0,0,0,0,0,0,0,-0.653220035837834,-0.757168135079666,no
9512,WASHINGTON,West,2023,33,0,0,0,0,0,0,0,0,-0.739447199280337,-0.673214556791863,no
9513,WASHINGTON,West,2023,34,0,0,0,0,0,0,0,0,-0.814964707119669,-0.579510591921625,no
9514,WASHINGTON,West,2023,35,0,0,0,0,0,0,0,0,-0.878678814593855,-0.477413385635487,no
9515,WASHINGTON,West,2023,36,0,0,0,0,0,0,0,0,-0.929666729448389,-0.368401645160191,no
9516,WASHINGTON,West,2023,37,0,0,0,0,0,0,0,0,-0.96718997703823,-0.254054223182352,no
9517,WASHINGTON,West,2023,38,0,0,0,0,0,0,0,0,-0.990705095897581,-0.136027250808674,no
9518,WASHINGTON,West,2023,39,0,0,0,0,0,0,0,0,-0.999871508870024,-0.0160301512775393,no
9519,WASHINGTON,West,2023,40,0,0,0,0,0,0,0,0,-0.994556455798857,0.104199118176771,no
9520,WASHINGTON,West,2023,41,0,0,0,0,0,0,0,0,-0.97483691633585,0.222919237727053,no
9521,WASHINGTON,West,2023,42,0,0,0,0,0,0,0,0,-0.940998495019784,0.338410745057692,no
9522,WASHINGTON,West,2023,43,0,0,0,0,0,0,0,0,-0.893531284772509,0.449000938899674,no
9523,WASHINGTON,West,2023,44,0,0,0,0,0,0,0,0,-0.833122768722891,0.553088105310089,no
9524,WASHINGTON,West,2023,45,0,0,0,0,0,0,0,0,-0.760647863163829,0.649164715818952,no
9525,WASHINGTON,West,2023,46,0,0,0,0,0,0,0,0,-0.677156245853474,0.735839261457031,no
9526,WASHINGTON,West,2023,47,0,0,0,0,0,0,0,0,-0.583857153188981,0.811856406435312,no
9527,WASHINGTON,West,2023,48,0,0,0,0,0,0,0,0,-0.48210186644033,0.876115169583743,no
9528,WASHINGTON,West,2023,49,0,0,0,0,0,0,0,0,-0.373364140701786,0.927684870221573,no
9529,WASHINGTON,West,2023,50,0,0,0,0,0,0,0,0,-0.25921886001492,0.965818607510005,no
9530,WASHINGTON,West,2023,51,0,0,0,0,0,0,0,0,-0.141319227808016,0.989964078061293,no
9531,WASHINGTON,West,2023,52,0,0,0,0,0,0,0,0,-0.0213728230101764,0.999771575129327,no
9532,WASHINGTON,West,2024,1,0,0,0,0,0,0,0,0,0.120128619954843,0.992758336488667,no
9533,WASHINGTON,West,2024,2,0,0,0,0,0,0,0,0,0.238517377822098,0.97113822933549,no
9534,WASHINGTON,West,2024,3,0,0,0,0,0,0,0,0,0.353451610505767,0.935452809622634,no
9535,WASHINGTON,West,2024,4,0,0,0,0,0,0,0,0,0.463266687927793,0.886218920953741,no
9536,WASHINGTON,West,2024,5,0,0,0,0,0,0,0,0,0.566372122409852,0.824149633839001,no
9537,WASHINGTON,West,2024,6,0,0,0,0,0,0,0,0,0.661274604226529,0.750143918061759,no
9538,WASHINGTON,West,2024,7,0,0,0,0,0,0,0,0,0.746599629698408,0.665273622605165,no
9539,WASHINGTON,West,2024,8,0,0,0,0,0,0,0,0,0.821111408578364,0.570767951712827,no
9540,WASHINGTON,West,2024,9,0,0,0,0,0,0,0,0,0.883730762405837,0.467995661921774,no
9541,WASHINGTON,West,2024,10,0,0,0,0,0,0,0,0,0.933550754601395,0.358445237913918,no
9542,WASHINGTON,West,2024,11,0,0,0,0,0,0,0,0,0.969849825925805,0.243703334305638,no
9543,WASHINGTON,West,2024,12,0,0,0,0,0,0,0,0,0.992102245058455,0.125431795610095,no
9544,WASHINGTON,West,2024,13,0,0,0,0,0,0,0,0,0.999985722936002,0.00534358719969101,no
9545,WASHINGTON,West,2024,14,0,0,0,0,0,0,0,0,0.99338608057027,-0.1148220141316,no
9546,WASHINGTON,West,2024,15,0,0,0,0,0,0,0,0,0.972398902739873,-0.233324610682822,no
9547,WASHINGTON,West,2024,16,0,0,0,0,0,0,0,0,0.937328153604613,-0.348447890595089,no
9548,WASHINGTON,West,2024,17,0,0,0,0,0,0,0,0,0.888681774293145,-0.458524485757508,no
9549,WASHINGTON,West,2024,18,0,0,0,0,0,0,0,0,0.827164326225506,-0.561960120844802,no
9550,WASHINGTON,West,2024,19,0,0,0,0,0,0,0,0,0.75366678671966,-0.657256703728203,no
9551,WASHINGTON,West,2024,20,0,0,0,0,0,0,0,0,0.66925364467563,-0.743034022833669,no
9552,WASHINGTON,West,2024,21,0,0,0,0,0,0,0,0,0.575147483234652,-0.818049737197468,no
9553,WASHINGTON,West,2024,22,0,0,0,0,0,0,0,0,0.472711272707723,-0.881217369696629,no
9554,WASHINGTON,West,2024,23,0,0,0,0,0,0,0,0,0.363428630230867,-0.93162204285242,no
9555,WASHINGTON,West,2024,24,0,0,0,0,0,0,0,0,0.248882332052978,-0.968533729300055,no
9556,WASHINGTON,West,2024,25,0,0,0,0,0,0,0,0,0.130731389669801,-0.991417825013754,no
9557,WASHINGTON,West,2024,26,0,0,0,0,0,0,0,0,0.0106870218179092,-0.999942892151679,no
9558,WASHINGTON,West,2024,27,0,0,0,0,0,0,0,0,-0.109512129665869,-0.99398545937858,no
9559,WASHINGTON,West,2024,28,0,0,0,0,0,0,0,0,-0.228125181162749,-0.973631810141525,no
9560,WASHINGTON,West,2024,29,0,0,0,0,0,0,0,0,-0.343434221058743,-0.939176732998521,no
9561,WASHINGTON,West,2024,30,0,0,0,0,0,0,0,0,-0.453769190820369,-0.891119252099419,no
9562,WASHINGTON,West,2024,31,0,0,0,0,0,0,0,0,-0.557532072998533,-0.830155399655967,no
9563,WASHINGTON,West,2024,32,0,0,0,0,0,0,0,0,-0.653220035837834,-0.757168135079666,no
9564,WASHINGTON,West,2024,33,0,0,0,0,0,0,0,0,-0.739447199280337,-0.673214556791863,no
9565,WASHINGTON,West,2024,34,0,0,0,0,0,0,0,0,-0.814964707119669,-0.579510591921625,no
9566,WASHINGTON,West,2024,35,0,0,0,0,0,0,0,0,-0.878678814593855,-0.477413385635487,no
9567,WASHINGTON,West,2024,36,0,0,0,0,0,0,0,0,-0.929666729448389,-0.368401645160191,no
9568,WASHINGTON,West,2024,37,0,0,0,0,0,0,0,0,-0.96718997703823,-0.254054223182352,no
9569,WASHINGTON,West,2024,38,0,0,0,0,0,0,0,0,-0.990705095897581,-0.136027250808674,no
9570,WASHINGTON,West,2024,39,0,0,0,0,0,0,0,0,-0.999871508870024,-0.0160301512775393,no
9571,WASHINGTON,West,2024,40,0,0,0,0,0,0,0,0,-0.994556455798857,0.104199118176771,no
9572,WASHINGTON,West,2024,41,0,0,0,0,0,0,0,0,-0.97483691633585,0.222919237727053,no
9573,WASHINGTON,West,2024,42,0,0,0,0,0,0,0,0,-0.940998495019784,0.338410745057692,no
9574,WASHINGTON,West,2024,43,0,0,0,0,0,0,0,0,-0.893531284772509,0.449000938899674,no
9575,WASHINGTON,West,2024,44,0,0,0,0,0,0,0,0,-0.833122768722891,0.553088105310089,no
9576,WASHINGTON,West,2024,45,0,0,0,0,0,0,0,0,-0.760647863163829,0.649164715818952,no
9577,WASHINGTON,West,2024,46,0,0,0,0,0,0,0,0,-0.677156245853474,0.735839261457031,no
9578,WASHINGTON,West,2024,47,0,0,0,0,0,0,0,0,-0.583857153188981,0.811856406435312,no
9579,WASHINGTON,West,2024,48,0,0,0,0,0,0,0,0,-0.48210186644033,0.876115169583743,no
9580,WASHINGTON,West,2024,49,0,0,0,0,0,0,0,0,-0.373364140701786,0.927684870221573,no
9581,WASHINGTON,West,2024,50,0,0,0,0,0,0,0,0,-0.25921886001492,0.965818607510005,no
9582,WASHINGTON,West,2024,51,0,0,0,0,0,0,0,0,-0.141319227808016,0.989964078061293,no
9583,WASHINGTON,West,2024,52,0,0,0,0,0,0,0,0,-0.0213728230101764,0.999771575129327,no
9584,WASHINGTON,West,2025,1,0,0,0,0,0,0,0,0,0.120128619954843,0.992758336488667,no
9585,WASHINGTON,West,2025,2,0,0,0,0,0,0,0,0,0.238517377822098,0.97113822933549,no
9586,WASHINGTON,West,2025,3,0,0,0,0,0,0,0,0,0.353451610505767,0.935452809622634,no
9587,WASHINGTON,West,2025,4,0,0,0,0,0,0,0,0,0.463266687927793,0.886218920953741,no
9588,WASHINGTON,West,2025,5,0,0,0,0,0,0,0,0,0.566372122409852,0.824149633839001,no
9589,WASHINGTON,West,2025,6,0,0,0,0,0,0,0,0,0.661274604226529,0.750143918061759,no
9590,WASHINGTON,West,2025,7,0,0,0,0,0,0,0,0,0.746599629698408,0.665273622605165,no
9591,WASHINGTON,West,2025,8,0,0,0,0,0,0,0,0,0.821111408578364,0.570767951712827,no
9592,WASHINGTON,West,2025,9,0,0,0,0,0,0,0,0,0.883730762405837,0.467995661921774,no
9593,WASHINGTON,West,2025,10,0,0,0,0,0,0,0,0,0.933550754601395,0.358445237913918,no
9594,WASHINGTON,West,2025,11,0,0,0,0,0,0,0,0,0.969849825925805,0.243703334305638,no
9595,WASHINGTON,West,2025,12,0,0,0,0,0,0,0,0,0.992102245058455,0.125431795610095,no
9596,WASHINGTON,West,2025,13,0,0,0,0,0,0,0,0,0.999985722936002,0.00534358719969101,no
9597,WASHINGTON,West,2025,14,0,0,0,0,0,0,0,0,0.99338608057027,-0.1148220141316,no
9598,WASHINGTON,West,2025,15,0,0,0,0,0,0,0,0,0.972398902739873,-0.233324610682822,no
9599,WASHINGTON,West,2025,16,0,0,0,0,0,0,0,0,0.937328153604613,-0.348447890595089,no
9600,WASHINGTON,West,2025,17,0,0,0,0,0,0,0,0,0.888681774293145,-0.458524485757508,no
9601,WASHINGTON,West,2025,18,0,0,0,0,0,0,0,0,0.827164326225506,-0.561960120844802,no
9602,WASHINGTON,West,2025,19,0,0,0,0,0,0,0,0,0.75366678671966,-0.657256703728203,no
9603,WASHINGTON,West,2025,20,0,0,0,0,0,0,0,0,0.66925364467563,-0.743034022833669,no
9604,WASHINGTON,West,2025,21,0,0,0,0,0,0,0,0,0.575147483234652,-0.818049737197468,no
9605,WASHINGTON,West,2025,22,0,0,0,0,0,0,0,0,0.472711272707723,-0.881217369696629,no
9606,WASHINGTON,West,2025,23,0,0,0,0,0,0,0,0,0.363428630230867,-0.93162204285242,no
9607,WASHINGTON,West,2025,24,0,0,0,0,0,0,0,0,0.248882332052978,-0.968533729300055,no
9608,WASHINGTON,West,2025,25,0,0,0,0,0,0,0,0,0.130731389669801,-0.991417825013754,no
9609,WASHINGTON,West,2025,26,0,0,0,0,0,0,0,0,0.0106870218179092,-0.999942892151679,no
9610,WASHINGTON,West,2025,27,0,0,0,0,0,0,0,0,-0.109512129665869,-0.99398545937858,no
9611,WASHINGTON,West,2025,28,0,0,0,0,0,0,0,0,-0.228125181162749,-0.973631810141525,no
9612,WASHINGTON,West,2025,29,0,0,0,0,0,0,0,0,-0.343434221058743,-0.939176732998521,no
9613,WASHINGTON,West,2025,30,0,0,0,0,0,0,0,0,-0.453769190820369,-0.891119252099419,no
9614,WASHINGTON,West,2025,31,0,0,0,0,0,0,0,0,-0.557532072998533,-0.830155399655967,no
9615,WASHINGTON,West,2025,32,0,0,0,0,0,0,0,0,-0.653220035837834,-0.757168135079666,no
9616,WASHINGTON,West,2025,33,0,0,0,0,0,0,0,0,-0.739447199280337,-0.673214556791863,no
9617,WASHINGTON,West,2025,34,0,0,0,0,0,0,0,0,-0.814964707119669,-0.579510591921625,no
9618,WASHINGTON,West,2025,35,0,0,0,0,0,0,0,0,-0.878678814593855,-0.477413385635487,no
9619,WASHINGTON,West,2025,36,0,0,0,0,0,0,0,0,-0.929666729448389,-0.368401645160191,no
9620,WASHINGTON,West,2025,37,0,0,0,0,0,0,0,0,-0.96718997703823,-0.254054223182352,no
9621,WASHINGTON,West,2025,38,0,0,0,0,0,0,0,0,-0.990705095897581,-0.136027250808674,no
9622,WASHINGTON,West,2025,39,0,0,0,0,0,0,0,0,-0.999871508870024,-0.0160301512775393,no
9623,WASHINGTON,West,2025,40,0,0,0,0,0,0,0,0,-0.994556455798857,0.104199118176771,no
9624,WASHINGTON,West,2025,41,0,0,0,0,0,0,0,0,-0.97483691633585,0.222919237727053,no
9625,WASHINGTON,West,2025,42,0,0,0,0,0,0,0,0,-0.940998495019784,0.338410745057692,no
9626,WASHINGTON,West,2025,43,0,0,0,0,0,0,0,0,-0.893531284772509,0.449000938899674,no
9627,WASHINGTON,West,2025,44,0,0,0,0,0,0,0,0,-0.833122768722891,0.553088105310089,no
9628,WASHINGTON,West,2025,45,0,0,0,0,0,0,0,0,-0.760647863163829,0.649164715818952,no
9629,WASHINGTON,West,2025,46,0,0,0,0,0,0,0,0,-0.677156245853474,0.735839261457031,no
9630,WASHINGTON,West,2025,47,0,0,0,0,0,0,0,0,-0.583857153188981,0.811856406435312,no
9631,WASHINGTON,West,2025,48,0,0,0,0,0,0,0,0,-0.48210186644033,0.876115169583743,no
9632,WASHINGTON,West,2025,49,0,0,0,0,0,0,0,0,-0.373364140701786,0.927684870221573,no
9633,WASHINGTON,West,2025,50,0,0,0,0,0,0,0,0,-0.25921886001492,0.965818607510005,no
9634,WASHINGTON,West,2025,51,0,0,0,0,0,0,0,0,-0.141319227808016,0.989964078061293,no
9635,WASHINGTON,West,2025,52,0,0,0,0,0,0,0,0,-0.0213728230101764,0.999771575129327,no
9636,WASHINGTON,West,2025,53,0,0,0,0,0,0,0,0,0.0988831313727152,0.995099053526797,no
9637,WEST VIRGINIA,South,2022,9,0,0,0,0,0,0,0,0,0.883730762405837,0.467995661921774,no
9638,WEST VIRGINIA,South,2022,10,0,0,0,0,0,0,0,0,0.933550754601395,0.358445237913918,no
9639,WEST VIRGINIA,South,2022,11,0,0,0,0,0,0,0,0,0.969849825925805,0.243703334305638,no
9640,WEST VIRGINIA,South,2022,12,0,0,0,0,0,0,0,0,0.992102245058455,0.125431795610095,no
9641,WEST VIRGINIA,South,2022,13,0,0,0,0,0,0,0,0,0.999985722936002,0.00534358719969101,no
9642,WEST VIRGINIA,South,2022,14,0,0,0,0,0,0,0,0,0.99338608057027,-0.1148220141316,no
9643,WEST VIRGINIA,South,2022,15,0,0,0,0,0,0,0,0,0.972398902739873,-0.233324610682822,no
9644,WEST VIRGINIA,South,2022,16,0,0,0,0,0,0,0,0,0.937328153604613,-0.348447890595089,no
9645,WEST VIRGINIA,South,2022,17,0,0,0,0,0,0,0,0,0.888681774293145,-0.458524485757508,no
9646,WEST VIRGINIA,South,2022,18,0,0,0,0,0,0,0,0,0.827164326225506,-0.561960120844802,no
9647,WEST VIRGINIA,South,2022,19,0,0,0,0,0,0,0,0,0.75366678671966,-0.657256703728203,no
9648,WEST VIRGINIA,South,2022,20,0,0,0,0,0,0,0,0,0.66925364467563,-0.743034022833669,no
9649,WEST VIRGINIA,South,2022,21,0,0,0,0,0,0,0,0,0.575147483234652,-0.818049737197468,no
9650,WEST VIRGINIA,South,2022,22,0,0,0,0,0,0,0,0,0.472711272707723,-0.881217369696629,no
9651,WEST VIRGINIA,South,2022,23,0,0,0,0,0,0,0,0,0.363428630230867,-0.93162204285242,no
9652,WEST VIRGINIA,South,2022,24,0,0,0,0,0,0,0,0,0.248882332052978,-0.968533729300055,no
9653,WEST VIRGINIA,South,2022,25,0,0,0,0,0,0,0,0,0.130731389669801,-0.991417825013754,no
9654,WEST VIRGINIA,South,2022,26,0,0,0,0,0,0,0,0,0.0106870218179092,-0.999942892151679,no
9655,WEST VIRGINIA,South,2022,27,0,0,0,0,0,0,0,0,-0.109512129665869,-0.99398545937858,no
9656,WEST VIRGINIA,South,2022,28,0,0,0,0,0,0,0,0,-0.228125181162749,-0.973631810141525,no
9657,WEST VIRGINIA,South,2022,29,0,0,0,0,0,0,0,0,-0.343434221058743,-0.939176732998521,no
9658,WEST VIRGINIA,South,2022,30,0,0,0,0,0,0,0,0,-0.453769190820369,-0.891119252099419,no
9659,WEST VIRGINIA,South,2022,31,0,0,0,0,0,0,0,0,-0.557532072998533,-0.830155399655967,no
9660,WEST VIRGINIA,South,2022,32,0,0,0,0,0,0,0,0,-0.653220035837834,-0.757168135079666,no
9661,WEST VIRGINIA,South,2022,33,0,0,0,0,0,0,0,0,-0.739447199280337,-0.673214556791863,no
9662,WEST VIRGINIA,South,2022,34,0,0,0,0,0,0,0,0,-0.814964707119669,-0.579510591921625,no
9663,WEST VIRGINIA,South,2022,35,0,0,0,0,0,0,0,0,-0.878678814593855,-0.477413385635487,no
9664,WEST VIRGINIA,South,2022,36,0,0,0,0,0,0,0,0,-0.929666729448389,-0.368401645160191,no
9665,WEST VIRGINIA,South,2022,37,0,0,0,0,0,0,0,0,-0.96718997703823,-0.254054223182352,no
9666,WEST VIRGINIA,South,2022,38,0,0,0,0,0,0,0,0,-0.990705095897581,-0.136027250808674,no
9667,WEST VIRGINIA,South,2022,39,0,0,0,0,0,0,0,0,-0.999871508870024,-0.0160301512775393,no
9668,WEST VIRGINIA,South,2022,40,0,0,0,0,0,0,0,0,-0.994556455798857,0.104199118176771,no
9669,WEST VIRGINIA,South,2022,41,0,0,0,0,0,0,0,0,-0.97483691633585,0.222919237727053,no
9670,WEST VIRGINIA,South,2022,42,0,0,0,0,0,0,0,0,-0.940998495019784,0.338410745057692,no
9671,WEST VIRGINIA,South,2022,43,0,0,0,0,0,0,0,0,-0.893531284772509,0.449000938899674,no
9672,WEST VIRGINIA,South,2022,44,0,0,0,0,0,0,0,0,-0.833122768722891,0.553088105310089,no
9673,WEST VIRGINIA,South,2022,45,0,0,0,0,0,0,0,0,-0.760647863163829,0.649164715818952,no
9674,WEST VIRGINIA,South,2022,46,0,0,0,0,0,0,0,0,-0.677156245853474,0.735839261457031,no
9675,WEST VIRGINIA,South,2022,47,0,0,0,0,0,0,0,0,-0.583857153188981,0.811856406435312,no
9676,WEST VIRGINIA,South,2022,48,0,0,0,0,0,0,0,0,-0.48210186644033,0.876115169583743,no
9677,WEST VIRGINIA,South,2022,49,0,0,0,0,0,0,0,0,-0.373364140701786,0.927684870221573,no
9678,WEST VIRGINIA,South,2022,50,0,0,0,0,0,0,0,0,-0.25921886001492,0.965818607510005,no
9679,WEST VIRGINIA,South,2022,51,0,0,0,0,0,0,0,0,-0.141319227808016,0.989964078061293,no
9680,WEST VIRGINIA,South,2022,52,0,0,0,0,0,0,0,0,-0.0213728230101764,0.999771575129327,no
9681,WEST VIRGINIA,South,2023,1,0,0,0,0,0,0,0,0,0.120128619954843,0.992758336488667,no
9682,WEST VIRGINIA,South,2023,2,0,0,0,0,0,0,0,0,0.238517377822098,0.97113822933549,no
9683,WEST VIRGINIA,South,2023,3,0,0,0,0,0,0,0,0,0.353451610505767,0.935452809622634,no
9684,WEST VIRGINIA,South,2023,4,0,0,0,0,0,0,0,0,0.463266687927793,0.886218920953741,no
9685,WEST VIRGINIA,South,2023,5,0,0,0,0,0,0,0,0,0.566372122409852,0.824149633839001,no
9686,WEST VIRGINIA,South,2023,6,0,0,0,0,0,0,0,0,0.661274604226529,0.750143918061759,no
9687,WEST VIRGINIA,South,2023,7,0,0,0,0,0,0,0,0,0.746599629698408,0.665273622605165,no
9688,WEST VIRGINIA,South,2023,8,0,0,0,0,0,0,0,0,0.821111408578364,0.570767951712827,no
9689,WEST VIRGINIA,South,2023,9,0,0,0,0,0,0,0,0,0.883730762405837,0.467995661921774,no
9690,WEST VIRGINIA,South,2023,10,0,0,0,0,0,0,0,0,0.933550754601395,0.358445237913918,no
9691,WEST VIRGINIA,South,2023,11,0,0,0,0,0,0,0,0,0.969849825925805,0.243703334305638,no
9692,WEST VIRGINIA,South,2023,12,0,0,0,0,0,0,0,0,0.992102245058455,0.125431795610095,no
9693,WEST VIRGINIA,South,2023,13,0,0,0,0,0,0,0,0,0.999985722936002,0.00534358719969101,no
9694,WEST VIRGINIA,South,2023,14,0,0,0,0,0,0,0,0,0.99338608057027,-0.1148220141316,no
9695,WEST VIRGINIA,South,2023,15,0,0,0,0,0,0,0,0,0.972398902739873,-0.233324610682822,no
9696,WEST VIRGINIA,South,2023,16,0,0,0,0,0,0,0,0,0.937328153604613,-0.348447890595089,no
9697,WEST VIRGINIA,South,2023,17,0,0,0,0,0,0,0,0,0.888681774293145,-0.458524485757508,no
9698,WEST VIRGINIA,South,2023,18,0,0,0,0,0,0,0,0,0.827164326225506,-0.561960120844802,no
9699,WEST VIRGINIA,South,2023,19,0,0,0,0,0,0,0,0,0.75366678671966,-0.657256703728203,no
9700,WEST VIRGINIA,South,2023,20,0,0,0,0,0,0,0,0,0.66925364467563,-0.743034022833669,no
9701,WEST VIRGINIA,South,2023,21,0,0,0,0,0,0,0,0,0.575147483234652,-0.818049737197468,no
9702,WEST VIRGINIA,South,2023,22,0,0,0,0,0,0,0,0,0.472711272707723,-0.881217369696629,no
9703,WEST VIRGINIA,South,2023,23,0,0,0,0,0,0,0,0,0.363428630230867,-0.93162204285242,no
9704,WEST VIRGINIA,South,2023,24,0,0,0,0,0,0,0,0,0.248882332052978,-0.968533729300055,no
9705,WEST VIRGINIA,South,2023,25,0,0,0,0,0,0,0,0,0.130731389669801,-0.991417825013754,no
9706,WEST VIRGINIA,South,2023,26,0,0,0,0,0,0,0,0,0.0106870218179092,-0.999942892151679,no
9707,WEST VIRGINIA,South,2023,27,0,0,0,0,0,0,0,0,-0.109512129665869,-0.99398545937858,no
9708,WEST VIRGINIA,South,2023,28,0,0,0,0,0,0,0,0,-0.228125181162749,-0.973631810141525,no
9709,WEST VIRGINIA,South,2023,29,0,0,0,0,0,0,0,0,-0.343434221058743,-0.939176732998521,no
9710,WEST VIRGINIA,South,2023,30,0,0,0,0,0,0,0,0,-0.453769190820369,-0.891119252099419,no
9711,WEST VIRGINIA,South,2023,31,0,0,0,0,0,0,0,0,-0.557532072998533,-0.830155399655967,no
9712,WEST VIRGINIA,South,2023,32,0,0,0,0,0,0,0,0,-0.653220035837834,-0.757168135079666,no
9713,WEST VIRGINIA,South,2023,33,0,0,0,0,0,0,0,0,-0.739447199280337,-0.673214556791863,no
9714,WEST VIRGINIA,South,2023,34,0,0,0,0,0,0,0,0,-0.814964707119669,-0.579510591921625,no
9715,WEST VIRGINIA,South,2023,35,0,0,0,0,0,0,0,0,-0.878678814593855,-0.477413385635487,no
9716,WEST VIRGINIA,South,2023,36,0,0,0,0,0,0,0,0,-0.929666729448389,-0.368401645160191,no
9717,WEST VIRGINIA,South,2023,37,0,0,0,0,0,0,0,0,-0.96718997703823,-0.254054223182352,no
9718,WEST VIRGINIA,South,2023,38,0,0,0,0,0,0,0,0,-0.990705095897581,-0.136027250808674,no
9719,WEST VIRGINIA,South,2023,39,0,0,0,0,0,0,0,0,-0.999871508870024,-0.0160301512775393,no
9720,WEST VIRGINIA,South,2023,40,0,0,0,0,0,0,0,0,-0.994556455798857,0.104199118176771,no
9721,WEST VIRGINIA,South,2023,41,0,0,0,0,0,0,0,0,-0.97483691633585,0.222919237727053,no
9722,WEST VIRGINIA,South,2023,42,0,0,0,0,0,0,0,0,-0.940998495019784,0.338410745057692,no
9723,WEST VIRGINIA,South,2023,43,0,0,0,0,0,0,0,0,-0.893531284772509,0.449000938899674,no
9724,WEST VIRGINIA,South,2023,44,0,0,0,0,0,0,0,0,-0.833122768722891,0.553088105310089,no
9725,WEST VIRGINIA,South,2023,45,0,0,0,0,0,0,0,0,-0.760647863163829,0.649164715818952,no
9726,WEST VIRGINIA,South,2023,46,0,0,0,0,0,0,0,0,-0.677156245853474,0.735839261457031,no
9727,WEST VIRGINIA,South,2023,47,0,0,0,0,0,0,0,0,-0.583857153188981,0.811856406435312,no
9728,WEST VIRGINIA,South,2023,48,0,0,0,0,0,0,0,0,-0.48210186644033,0.876115169583743,no
9729,WEST VIRGINIA,South,2023,49,0,0,0,0,0,0,0,0,-0.373364140701786,0.927684870221573,no
9730,WEST VIRGINIA,South,2023,50,0,0,0,0,0,0,0,0,-0.25921886001492,0.965818607510005,no
9731,WEST VIRGINIA,South,2023,51,0,0,0,0,0,0,0,0,-0.141319227808016,0.989964078061293,no
9732,WEST VIRGINIA,South,2023,52,0,0,0,0,0,0,0,0,-0.0213728230101764,0.999771575129327,no
9733,WEST VIRGINIA,South,2024,1,0,0,0,0,0,0,0,0,0.120128619954843,0.992758336488667,no
9734,WEST VIRGINIA,South,2024,2,0,0,0,0,0,0,0,0,0.238517377822098,0.97113822933549,no
9735,WEST VIRGINIA,South,2024,3,0,0,0,0,0,0,0,0,0.353451610505767,0.935452809622634,no
9736,WEST VIRGINIA,South,2024,4,0,0,0,0,0,0,0,0,0.463266687927793,0.886218920953741,no
9737,WEST VIRGINIA,South,2024,5,0,0,0,0,0,0,0,0,0.566372122409852,0.824149633839001,no
9738,WEST VIRGINIA,South,2024,6,0,0,0,0,0,0,0,0,0.661274604226529,0.750143918061759,no
9739,WEST VIRGINIA,South,2024,7,0,0,0,0,0,0,0,0,0.746599629698408,0.665273622605165,no
9740,WEST VIRGINIA,South,2024,8,0,0,0,0,0,0,0,0,0.821111408578364,0.570767951712827,no
9741,WEST VIRGINIA,South,2024,9,0,0,0,0,0,0,0,0,0.883730762405837,0.467995661921774,no
9742,WEST VIRGINIA,South,2024,10,0,0,0,0,0,0,0,0,0.933550754601395,0.358445237913918,no
9743,WEST VIRGINIA,South,2024,11,0,0,0,0,0,0,0,0,0.969849825925805,0.243703334305638,no
9744,WEST VIRGINIA,South,2024,12,0,0,0,0,0,0,0,0,0.992102245058455,0.125431795610095,no
9745,WEST VIRGINIA,South,2024,13,0,0,0,0,0,0,0,0,0.999985722936002,0.00534358719969101,no
9746,WEST VIRGINIA,South,2024,14,0,0,0,0,0,0,0,0,0.99338608057027,-0.1148220141316,no
9747,WEST VIRGINIA,South,2024,15,0,0,0,0,0,0,0,0,0.972398902739873,-0.233324610682822,no
9748,WEST VIRGINIA,South,2024,16,0,0,0,0,0,0,0,0,0.937328153604613,-0.348447890595089,no
9749,WEST VIRGINIA,South,2024,17,0,0,0,0,0,0,0,0,0.888681774293145,-0.458524485757508,no
9750,WEST VIRGINIA,South,2024,18,0,0,0,0,0,0,0,0,0.827164326225506,-0.561960120844802,no
9751,WEST VIRGINIA,South,2024,19,0,0,0,0,0,0,0,0,0.75366678671966,-0.657256703728203,no
9752,WEST VIRGINIA,South,2024,20,0,0,0,0,0,0,0,0,0.66925364467563,-0.743034022833669,no
9753,WEST VIRGINIA,South,2024,21,0,0,0,0,0,0,0,0,0.575147483234652,-0.818049737197468,no
9754,WEST VIRGINIA,South,2024,22,0,0,0,0,0,0,0,0,0.472711272707723,-0.881217369696629,no
9755,WEST VIRGINIA,South,2024,23,0,0,0,0,0,0,0,0,0.363428630230867,-0.93162204285242,no
9756,WEST VIRGINIA,South,2024,24,0,0,0,0,0,0,0,0,0.248882332052978,-0.968533729300055,no
9757,WEST VIRGINIA,South,2024,25,0,0,0,0,0,0,0,0,0.130731389669801,-0.991417825013754,no
9758,WEST VIRGINIA,South,2024,26,0,0,0,0,0,0,0,0,0.0106870218179092,-0.999942892151679,no
9759,WEST VIRGINIA,South,2024,27,0,0,0,0,0,0,0,0,-0.109512129665869,-0.99398545937858,no
9760,WEST VIRGINIA,South,2024,28,0,0,0,0,0,0,0,0,-0.228125181162749,-0.973631810141525,no
9761,WEST VIRGINIA,South,2024,29,0,0,0,0,0,0,0,0,-0.343434221058743,-0.939176732998521,no
9762,WEST VIRGINIA,South,2024,30,0,0,0,0,0,0,0,0,-0.453769190820369,-0.891119252099419,no
9763,WEST VIRGINIA,South,2024,31,0,0,0,0,0,0,0,0,-0.557532072998533,-0.830155399655967,no
9764,WEST VIRGINIA,South,2024,32,0,0,0,0,0,0,0,0,-0.653220035837834,-0.757168135079666,no
9765,WEST VIRGINIA,South,2024,33,0,0,0,0,0,0,0,0,-0.739447199280337,-0.673214556791863,no
9766,WEST VIRGINIA,South,2024,34,0,0,0,0,0,0,0,0,-0.814964707119669,-0.579510591921625,no
9767,WEST VIRGINIA,South,2024,35,0,0,0,0,0,0,0,0,-0.878678814593855,-0.477413385635487,no
9768,WEST VIRGINIA,South,2024,36,0,0,0,0,0,0,0,0,-0.929666729448389,-0.368401645160191,no
9769,WEST VIRGINIA,South,2024,37,0,0,0,0,0,0,0,0,-0.96718997703823,-0.254054223182352,no
9770,WEST VIRGINIA,South,2024,38,0,0,0,0,0,0,0,0,-0.990705095897581,-0.136027250808674,no
9771,WEST VIRGINIA,South,2024,39,0,0,0,0,0,0,0,0,-0.999871508870024,-0.0160301512775393,no
9772,WEST VIRGINIA,South,2024,40,0,0,0,0,0,0,0,0,-0.994556455798857,0.104199118176771,no
9773,WEST VIRGINIA,South,2024,41,0,0,0,0,0,0,0,0,-0.97483691633585,0.222919237727053,no
9774,WEST VIRGINIA,South,2024,42,0,0,0,0,0,0,0,0,-0.940998495019784,0.338410745057692,no
9775,WEST VIRGINIA,South,2024,43,0,0,0,0,0,0,0,0,-0.893531284772509,0.449000938899674,no
9776,WEST VIRGINIA,South,2024,44,0,0,0,0,0,0,0,0,-0.833122768722891,0.553088105310089,no
9777,WEST VIRGINIA,South,2024,45,0,0,0,0,0,0,0,0,-0.760647863163829,0.649164715818952,no
9778,WEST VIRGINIA,South,2024,46,0,0,0,0,0,0,0,0,-0.677156245853474,0.735839261457031,no
9779,WEST VIRGINIA,South,2024,47,0,0,0,0,0,0,0,0,-0.583857153188981,0.811856406435312,no
9780,WEST VIRGINIA,South,2024,48,0,0,0,0,0,0,0,0,-0.48210186644033,0.876115169583743,no
9781,WEST VIRGINIA,South,2024,49,0,0,0,0,0,0,0,0,-0.373364140701786,0.927684870221573,no
9782,WEST VIRGINIA,South,2024,50,0,0,0,0,0,0,0,0,-0.25921886001492,0.965818607510005,no
9783,WEST VIRGINIA,South,2024,51,0,0,0,0,0,0,0,0,-0.141319227808016,0.989964078061293,no
9784,WEST VIRGINIA,South,2024,52,0,0,0,0,0,0,0,0,-0.0213728230101764,0.999771575129327,no
9785,WEST VIRGINIA,South,2025,1,0,0,0,0,0,0,0,0,0.120128619954843,0.992758336488667,no
9786,WEST VIRGINIA,South,2025,2,0,0,0,0,0,0,0,0,0.238517377822098,0.97113822933549,no
9787,WEST VIRGINIA,South,2025,3,0,0,0,0,0,0,0,0,0.353451610505767,0.935452809622634,no
9788,WEST VIRGINIA,South,2025,4,0,0,0,0,0,0,0,0,0.463266687927793,0.886218920953741,no
9789,WEST VIRGINIA,South,2025,5,0,0,0,0,0,0,0,0,0.566372122409852,0.824149633839001,no
9790,WEST VIRGINIA,South,2025,6,0,0,0,0,0,0,0,0,0.661274604226529,0.750143918061759,no
9791,WEST VIRGINIA,South,2025,7,0,0,0,0,0,0,0,0,0.746599629698408,0.665273622605165,no
9792,WEST VIRGINIA,South,2025,8,0,0,0,0,0,0,0,0,0.821111408578364,0.570767951712827,no
9793,WEST VIRGINIA,South,2025,9,0,0,0,0,0,0,0,0,0.883730762405837,0.467995661921774,no
9794,WEST VIRGINIA,South,2025,10,0,0,0,0,0,0,0,0,0.933550754601395,0.358445237913918,no
9795,WEST VIRGINIA,South,2025,11,0,0,0,0,0,0,0,0,0.969849825925805,0.243703334305638,no
9796,WEST VIRGINIA,South,2025,12,0,0,0,0,0,0,0,0,0.992102245058455,0.125431795610095,no
9797,WEST VIRGINIA,South,2025,13,0,0,0,0,0,0,0,0,0.999985722936002,0.00534358719969101,no
9798,WEST VIRGINIA,South,2025,14,0,0,0,0,0,0,0,0,0.99338608057027,-0.1148220141316,no
9799,WEST VIRGINIA,South,2025,15,0,0,0,0,0,0,0,0,0.972398902739873,-0.233324610682822,no
9800,WEST VIRGINIA,South,2025,16,0,0,0,0,0,0,0,0,0.937328153604613,-0.348447890595089,no
9801,WEST VIRGINIA,South,2025,17,0,0,0,0,0,0,0,0,0.888681774293145,-0.458524485757508,no
9802,WEST VIRGINIA,South,2025,18,0,0,0,0,0,0,0,0,0.827164326225506,-0.561960120844802,no
9803,WEST VIRGINIA,South,2025,19,0,0,0,0,0,0,0,0,0.75366678671966,-0.657256703728203,no
9804,WEST VIRGINIA,South,2025,20,0,0,0,0,0,0,0,0,0.66925364467563,-0.743034022833669,no
9805,WEST VIRGINIA,South,2025,21,0,0,0,0,0,0,0,0,0.575147483234652,-0.818049737197468,no
9806,WEST VIRGINIA,South,2025,22,0,0,0,0,0,0,0,0,0.472711272707723,-0.881217369696629,no
9807,WEST VIRGINIA,South,2025,23,0,0,0,0,0,0,0,0,0.363428630230867,-0.93162204285242,no
9808,WEST VIRGINIA,South,2025,24,0,0,0,0,0,0,0,0,0.248882332052978,-0.968533729300055,no
9809,WEST VIRGINIA,South,2025,25,0,0,0,0,0,0,0,0,0.130731389669801,-0.991417825013754,no
9810,WEST VIRGINIA,South,2025,26,0,0,0,0,0,0,0,0,0.0106870218179092,-0.999942892151679,no
9811,WEST VIRGINIA,South,2025,27,0,0,0,0,0,0,0,0,-0.109512129665869,-0.99398545937858,no
9812,WEST VIRGINIA,South,2025,28,0,0,0,0,0,0,0,0,-0.228125181162749,-0.973631810141525,no
9813,WEST VIRGINIA,South,2025,29,0,0,0,0,0,0,0,0,-0.343434221058743,-0.939176732998521,no
9814,WEST VIRGINIA,South,2025,30,0,0,0,0,0,0,0,0,-0.453769190820369,-0.891119252099419,no
9815,WEST VIRGINIA,South,2025,31,0,0,0,0,0,0,0,0,-0.557532072998533,-0.830155399655967,no
9816,WEST VIRGINIA,South,2025,32,0,0,0,0,0,0,0,0,-0.653220035837834,-0.757168135079666,no
9817,WEST VIRGINIA,South,2025,33,0,0,0,0,0,0,0,0,-0.739447199280337,-0.673214556791863,no
9818,WEST VIRGINIA,South,2025,34,0,0,0,0,0,0,0,0,-0.814964707119669,-0.579510591921625,no
9819,WEST VIRGINIA,South,2025,35,0,0,0,0,0,0,0,0,-0.878678814593855,-0.477413385635487,no
9820,WEST VIRGINIA,South,2025,36,0,0,0,0,0,0,0,0,-0.929666729448389,-0.368401645160191,no
9821,WEST VIRGINIA,South,2025,37,0,0,0,0,0,0,0,0,-0.96718997703823,-0.254054223182352,no
9822,WEST VIRGINIA,South,2025,38,0,0,0,0,0,0,0,0,-0.990705095897581,-0.136027250808674,no
9823,WEST VIRGINIA,South,2025,39,0,0,0,0,0,0,0,0,-0.999871508870024,-0.0160301512775393,no
9824,WEST VIRGINIA,South,2025,40,0,0,0,0,0,0,0,0,-0.994556455798857,0.104199118176771,no
9825,WEST VIRGINIA,South,2025,41,0,0,0,0,0,0,0,0,-0.97483691633585,0.222919237727053,no
9826,WEST VIRGINIA,South,2025,42,0,0,0,0,0,0,0,0,-0.940998495019784,0.338410745057692,no
9827,WEST VIRGINIA,South,2025,43,0,0,0,0,0,0,0,0,-0.893531284772509,0.449000938899674,no
9828,WEST VIRGINIA,South,2025,44,0,0,0,0,0,0,0,0,-0.833122768722891,0.553088105310089,no
9829,WEST VIRGINIA,South,2025,45,0,0,0,0,0,0,0,0,-0.760647863163829,0.649164715818952,no
9830,WEST VIRGINIA,South,2025,46,0,0,0,0,0,0,0,0,-0.677156245853474,0.735839261457031,no
9831,WEST VIRGINIA,South,2025,47,0,0,0,0,0,0,0,0,-0.583857153188981,0.811856406435312,no
9832,WEST VIRGINIA,South,2025,48,0,0,0,0,0,0,0,0,-0.48210186644033,0.876115169583743,no
9833,WEST VIRGINIA,South,2025,49,0,0,0,0,0,0,0,0,-0.373364140701786,0.927684870221573,no
9834,WEST VIRGINIA,South,2025,50,0,0,0,0,0,0,0,0,-0.25921886001492,0.965818607510005,no
9835,WEST VIRGINIA,South,2025,51,0,0,0,0,0,0,0,0,-0.141319227808016,0.989964078061293,no
9836,WEST VIRGINIA,South,2025,52,0,0,0,0,0,0,0,0,-0.0213728230101764,0.999771575129327,no
9837,WEST VIRGINIA,South,2025,53,0,0,0,0,0,0,0,0,0.0988831313727152,0.995099053526797,no
9838,WISCONSIN,North Central,2022,9,0,0,0,0,0,0,0,0,0.883730762405837,0.467995661921774,no
9839,WISCONSIN,North Central,2022,10,0,0,0,0,0,0,0,0,0.933550754601395,0.358445237913918,no
9840,WISCONSIN,North Central,2022,11,0,0,0,0,0,0,0,0,0.969849825925805,0.243703334305638,no
9841,WISCONSIN,North Central,2022,12,0,0,0,0,0,0,0,0,0.992102245058455,0.125431795610095,no
9842,WISCONSIN,North Central,2022,13,0,0,0,0,0,0,0,0,0.999985722936002,0.00534358719969101,no
9843,WISCONSIN,North Central,2022,14,0,0,0,0,0,0,0,0,0.99338608057027,-0.1148220141316,no
9844,WISCONSIN,North Central,2022,15,0,0,0,0,0,0,0,0,0.972398902739873,-0.233324610682822,no
9845,WISCONSIN,North Central,2022,16,0,0,0,0,0,0,0,0,0.937328153604613,-0.348447890595089,no
9846,WISCONSIN,North Central,2022,17,0,0,0,0,0,0,0,0,0.888681774293145,-0.458524485757508,no
9847,WISCONSIN,North Central,2022,18,0,0,0,0,0,0,0,0,0.827164326225506,-0.561960120844802,no
9848,WISCONSIN,North Central,2022,19,0,0,0,0,0,0,0,0,0.75366678671966,-0.657256703728203,no
9849,WISCONSIN,North Central,2022,20,0,0,0,0,0,0,0,0,0.66925364467563,-0.743034022833669,no
9850,WISCONSIN,North Central,2022,21,0,0,0,0,0,0,0,0,0.575147483234652,-0.818049737197468,no
9851,WISCONSIN,North Central,2022,22,0,0,0,0,0,0,0,0,0.472711272707723,-0.881217369696629,no
9852,WISCONSIN,North Central,2022,23,0,0,0,0,0,0,0,0,0.363428630230867,-0.93162204285242,no
9853,WISCONSIN,North Central,2022,24,0,0,0,0,0,0,0,0,0.248882332052978,-0.968533729300055,no
9854,WISCONSIN,North Central,2022,25,0,0,0,0,0,0,0,0,0.130731389669801,-0.991417825013754,no
9855,WISCONSIN,North Central,2022,26,0,0,0,0,0,0,0,0,0.0106870218179092,-0.999942892151679,no
9856,WISCONSIN,North Central,2022,27,0,0,0,0,0,0,0,0,-0.109512129665869,-0.99398545937858,no
9857,WISCONSIN,North Central,2022,28,0,0,0,0,0,0,0,0,-0.228125181162749,-0.973631810141525,no
9858,WISCONSIN,North Central,2022,29,0,0,0,0,0,0,0,0,-0.343434221058743,-0.939176732998521,no
9859,WISCONSIN,North Central,2022,30,0,0,0,0,0,0,0,0,-0.453769190820369,-0.891119252099419,no
9860,WISCONSIN,North Central,2022,31,0,0,0,0,0,0,0,0,-0.557532072998533,-0.830155399655967,no
9861,WISCONSIN,North Central,2022,32,0,0,0,0,0,0,0,0,-0.653220035837834,-0.757168135079666,no
9862,WISCONSIN,North Central,2022,33,0,0,0,0,0,0,0,0,-0.739447199280337,-0.673214556791863,no
9863,WISCONSIN,North Central,2022,34,0,0,0,0,0,0,0,0,-0.814964707119669,-0.579510591921625,no
9864,WISCONSIN,North Central,2022,35,0,0,0,0,0,0,0,0,-0.878678814593855,-0.477413385635487,no
9865,WISCONSIN,North Central,2022,36,0,0,0,0,0,0,0,0,-0.929666729448389,-0.368401645160191,no
9866,WISCONSIN,North Central,2022,37,0,0,0,0,0,0,0,0,-0.96718997703823,-0.254054223182352,no
9867,WISCONSIN,North Central,2022,38,0,0,0,0,0,0,0,0,-0.990705095897581,-0.136027250808674,no
9868,WISCONSIN,North Central,2022,39,0,0,0,0,0,0,0,0,-0.999871508870024,-0.0160301512775393,no
9869,WISCONSIN,North Central,2022,40,0,0,0,0,0,0,0,0,-0.994556455798857,0.104199118176771,no
9870,WISCONSIN,North Central,2022,41,0,0,0,0,0,0,0,0,-0.97483691633585,0.222919237727053,no
9871,WISCONSIN,North Central,2022,42,0,0,0,0,0,0,0,0,-0.940998495019784,0.338410745057692,no
9872,WISCONSIN,North Central,2022,43,0,0,0,0,0,0,0,0,-0.893531284772509,0.449000938899674,no
9873,WISCONSIN,North Central,2022,44,0,0,0,0,0,0,0,0,-0.833122768722891,0.553088105310089,no
9874,WISCONSIN,North Central,2022,45,0,0,0,0,0,0,0,0,-0.760647863163829,0.649164715818952,no
9875,WISCONSIN,North Central,2022,46,0,0,0,0,0,0,0,0,-0.677156245853474,0.735839261457031,no
9876,WISCONSIN,North Central,2022,47,0,0,0,0,0,0,0,0,-0.583857153188981,0.811856406435312,no
9877,WISCONSIN,North Central,2022,48,0,0,0,0,0,0,0,0,-0.48210186644033,0.876115169583743,no
9878,WISCONSIN,North Central,2022,49,0,0,0,0,0,0,0,0,-0.373364140701786,0.927684870221573,no
9879,WISCONSIN,North Central,2022,50,0,0,0,0,0,0,0,0,-0.25921886001492,0.965818607510005,no
9880,WISCONSIN,North Central,2022,51,0,0,0,0,0,0,0,0,-0.141319227808016,0.989964078061293,no
9881,WISCONSIN,North Central,2022,52,0,0,0,0,0,0,0,0,-0.0213728230101764,0.999771575129327,no
9882,WISCONSIN,North Central,2023,1,0,0,0,0,0,0,0,0,0.120128619954843,0.992758336488667,no
9883,WISCONSIN,North Central,2023,2,0,0,0,0,0,0,0,0,0.238517377822098,0.97113822933549,no
9884,WISCONSIN,North Central,2023,3,0,0,0,0,0,0,0,0,0.353451610505767,0.935452809622634,no
9885,WISCONSIN,North Central,2023,4,0,0,0,0,0,0,0,0,0.463266687927793,0.886218920953741,no
9886,WISCONSIN,North Central,2023,5,0,0,0,0,0,0,0,0,0.566372122409852,0.824149633839001,no
9887,WISCONSIN,North Central,2023,6,0,0,0,0,0,0,0,0,0.661274604226529,0.750143918061759,no
9888,WISCONSIN,North Central,2023,7,0,0,0,0,0,0,0,0,0.746599629698408,0.665273622605165,no
9889,WISCONSIN,North Central,2023,8,0,0,0,0,0,0,0,0,0.821111408578364,0.570767951712827,no
9890,WISCONSIN,North Central,2023,9,0,0,0,0,0,0,0,0,0.883730762405837,0.467995661921774,no
9891,WISCONSIN,North Central,2023,10,0,0,0,0,0,0,0,0,0.933550754601395,0.358445237913918,no
9892,WISCONSIN,North Central,2023,11,0,0,0,0,0,0,0,0,0.969849825925805,0.243703334305638,no
9893,WISCONSIN,North Central,2023,12,0,0,0,0,0,0,0,0,0.992102245058455,0.125431795610095,no
9894,WISCONSIN,North Central,2023,13,0,0,0,0,0,0,0,0,0.999985722936002,0.00534358719969101,no
9895,WISCONSIN,North Central,2023,14,0,0,0,0,0,0,0,0,0.99338608057027,-0.1148220141316,no
9896,WISCONSIN,North Central,2023,15,0,0,0,0,0,0,0,0,0.972398902739873,-0.233324610682822,no
9897,WISCONSIN,North Central,2023,16,0,0,0,0,0,0,0,0,0.937328153604613,-0.348447890595089,no
9898,WISCONSIN,North Central,2023,17,0,0,0,0,0,0,0,0,0.888681774293145,-0.458524485757508,no
9899,WISCONSIN,North Central,2023,18,0,0,0,0,0,0,0,0,0.827164326225506,-0.561960120844802,no
9900,WISCONSIN,North Central,2023,19,0,0,0,0,0,0,0,0,0.75366678671966,-0.657256703728203,no
9901,WISCONSIN,North Central,2023,20,0,0,0,0,0,0,0,0,0.66925364467563,-0.743034022833669,no
9902,WISCONSIN,North Central,2023,21,0,0,0,0,0,0,0,0,0.575147483234652,-0.818049737197468,no
9903,WISCONSIN,North Central,2023,22,0,0,0,0,0,0,0,0,0.472711272707723,-0.881217369696629,no
9904,WISCONSIN,North Central,2023,23,0,0,0,0,0,0,0,0,0.363428630230867,-0.93162204285242,no
9905,WISCONSIN,North Central,2023,24,0,0,0,0,0,0,0,0,0.248882332052978,-0.968533729300055,no
9906,WISCONSIN,North Central,2023,25,0,0,0,0,0,0,0,0,0.130731389669801,-0.991417825013754,no
9907,WISCONSIN,North Central,2023,26,0,0,0,0,0,0,0,0,0.0106870218179092,-0.999942892151679,no
9908,WISCONSIN,North Central,2023,27,0,0,0,0,0,0,0,0,-0.109512129665869,-0.99398545937858,no
9909,WISCONSIN,North Central,2023,28,0,0,0,0,0,0,0,0,-0.228125181162749,-0.973631810141525,no
9910,WISCONSIN,North Central,2023,29,0,0,0,0,0,0,0,0,-0.343434221058743,-0.939176732998521,no
9911,WISCONSIN,North Central,2023,30,0,0,0,0,0,0,0,0,-0.453769190820369,-0.891119252099419,no
9912,WISCONSIN,North Central,2023,31,0,0,0,0,0,0,0,0,-0.557532072998533,-0.830155399655967,no
9913,WISCONSIN,North Central,2023,32,0,0,0,0,0,0,0,0,-0.653220035837834,-0.757168135079666,no
9914,WISCONSIN,North Central,2023,33,0,0,0,0,0,0,0,0,-0.739447199280337,-0.673214556791863,no
9915,WISCONSIN,North Central,2023,34,0,0,0,0,0,0,0,0,-0.814964707119669,-0.579510591921625,no
9916,WISCONSIN,North Central,2023,35,0,0,0,0,0,0,0,0,-0.878678814593855,-0.477413385635487,no
9917,WISCONSIN,North Central,2023,36,0,0,0,0,0,0,0,0,-0.929666729448389,-0.368401645160191,no
9918,WISCONSIN,North Central,2023,37,0,0,0,0,0,0,0,0,-0.96718997703823,-0.254054223182352,no
9919,WISCONSIN,North Central,2023,38,0,0,0,0,0,0,0,0,-0.990705095897581,-0.136027250808674,no
9920,WISCONSIN,North Central,2023,39,0,0,0,0,0,0,0,0,-0.999871508870024,-0.0160301512775393,no
9921,WISCONSIN,North Central,2023,40,0,0,0,0,0,0,0,0,-0.994556455798857,0.104199118176771,no
9922,WISCONSIN,North Central,2023,41,0,0,0,0,0,0,0,0,-0.97483691633585,0.222919237727053,no
9923,WISCONSIN,North Central,2023,42,0,0,0,0,0,0,0,0,-0.940998495019784,0.338410745057692,no
9924,WISCONSIN,North Central,2023,43,0,0,0,0,0,0,0,0,-0.893531284772509,0.449000938899674,no
9925,WISCONSIN,North Central,2023,44,0,0,0,0,0,0,0,0,-0.833122768722891,0.553088105310089,no
9926,WISCONSIN,North Central,2023,45,0,0,0,0,0,0,0,0,-0.760647863163829,0.649164715818952,no
9927,WISCONSIN,North Central,2023,46,0,0,0,0,0,0,0,0,-0.677156245853474,0.735839261457031,no
9928,WISCONSIN,North Central,2023,47,0,0,0,0,0,0,0,0,-0.583857153188981,0.811856406435312,no
9929,WISCONSIN,North Central,2023,48,0,0,0,0,0,0,0,0,-0.48210186644033,0.876115169583743,no
9930,WISCONSIN,North Central,2023,49,0,0,0,0,0,0,0,0,-0.373364140701786,0.927684870221573,no
9931,WISCONSIN,North Central,2023,50,0,0,0,0,0,0,0,0,-0.25921886001492,0.965818607510005,no
9932,WISCONSIN,North Central,2023,51,0,0,0,0,0,0,0,0,-0.141319227808016,0.989964078061293,no
9933,WISCONSIN,North Central,2023,52,0,0,0,0,0,0,0,0,-0.0213728230101764,0.999771575129327,no
9934,WISCONSIN,North Central,2024,1,0,0,0,0,0,0,0,0,0.120128619954843,0.992758336488667,no
9935,WISCONSIN,North Central,2024,2,0,0,0,0,0,0,0,0,0.238517377822098,0.97113822933549,no
9936,WISCONSIN,North Central,2024,3,0,0,0,0,0,0,0,0,0.353451610505767,0.935452809622634,no
9937,WISCONSIN,North Central,2024,4,0,0,0,0,0,0,0,0,0.463266687927793,0.886218920953741,no
9938,WISCONSIN,North Central,2024,5,0,0,0,0,0,0,0,0,0.566372122409852,0.824149633839001,no
9939,WISCONSIN,North Central,2024,6,0,0,0,0,0,0,0,0,0.661274604226529,0.750143918061759,no
9940,WISCONSIN,North Central,2024,7,0,0,0,0,0,0,0,0,0.746599629698408,0.665273622605165,no
9941,WISCONSIN,North Central,2024,8,0,0,0,0,0,0,0,0,0.821111408578364,0.570767951712827,no
9942,WISCONSIN,North Central,2024,9,0,0,0,0,0,0,0,0,0.883730762405837,0.467995661921774,no
9943,WISCONSIN,North Central,2024,10,0,0,0,0,0,0,0,0,0.933550754601395,0.358445237913918,no
9944,WISCONSIN,North Central,2024,11,0,0,0,0,0,0,0,0,0.969849825925805,0.243703334305638,no
9945,WISCONSIN,North Central,2024,12,0,0,0,0,0,0,0,0,0.992102245058455,0.125431795610095,no
9946,WISCONSIN,North Central,2024,13,0,0,0,0,0,0,0,0,0.999985722936002,0.00534358719969101,no
9947,WISCONSIN,North Central,2024,14,0,0,0,0,0,0,0,0,0.99338608057027,-0.1148220141316,no
9948,WISCONSIN,North Central,2024,15,0,0,0,0,0,0,0,0,0.972398902739873,-0.233324610682822,no
9949,WISCONSIN,North Central,2024,16,0,0,0,0,0,0,0,0,0.937328153604613,-0.348447890595089,no
9950,WISCONSIN,North Central,2024,17,0,0,0,0,0,0,0,0,0.888681774293145,-0.458524485757508,no
9951,WISCONSIN,North Central,2024,18,0,0,0,0,0,0,0,0,0.827164326225506,-0.561960120844802,no
9952,WISCONSIN,North Central,2024,19,0,0,0,0,0,0,0,0,0.75366678671966,-0.657256703728203,no
9953,WISCONSIN,North Central,2024,20,0,0,0,0,0,0,0,0,0.66925364467563,-0.743034022833669,no
9954,WISCONSIN,North Central,2024,21,0,0,0,0,0,0,0,0,0.575147483234652,-0.818049737197468,no
9955,WISCONSIN,North Central,2024,22,0,0,0,0,0,0,0,0,0.472711272707723,-0.881217369696629,no
9956,WISCONSIN,North Central,2024,23,0,0,0,0,0,0,0,0,0.363428630230867,-0.93162204285242,no
9957,WISCONSIN,North Central,2024,24,0,0,0,0,0,0,0,0,0.248882332052978,-0.968533729300055,no
9958,WISCONSIN,North Central,2024,25,0,0,0,0,0,0,0,0,0.130731389669801,-0.991417825013754,no
9959,WISCONSIN,North Central,2024,26,0,0,0,0,0,0,0,0,0.0106870218179092,-0.999942892151679,no
9960,WISCONSIN,North Central,2024,27,0,0,0,0,0,0,0,0,-0.109512129665869,-0.99398545937858,no
9961,WISCONSIN,North Central,2024,28,0,0,0,0,0,0,0,0,-0.228125181162749,-0.973631810141525,no
9962,WISCONSIN,North Central,2024,29,0,0,0,0,0,0,0,0,-0.343434221058743,-0.939176732998521,no
9963,WISCONSIN,North Central,2024,30,0,0,0,0,0,0,0,0,-0.453769190820369,-0.891119252099419,no
9964,WISCONSIN,North Central,2024,31,0,0,0,0,0,0,0,0,-0.557532072998533,-0.830155399655967,no
9965,WISCONSIN,North Central,2024,32,0,0,0,0,0,0,0,0,-0.653220035837834,-0.757168135079666,no
9966,WISCONSIN,North Central,2024,33,0,0,0,0,0,0,0,0,-0.739447199280337,-0.673214556791863,no
9967,WISCONSIN,North Central,2024,34,0,0,0,0,0,0,0,0,-0.814964707119669,-0.579510591921625,no
9968,WISCONSIN,North Central,2024,35,0,0,0,0,0,0,0,0,-0.878678814593855,-0.477413385635487,no
9969,WISCONSIN,North Central,2024,36,0,0,0,0,0,0,0,0,-0.929666729448389,-0.368401645160191,no
9970,WISCONSIN,North Central,2024,37,0,0,0,0,0,0,0,0,-0.96718997703823,-0.254054223182352,no
9971,WISCONSIN,North Central,2024,38,0,0,0,0,0,0,0,0,-0.990705095897581,-0.136027250808674,no
9972,WISCONSIN,North Central,2024,39,0,0,0,0,0,0,0,0,-0.999871508870024,-0.0160301512775393,no
9973,WISCONSIN,North Central,2024,40,0,0,0,0,0,0,0,0,-0.994556455798857,0.104199118176771,no
9974,WISCONSIN,North Central,2024,41,0,0,0,0,0,0,0,0,-0.97483691633585,0.222919237727053,no
9975,WISCONSIN,North Central,2024,42,0,0,0,0,0,0,0,0,-0.940998495019784,0.338410745057692,no
9976,WISCONSIN,North Central,2024,43,0,0,0,0,0,0,0,0,-0.893531284772509,0.449000938899674,no
9977,WISCONSIN,North Central,2024,44,0,0,0,0,0,0,0,0,-0.833122768722891,0.553088105310089,no
9978,WISCONSIN,North Central,2024,45,0,0,0,0,0,0,0,0,-0.760647863163829,0.649164715818952,no
9979,WISCONSIN,North Central,2024,46,0,0,0,0,0,0,0,0,-0.677156245853474,0.735839261457031,no
9980,WISCONSIN,North Central,2024,47,0,0,0,0,0,0,0,0,-0.583857153188981,0.811856406435312,no
9981,WISCONSIN,North Central,2024,48,0,0,0,0,0,0,0,0,-0.48210186644033,0.876115169583743,no
9982,WISCONSIN,North Central,2024,49,0,0,0,0,0,0,0,0,-0.373364140701786,0.927684870221573,no
9983,WISCONSIN,North Central,2024,50,0,0,0,0,0,0,0,0,-0.25921886001492,0.965818607510005,no
9984,WISCONSIN,North Central,2024,51,0,0,0,0,0,0,0,0,-0.141319227808016,0.989964078061293,no
9985,WISCONSIN,North Central,2024,52,0,0,0,0,0,0,0,0,-0.0213728230101764,0.999771575129327,no
9986,WISCONSIN,North Central,2025,1,0,0,0,0,0,0,0,0,0.120128619954843,0.992758336488667,no
9987,WISCONSIN,North Central,2025,2,0,0,0,0,0,0,0,0,0.238517377822098,0.97113822933549,no
9988,WISCONSIN,North Central,2025,3,0,0,0,0,0,0,0,0,0.353451610505767,0.935452809622634,no
9989,WISCONSIN,North Central,2025,4,0,0,0,0,0,0,0,0,0.463266687927793,0.886218920953741,no
9990,WISCONSIN,North Central,2025,5,0,0,0,0,0,0,0,0,0.566372122409852,0.824149633839001,no
9991,WISCONSIN,North Central,2025,6,0,0,0,0,0,0,0,0,0.661274604226529,0.750143918061759,no
9992,WISCONSIN,North Central,2025,7,0,0,0,0,0,0,0,0,0.746599629698408,0.665273622605165,no
9993,WISCONSIN,North Central,2025,8,0,0,0,0,0,0,0,0,0.821111408578364,0.570767951712827,no
9994,WISCONSIN,North Central,2025,9,0,0,0,0,0,0,0,0,0.883730762405837,0.467995661921774,no
9995,WISCONSIN,North Central,2025,10,0,0,0,0,0,0,0,0,0.933550754601395,0.358445237913918,no
9996,WISCONSIN,North Central,2025,11,0,0,0,0,0,0,0,0,0.969849825925805,0.243703334305638,no
9997,WISCONSIN,North Central,2025,12,0,0,0,0,0,0,0,0,0.992102245058455,0.125431795610095,no
9998,WISCONSIN,North Central,2025,13,0,0,0,0,0,0,0,0,0.999985722936002,0.00534358719969101,no
9999,WISCONSIN,North Central,2025,14,0,0,0,0,0,0,0,0,0.99338608057027,-0.1148220141316,no
10000,WISCONSIN,North Central,2025,15,0,0,0,0,0,0,0,0,0.972398902739873,-0.233324610682822,no
10001,WISCONSIN,North Central,2025,16,0,0,0,0,0,0,0,0,0.937328153604613,-0.348447890595089,no
10002,WISCONSIN,North Central,2025,17,0,0,0,0,0,0,0,0,0.888681774293145,-0.458524485757508,no
10003,WISCONSIN,North Central,2025,18,0,0,0,0,0,0,0,0,0.827164326225506,-0.561960120844802,no
10004,WISCONSIN,North Central,2025,19,0,0,0,0,0,0,0,0,0.75366678671966,-0.657256703728203,no
10005,WISCONSIN,North Central,2025,20,0,0,0,0,0,0,0,0,0.66925364467563,-0.743034022833669,no
10006,WISCONSIN,North Central,2025,21,0,0,0,0,0,0,0,0,0.575147483234652,-0.818049737197468,no
10007,WISCONSIN,North Central,2025,22,0,0,0,0,0,0,0,0,0.472711272707723,-0.881217369696629,no
10008,WISCONSIN,North Central,2025,23,0,0,0,0,0,0,0,0,0.363428630230867,-0.93162204285242,no
10009,WISCONSIN,North Central,2025,24,0,0,0,0,0,0,0,0,0.248882332052978,-0.968533729300055,no
10010,WISCONSIN,North Central,2025,25,0,0,0,0,0,0,0,0,0.130731389669801,-0.991417825013754,no
10011,WISCONSIN,North Central,2025,26,0,0,0,0,0,0,0,0,0.0106870218179092,-0.999942892151679,no
10012,WISCONSIN,North Central,2025,27,0,0,0,0,0,0,0,0,-0.109512129665869,-0.99398545937858,no
10013,WISCONSIN,North Central,2025,28,0,0,0,0,0,0,0,0,-0.228125181162749,-0.973631810141525,no
10014,WISCONSIN,North Central,2025,29,0,0,0,0,0,0,0,0,-0.343434221058743,-0.939176732998521,no
10015,WISCONSIN,North Central,2025,30,0,0,0,0,0,0,0,0,-0.453769190820369,-0.891119252099419,no
10016,WISCONSIN,North Central,2025,31,0,0,0,0,0,0,0,0,-0.557532072998533,-0.830155399655967,no
10017,WISCONSIN,North Central,2025,32,0,0,0,0,0,0,0,0,-0.653220035837834,-0.757168135079666,no
10018,WISCONSIN,North Central,2025,33,0,0,0,0,0,0,0,0,-0.739447199280337,-0.673214556791863,no
10019,WISCONSIN,North Central,2025,34,0,0,0,0,0,0,0,0,-0.814964707119669,-0.579510591921625,no
10020,WISCONSIN,North Central,2025,35,0,0,0,0,0,0,0,0,-0.878678814593855,-0.477413385635487,no
10021,WISCONSIN,North Central,2025,36,0,0,0,0,0,0,0,0,-0.929666729448389,-0.368401645160191,no
10022,WISCONSIN,North Central,2025,37,0,0,0,0,0,0,0,0,-0.96718997703823,-0.254054223182352,no
10023,WISCONSIN,North Central,2025,38,0,0,0,0,0,0,0,0,-0.990705095897581,-0.136027250808674,no
10024,WISCONSIN,North Central,2025,39,0,0,0,0,0,0,0,0,-0.999871508870024,-0.0160301512775393,no
10025,WISCONSIN,North Central,2025,40,0,0,0,0,0,0,0,0,-0.994556455798857,0.104199118176771,no
10026,WISCONSIN,North Central,2025,41,0,0,0,0,0,0,0,0,-0.97483691633585,0.222919237727053,no
10027,WISCONSIN,North Central,2025,42,0,0,0,0,0,0,0,0,-0.940998495019784,0.338410745057692,no
10028,WISCONSIN,North Central,2025,43,0,0,0,0,0,0,0,0,-0.893531284772509,0.449000938899674,no
10029,WISCONSIN,North Central,2025,44,0,0,0,0,0,0,0,0,-0.833122768722891,0.553088105310089,no
10030,WISCONSIN,North Central,2025,45,0,0,0,0,0,0,0,0,-0.760647863163829,0.649164715818952,no
10031,WISCONSIN,North Central,2025,46,0,0,0,0,0,0,0,0,-0.677156245853474,0.735839261457031,no
10032,WISCONSIN,North Central,2025,47,0,0,0,0,0,0,0,0,-0.583857153188981,0.811856406435312,no
10033,WISCONSIN,North Central,2025,48,0,0,0,0,0,0,0,0,-0.48210186644033,0.876115169583743,no
10034,WISCONSIN,North Central,2025,49,0,0,0,0,0,0,0,0,-0.373364140701786,0.927684870221573,no
10035,WISCONSIN,North Central,2025,50,0,0,0,0,0,0,0,0,-0.25921886001492,0.965818607510005,no
10036,WISCONSIN,North Central,2025,51,0,0,0,0,0,0,0,0,-0.141319227808016,0.989964078061293,no
10037,WISCONSIN,North Central,2025,52,0,0,0,0,0,0,0,0,-0.0213728230101764,0.999771575129327,no
10038,WISCONSIN,North Central,2025,53,0,0,0,0,0,0,0,0,0.0988831313727152,0.995099053526797,no
10039,WYOMING,West,2022,9,0,0,0,0,0,0,0,0,0.883730762405837,0.467995661921774,no
10040,WYOMING,West,2022,10,0,0,0,0,0,0,0,0,0.933550754601395,0.358445237913918,no
10041,WYOMING,West,2022,11,0,0,0,0,0,0,0,0,0.969849825925805,0.243703334305638,no
10042,WYOMING,West,2022,12,0,0,0,0,0,0,0,0,0.992102245058455,0.125431795610095,no
10043,WYOMING,West,2022,13,0,0,0,0,0,0,0,0,0.999985722936002,0.00534358719969101,no
10044,WYOMING,West,2022,14,0,0,0,0,0,0,0,0,0.99338608057027,-0.1148220141316,no
10045,WYOMING,West,2022,15,0,0,0,0,0,0,0,0,0.972398902739873,-0.233324610682822,no
10046,WYOMING,West,2022,16,0,0,0,0,0,0,0,0,0.937328153604613,-0.348447890595089,no
10047,WYOMING,West,2022,17,0,0,0,0,0,0,0,0,0.888681774293145,-0.458524485757508,no
10048,WYOMING,West,2022,18,0,0,0,0,0,0,0,0,0.827164326225506,-0.561960120844802,no
10049,WYOMING,West,2022,19,0,0,0,0,0,0,0,0,0.75366678671966,-0.657256703728203,no
10050,WYOMING,West,2022,20,0,0,0,0,0,0,0,0,0.66925364467563,-0.743034022833669,no
10051,WYOMING,West,2022,21,0,0,0,0,0,0,0,0,0.575147483234652,-0.818049737197468,no
10052,WYOMING,West,2022,22,0,0,0,0,0,0,0,0,0.472711272707723,-0.881217369696629,no
10053,WYOMING,West,2022,23,0,0,0,0,0,0,0,0,0.363428630230867,-0.93162204285242,no
10054,WYOMING,West,2022,24,0,0,0,0,0,0,0,0,0.248882332052978,-0.968533729300055,no
10055,WYOMING,West,2022,25,0,0,0,0,0,0,0,0,0.130731389669801,-0.991417825013754,no
10056,WYOMING,West,2022,26,0,0,0,0,0,0,0,0,0.0106870218179092,-0.999942892151679,no
10057,WYOMING,West,2022,27,0,0,0,0,0,0,0,0,-0.109512129665869,-0.99398545937858,no
10058,WYOMING,West,2022,28,0,0,0,0,0,0,0,0,-0.228125181162749,-0.973631810141525,no
10059,WYOMING,West,2022,29,0,0,0,0,0,0,0,0,-0.343434221058743,-0.939176732998521,no
10060,WYOMING,West,2022,30,0,0,0,0,0,0,0,0,-0.453769190820369,-0.891119252099419,no
10061,WYOMING,West,2022,31,0,0,0,0,0,0,0,0,-0.557532072998533,-0.830155399655967,no
10062,WYOMING,West,2022,32,0,0,0,0,0,0,0,0,-0.653220035837834,-0.757168135079666,no
10063,WYOMING,West,2022,33,0,0,0,0,0,0,0,0,-0.739447199280337,-0.673214556791863,no
10064,WYOMING,West,2022,34,0,0,0,0,0,0,0,0,-0.814964707119669,-0.579510591921625,no
10065,WYOMING,West,2022,35,0,0,0,0,0,0,0,0,-0.878678814593855,-0.477413385635487,no
10066,WYOMING,West,2022,36,0,0,0,0,0,0,0,0,-0.929666729448389,-0.368401645160191,no
10067,WYOMING,West,2022,37,0,0,0,0,0,0,0,0,-0.96718997703823,-0.254054223182352,no
10068,WYOMING,West,2022,38,0,0,0,0,0,0,0,0,-0.990705095897581,-0.136027250808674,no
10069,WYOMING,West,2022,39,0,0,0,0,0,0,0,0,-0.999871508870024,-0.0160301512775393,no
10070,WYOMING,West,2022,40,0,0,0,0,0,0,0,0,-0.994556455798857,0.104199118176771,no
10071,WYOMING,West,2022,41,0,0,0,0,0,0,0,0,-0.97483691633585,0.222919237727053,no
10072,WYOMING,West,2022,42,0,0,0,0,0,0,0,0,-0.940998495019784,0.338410745057692,no
10073,WYOMING,West,2022,43,0,0,0,0,0,0,0,0,-0.893531284772509,0.449000938899674,no
10074,WYOMING,West,2022,44,0,0,0,0,0,0,0,0,-0.833122768722891,0.553088105310089,no
10075,WYOMING,West,2022,45,0,0,0,0,0,0,0,0,-0.760647863163829,0.649164715818952,no
10076,WYOMING,West,2022,46,0,0,0,0,0,0,0,0,-0.677156245853474,0.735839261457031,no
10077,WYOMING,West,2022,47,0,0,0,0,0,0,0,0,-0.583857153188981,0.811856406435312,no
10078,WYOMING,West,2022,48,0,0,0,0,0,0,0,0,-0.48210186644033,0.876115169583743,no
10079,WYOMING,West,2022,49,0,0,0,0,0,0,0,0,-0.373364140701786,0.927684870221573,no
10080,WYOMING,West,2022,50,0,0,0,0,0,0,0,0,-0.25921886001492,0.965818607510005,no
10081,WYOMING,West,2022,51,0,0,0,0,0,0,0,0,-0.141319227808016,0.989964078061293,no
10082,WYOMING,West,2022,52,0,0,0,0,0,0,0,0,-0.0213728230101764,0.999771575129327,no
10083,WYOMING,West,2023,1,0,0,0,0,0,0,0,0,0.120128619954843,0.992758336488667,no
10084,WYOMING,West,2023,2,0,0,0,0,0,0,0,0,0.238517377822098,0.97113822933549,no
10085,WYOMING,West,2023,3,0,0,0,0,0,0,0,0,0.353451610505767,0.935452809622634,no
10086,WYOMING,West,2023,4,0,0,0,0,0,0,0,0,0.463266687927793,0.886218920953741,no
10087,WYOMING,West,2023,5,0,0,0,0,0,0,0,0,0.566372122409852,0.824149633839001,no
10088,WYOMING,West,2023,6,0,0,0,0,0,0,0,0,0.661274604226529,0.750143918061759,no
10089,WYOMING,West,2023,7,0,0,0,0,0,0,0,0,0.746599629698408,0.665273622605165,no
10090,WYOMING,West,2023,8,0,0,0,0,0,0,0,0,0.821111408578364,0.570767951712827,no
10091,WYOMING,West,2023,9,0,0,0,0,0,0,0,0,0.883730762405837,0.467995661921774,no
10092,WYOMING,West,2023,10,0,0,0,0,0,0,0,0,0.933550754601395,0.358445237913918,no
10093,WYOMING,West,2023,11,0,0,0,0,0,0,0,0,0.969849825925805,0.243703334305638,no
10094,WYOMING,West,2023,12,0,0,0,0,0,0,0,0,0.992102245058455,0.125431795610095,no
10095,WYOMING,West,2023,13,0,0,0,0,0,0,0,0,0.999985722936002,0.00534358719969101,no
10096,WYOMING,West,2023,14,0,0,0,0,0,0,0,0,0.99338608057027,-0.1148220141316,no
10097,WYOMING,West,2023,15,0,0,0,0,0,0,0,0,0.972398902739873,-0.233324610682822,no
10098,WYOMING,West,2023,16,0,0,0,0,0,0,0,0,0.937328153604613,-0.348447890595089,no
10099,WYOMING,West,2023,17,0,0,0,0,0,0,0,0,0.888681774293145,-0.458524485757508,no
10100,WYOMING,West,2023,18,0,0,0,0,0,0,0,0,0.827164326225506,-0.561960120844802,no
10101,WYOMING,West,2023,19,0,0,0,0,0,0,0,0,0.75366678671966,-0.657256703728203,no
10102,WYOMING,West,2023,20,0,0,0,0,0,0,0,0,0.66925364467563,-0.743034022833669,no
10103,WYOMING,West,2023,21,0,0,0,0,0,0,0,0,0.575147483234652,-0.818049737197468,no
10104,WYOMING,West,2023,22,0,0,0,0,0,0,0,0,0.472711272707723,-0.881217369696629,no
10105,WYOMING,West,2023,23,0,0,0,0,0,0,0,0,0.363428630230867,-0.93162204285242,no
10106,WYOMING,West,2023,24,0,0,0,0,0,0,0,0,0.248882332052978,-0.968533729300055,no
10107,WYOMING,West,2023,25,0,0,0,0,0,0,0,0,0.130731389669801,-0.991417825013754,no
10108,WYOMING,West,2023,26,0,0,0,0,0,0,0,0,0.0106870218179092,-0.999942892151679,no
10109,WYOMING,West,2023,27,0,0,0,0,0,0,0,0,-0.109512129665869,-0.99398545937858,no
10110,WYOMING,West,2023,28,0,0,0,0,0,0,0,0,-0.228125181162749,-0.973631810141525,no
10111,WYOMING,West,2023,29,0,0,0,0,0,0,0,0,-0.343434221058743,-0.939176732998521,no
10112,WYOMING,West,2023,30,0,0,0,0,0,0,0,0,-0.453769190820369,-0.891119252099419,no
10113,WYOMING,West,2023,31,0,0,0,0,0,0,0,0,-0.557532072998533,-0.830155399655967,no
10114,WYOMING,West,2023,32,0,0,0,0,0,0,0,0,-0.653220035837834,-0.757168135079666,no
10115,WYOMING,West,2023,33,0,0,0,0,0,0,0,0,-0.739447199280337,-0.673214556791863,no
10116,WYOMING,West,2023,34,0,0,0,0,0,0,0,0,-0.814964707119669,-0.579510591921625,no
10117,WYOMING,West,2023,35,0,0,0,0,0,0,0,0,-0.878678814593855,-0.477413385635487,no
10118,WYOMING,West,2023,36,0,0,0,0,0,0,0,0,-0.929666729448389,-0.368401645160191,no
10119,WYOMING,West,2023,37,0,0,0,0,0,0,0,0,-0.96718997703823,-0.254054223182352,no
10120,WYOMING,West,2023,38,0,0,0,0,0,0,0,0,-0.990705095897581,-0.136027250808674,no
10121,WYOMING,West,2023,39,0,0,0,0,0,0,0,0,-0.999871508870024,-0.0160301512775393,no
10122,WYOMING,West,2023,40,0,0,0,0,0,0,0,0,-0.994556455798857,0.104199118176771,no
10123,WYOMING,West,2023,41,0,0,0,0,0,0,0,0,-0.97483691633585,0.222919237727053,no
10124,WYOMING,West,2023,42,0,0,0,0,0,0,0,0,-0.940998495019784,0.338410745057692,no
10125,WYOMING,West,2023,43,0,0,0,0,0,0,0,0,-0.893531284772509,0.449000938899674,no
10126,WYOMING,West,2023,44,0,0,0,0,0,0,0,0,-0.833122768722891,0.553088105310089,no
10127,WYOMING,West,2023,45,0,0,0,0,0,0,0,0,-0.760647863163829,0.649164715818952,no
10128,WYOMING,West,2023,46,0,0,0,0,0,0,0,0,-0.677156245853474,0.735839261457031,no
10129,WYOMING,West,2023,47,0,0,0,0,0,0,0,0,-0.583857153188981,0.811856406435312,no
10130,WYOMING,West,2023,48,0,0,0,0,0,0,0,0,-0.48210186644033,0.876115169583743,no
10131,WYOMING,West,2023,49,0,0,0,0,0,0,0,0,-0.373364140701786,0.927684870221573,no
10132,WYOMING,West,2023,50,0,0,0,0,0,0,0,0,-0.25921886001492,0.965818607510005,no
10133,WYOMING,West,2023,51,0,0,0,0,0,0,0,0,-0.141319227808016,0.989964078061293,no
10134,WYOMING,West,2023,52,0,0,0,0,0,0,0,0,-0.0213728230101764,0.999771575129327,no
10135,WYOMING,West,2024,1,0,0,0,0,0,0,0,0,0.120128619954843,0.992758336488667,no
10136,WYOMING,West,2024,2,0,0,0,0,0,0,0,0,0.238517377822098,0.97113822933549,no
10137,WYOMING,West,2024,3,0,0,0,0,0,0,0,0,0.353451610505767,0.935452809622634,no
10138,WYOMING,West,2024,4,0,0,0,0,0,0,0,0,0.463266687927793,0.886218920953741,no
10139,WYOMING,West,2024,5,0,0,0,0,0,0,0,0,0.566372122409852,0.824149633839001,no
10140,WYOMING,West,2024,6,0,0,0,0,0,0,0,0,0.661274604226529,0.750143918061759,no
10141,WYOMING,West,2024,7,0,0,0,0,0,0,0,0,0.746599629698408,0.665273622605165,no
10142,WYOMING,West,2024,8,0,0,0,0,0,0,0,0,0.821111408578364,0.570767951712827,no
10143,WYOMING,West,2024,9,0,0,0,0,0,0,0,0,0.883730762405837,0.467995661921774,no
10144,WYOMING,West,2024,10,0,0,0,0,0,0,0,0,0.933550754601395,0.358445237913918,no
10145,WYOMING,West,2024,11,0,0,0,0,0,0,0,0,0.969849825925805,0.243703334305638,no
10146,WYOMING,West,2024,12,0,0,0,0,0,0,0,0,0.992102245058455,0.125431795610095,no
10147,WYOMING,West,2024,13,0,0,0,0,0,0,0,0,0.999985722936002,0.00534358719969101,no
10148,WYOMING,West,2024,14,0,0,0,0,0,0,0,0,0.99338608057027,-0.1148220141316,no
10149,WYOMING,West,2024,15,0,0,0,0,0,0,0,0,0.972398902739873,-0.233324610682822,no
10150,WYOMING,West,2024,16,0,0,0,0,0,0,0,0,0.937328153604613,-0.348447890595089,no
10151,WYOMING,West,2024,17,0,0,0,0,0,0,0,0,0.888681774293145,-0.458524485757508,no
10152,WYOMING,West,2024,18,0,0,0,0,0,0,0,0,0.827164326225506,-0.561960120844802,no
10153,WYOMING,West,2024,19,0,0,0,0,0,0,0,0,0.75366678671966,-0.657256703728203,no
10154,WYOMING,West,2024,20,0,0,0,0,0,0,0,0,0.66925364467563,-0.743034022833669,no
10155,WYOMING,West,2024,21,0,0,0,0,0,0,0,0,0.575147483234652,-0.818049737197468,no
10156,WYOMING,West,2024,22,0,0,0,0,0,0,0,0,0.472711272707723,-0.881217369696629,no
10157,WYOMING,West,2024,23,0,0,0,0,0,0,0,0,0.363428630230867,-0.93162204285242,no
10158,WYOMING,West,2024,24,0,0,0,0,0,0,0,0,0.248882332052978,-0.968533729300055,no
10159,WYOMING,West,2024,25,0,0,0,0,0,0,0,0,0.130731389669801,-0.991417825013754,no
10160,WYOMING,West,2024,26,0,0,0,0,0,0,0,0,0.0106870218179092,-0.999942892151679,no
10161,WYOMING,West,2024,27,0,0,0,0,0,0,0,0,-0.109512129665869,-0.99398545937858,no
10162,WYOMING,West,2024,28,0,0,0,0,0,0,0,0,-0.228125181162749,-0.973631810141525,no
10163,WYOMING,West,2024,29,0,0,0,0,0,0,0,0,-0.343434221058743,-0.939176732998521,no
10164,WYOMING,West,2024,30,0,0,0,0,0,0,0,0,-0.453769190820369,-0.891119252099419,no
10165,WYOMING,West,2024,31,0,0,0,0,0,0,0,0,-0.557532072998533,-0.830155399655967,no
10166,WYOMING,West,2024,32,0,0,0,0,0,0,0,0,-0.653220035837834,-0.757168135079666,no
10167,WYOMING,West,2024,33,0,0,0,0,0,0,0,0,-0.739447199280337,-0.673214556791863,no
10168,WYOMING,West,2024,34,0,0,0,0,0,0,0,0,-0.814964707119669,-0.579510591921625,no
10169,WYOMING,West,2024,35,0,0,0,0,0,0,0,0,-0.878678814593855,-0.477413385635487,no
10170,WYOMING,West,2024,36,0,0,0,0,0,0,0,0,-0.929666729448389,-0.368401645160191,no
10171,WYOMING,West,2024,37,0,0,0,0,0,0,0,0,-0.96718997703823,-0.254054223182352,no
10172,WYOMING,West,2024,38,0,0,0,0,0,0,0,0,-0.990705095897581,-0.136027250808674,no
10173,WYOMING,West,2024,39,0,0,0,0,0,0,0,0,-0.999871508870024,-0.0160301512775393,no
10174,WYOMING,West,2024,40,0,0,0,0,0,0,0,0,-0.994556455798857,0.104199118176771,no
10175,WYOMING,West,2024,41,0,0,0,0,0,0,0,0,-0.97483691633585,0.222919237727053,no
10176,WYOMING,West,2024,42,0,0,0,0,0,0,0,0,-0.940998495019784,0.338410745057692,no
10177,WYOMING,West,2024,43,0,0,0,0,0,0,0,0,-0.893531284772509,0.449000938899674,no
10178,WYOMING,West,2024,44,0,0,0,0,0,0,0,0,-0.833122768722891,0.553088105310089,no
10179,WYOMING,West,2024,45,0,0,0,0,0,0,0,0,-0.760647863163829,0.649164715818952,no
10180,WYOMING,West,2024,46,0,0,0,0,0,0,0,0,-0.677156245853474,0.735839261457031,no
10181,WYOMING,West,2024,47,0,0,0,0,0,0,0,0,-0.583857153188981,0.811856406435312,no
10182,WYOMING,West,2024,48,0,0,0,0,0,0,0,0,-0.48210186644033,0.876115169583743,no
10183,WYOMING,West,2024,49,0,0,0,0,0,0,0,0,-0.373364140701786,0.927684870221573,no
10184,WYOMING,West,2024,50,0,0,0,0,0,0,0,0,-0.25921886001492,0.965818607510005,no
10185,WYOMING,West,2024,51,0,0,0,0,0,0,0,0,-0.141319227808016,0.989964078061293,no
10186,WYOMING,West,2024,52,0,0,0,0,0,0,0,0,-0.0213728230101764,0.999771575129327,no
10187,WYOMING,West,2025,1,0,0,0,0,0,0,0,0,0.120128619954843,0.992758336488667,no
10188,WYOMING,West,2025,2,0,0,0,0,0,0,0,0,0.238517377822098,0.97113822933549,no
10189,WYOMING,West,2025,3,0,0,0,0,0,0,0,0,0.353451610505767,0.935452809622634,no
10190,WYOMING,West,2025,4,0,0,0,0,0,0,0,0,0.463266687927793,0.886218920953741,no
10191,WYOMING,West,2025,5,0,0,0,0,0,0,0,0,0.566372122409852,0.824149633839001,no
10192,WYOMING,West,2025,6,0,0,0,0,0,0,0,0,0.661274604226529,0.750143918061759,no
10193,WYOMING,West,2025,7,0,0,0,0,0,0,0,0,0.746599629698408,0.665273622605165,no
10194,WYOMING,West,2025,8,0,0,0,0,0,0,0,0,0.821111408578364,0.570767951712827,no
10195,WYOMING,West,2025,9,0,0,0,0,0,0,0,0,0.883730762405837,0.467995661921774,no
10196,WYOMING,West,2025,10,0,0,0,0,0,0,0,0,0.933550754601395,0.358445237913918,no
10197,WYOMING,West,2025,11,0,0,0,0,0,0,0,0,0.969849825925805,0.243703334305638,no
10198,WYOMING,West,2025,12,0,0,0,0,0,0,0,0,0.992102245058455,0.125431795610095,no
10199,WYOMING,West,2025,13,0,0,0,0,0,0,0,0,0.999985722936002,0.00534358719969101,no
10200,WYOMING,West,2025,14,0,0,0,0,0,0,0,0,0.99338608057027,-0.1148220141316,no
10201,WYOMING,West,2025,15,0,0,0,0,0,0,0,0,0.972398902739873,-0.233324610682822,no
10202,WYOMING,West,2025,16,0,0,0,0,0,0,0,0,0.937328153604613,-0.348447890595089,no
10203,WYOMING,West,2025,17,0,0,0,0,0,0,0,0,0.888681774293145,-0.458524485757508,no
10204,WYOMING,West,2025,18,0,0,0,0,0,0,0,0,0.827164326225506,-0.561960120844802,no
10205,WYOMING,West,2025,19,0,0,0,0,0,0,0,0,0.75366678671966,-0.657256703728203,no
10206,WYOMING,West,2025,20,0,0,0,0,0,0,0,0,0.66925364467563,-0.743034022833669,no
10207,WYOMING,West,2025,21,0,0,0,0,0,0,0,0,0.575147483234652,-0.818049737197468,no
10208,WYOMING,West,2025,22,0,0,0,0,0,0,0,0,0.472711272707723,-0.881217369696629,no
10209,WYOMING,West,2025,23,0,0,0,0,0,0,0,0,0.363428630230867,-0.93162204285242,no
10210,WYOMING,West,2025,24,0,0,0,0,0,0,0,0,0.248882332052978,-0.968533729300055,no
10211,WYOMING,West,2025,25,0,0,0,0,0,0,0,0,0.130731389669801,-0.991417825013754,no
10212,WYOMING,West,2025,26,0,0,0,0,0,0,0,0,0.0106870218179092,-0.999942892151679,no
10213,WYOMING,West,2025,27,0,0,0,0,0,0,0,0,-0.109512129665869,-0.99398545937858,no
10214,WYOMING,West,2025,28,0,0,0,0,0,0,0,0,-0.228125181162749,-0.973631810141525,no
10215,WYOMING,West,2025,29,0,0,0,0,0,0,0,0,-0.343434221058743,-0.939176732998521,no
10216,WYOMING,West,2025,30,0,0,0,0,0,0,0,0,-0.453769190820369,-0.891119252099419,no
10217,WYOMING,West,2025,31,0,0,0,0,0,0,0,0,-0.557532072998533,-0.830155399655967,no
10218,WYOMING,West,2025,32,0,0,0,0,0,0,0,0,-0.653220035837834,-0.757168135079666,no
10219,WYOMING,West,2025,33,0,0,0,0,0,0,0,0,-0.739447199280337,-0.673214556791863,no
10220,WYOMING,West,2025,34,0,0,0,0,0,0,0,0,-0.814964707119669,-0.579510591921625,no
10221,WYOMING,West,2025,35,0,0,0,0,0,0,0,0,-0.878678814593855,-0.477413385635487,no
10222,WYOMING,West,2025,36,0,0,0,0,0,0,0,0,-0.929666729448389,-0.368401645160191,no
10223,WYOMING,West,2025,37,0,0,0,0,0,0,0,0,-0.96718997703823,-0.254054223182352,no
10224,WYOMING,West,2025,38,0,0,0,0,0,0,0,0,-0.990705095897581,-0.136027250808674,no
10225,WYOMING,West,2025,39,0,0,0,0,0,0,0,0,-0.999871508870024,-0.0160301512775393,no
10226,WYOMING,West,2025,40,0,0,0,0,0,0,0,0,-0.994556455798857,0.104199118176771,no
10227,WYOMING,West,2025,41,0,0,0,0,0,0,0,0,-0.97483691633585,0.222919237727053,no
10228,WYOMING,West,2025,42,0,0,0,0,0,0,0,0,-0.940998495019784,0.338410745057692,no
10229,WYOMING,West,2025,43,0,0,0,0,0,0,0,0,-0.893531284772509,0.449000938899674,no
10230,WYOMING,West,2025,44,0,0,0,0,0,0,0,0,-0.833122768722891,0.553088105310089,no
10231,WYOMING,West,2025,45,0,0,0,0,0,0,0,0,-0.760647863163829,0.649164715818952,no
10232,WYOMING,West,2025,46,0,0,0,0,0,0,0,0,-0.677156245853474,0.735839261457031,no
10233,WYOMING,West,2025,47,0,0,0,0,0,0,0,0,-0.583857153188981,0.811856406435312,no
10234,WYOMING,West,2025,48,0,0,0,0,0,0,0,0,-0.48210186644033,0.876115169583743,no
10235,WYOMING,West,2025,49,0,0,0,0,0,0,0,0,-0.373364140701786,0.927684870221573,no
10236,WYOMING,West,2025,50,0,0,0,0,0,0,0,0,-0.25921886001492,0.965818607510005,no
10237,WYOMING,West,2025,51,0,0,0,0,0,0,0,0,-0.141319227808016,0.989964078061293,no
10238,WYOMING,West,2025,52,0,0,0,0,0,0,0,0,-0.0213728230101764,0.999771575129327,no
10239,WYOMING,West,2025,53,0,0,0,0,0,0,0,0,0.0988831313727152,0.995099053526797,no
